review_id,product_id,product_name,brand,category,price_inr,rating,review_title,review_text,language,sentiment,aspects_mentioned,aspect_sentiments,verified_purchase,helpful_votes,review_date,word_count
R00001,P12,Kelto Gamer 16,Kelto,Laptop,72999,2,Excellent finish,The build quality turned out superb.,English,positive,build,build:positive,Yes,1,2024-10-12,6
R00002,P12,Kelto Gamer 16,Kelto,Laptop,72999,3,Romba nalla irukku,"Online la vaangunen. Overall speed waste, expect pannadhu kedaikala. Konjam apps open panna hang aagudhu. Anaalum build quality super ah work aagudhu. Build romba strong ah, premium feel irukku. Adhoda screen vera level, price ku nalla irukku. Confirm ah vaangalaam.",Tanglish,positive,performance;build;display,performance:negative;build:positive;display:positive,Yes,4,2024-10-12,40
R00003,P12,Kelto Gamer 16,Kelto,Laptop,72999,4,Highly recommended,"Loving the typing experience, it is impressive. Backlit keys are handy and the layout is well spaced. Also, the performance is impressive. Definitely recommend it!!",English,positive,keyboard;performance,keyboard:positive;performance:positive,No,19,2024-10-15,25
R00004,P12,Kelto Gamer 16,Kelto,Laptop,72999,5,Good buy,"Ordered this as a gift for my brother. Great value for money at this price. Loving the battery backup, it is fantastic. That said, display is average for this price. Definitely recommend it.",English,positive,value_for_money;battery;display,value_for_money:positive;battery:positive;display:neutral,Yes,5,2024-10-17,33
R00005,P12,Kelto Gamer 16,Kelto,Laptop,72999,4,Superb battery,"Got this during a sale. The support team was very helpful. Plus, the battery life turned out very good. One charge gets me through two days of noraml use. However, sadly the build quality is awful. Definitely recommend it.",English,positive,customer_service;battery;build,customer_service:positive;battery:positive;build:negative,Yes,2,2024-10-17,39
R00006,P12,Kelto Gamer 16,Kelto,Laptop,72999,4,Romba nalla irukku,"Sale la vaangunen. Display semma-ya irukku. Screen bright ah irukku, colours vivid ah theriyudhu. Adhoda build nalla irukku, no issues. Anaalum keyboard and trackpad avlo nalla illa. Keys mushy ah irukku, typing feel illa",Tanglish,positive,display;build;keyboard,display:positive;build:positive;keyboard:negative,Yes,2,2024-10-17,34
R00007,P12,Kelto Gamer 16,Kelto,Laptop,72999,4,Paravala,"sale la vaangunen. typing experience disappointing, ethirpaartha alavuku illa. keys mushy ah irukku, typing feel illa. anaalum build quality super ah work aagudhu. build romba strong ah, premium feel irukku.",Tanglish,neutral,keyboard;build,keyboard:negative;build:positive,Yes,4,2024-10-20,30
R00008,P16,Tunex Induction Cooktop,Tunex,Kitchen,2799,4,Excellent build,using it daily for a week. honestly the build quality is amazing for this price. feels sturdy and premium in hand. but the styling is decent but not outstanding. definitely recommend it. 😍,English,positive,build;design,build:positive;design:neutral,Yes,7,2024-10-21,33
R00009,P16,Tunex Induction Cooktop,Tunex,Kitchen,2799,4,Okay okay,"Online la vaangunen. Price paravala, average than. Price ku okay, vera option irundha paarunga.",Tanglish,neutral,value_for_money,value_for_money:neutral,Yes,4,2024-10-21,14
R00010,P12,Kelto Gamer 16,Kelto,Laptop,72999,1,Expected better,Bought this a month ago. Honestly the keyboard is below average for this price. Keys feel mushy and a few are misaligned. 😡,English,negative,keyboard,keyboard:negative,Yes,3,2024-10-22,23
R00011,P12,Kelto Gamer 16,Kelto,Laptop,72999,2,Poor quality,"The box was damaged when it arrived. That said, the processing speed is decent but not outstanding. Thinking of returning it. 😡",English,negative,delivery;performance,delivery:negative;performance:neutral,No,4,2024-10-24,22
R00012,P16,Tunex Induction Cooktop,Tunex,Kitchen,2799,5,Kaasu ku worth,"Power output super ah work aagudhu. Aprm noise level semma-ya irukku. Overall worth it, recommend pannalaam.",Tanglish,positive,power;noise,power:positive;noise:positive,Yes,5,2024-10-24,16
R00013,P12,Kelto Gamer 16,Kelto,Laptop,72999,5,Great display,"Loving the screen, it is excellent. Viewing angles are great and text is sharp. Plus, totally worth the price. Would buy again.",English,positive,display;value_for_money,display:positive;value_for_money:positive,No,7,2024-10-25,22
R00014,P12,Kelto Gamer 16,Kelto,Laptop,72999,5,Semma product,"Oru vaaram use pannitu review podren. Build super ah work aagudhu. Body romba durable ah theriyudhu. Keyboard vera level, price ku nalla irukku. Kaasu ku worth.",Tanglish,positive,build;keyboard,build:positive;keyboard:positive,Yes,4,2024-10-25,26
R00015,P16,Tunex Induction Cooktop,Tunex,Kitchen,2799,3,Average than,"styling normal ah irukku, special ah onnum illa",Tanglish,neutral,design,design:neutral,Yes,3,2024-10-25,8
R00016,P12,Kelto Gamer 16,Kelto,Laptop,72999,3,Disappointed,"Keyboard and trackpad disappointing, ethirpaartha alavuku illa. Aana display romba nalla irukku, worth it. Aana pa, battery romba mosam. Idhukku vera product vaangalaam",Tanglish,negative,keyboard;display;battery,keyboard:negative;display:positive;battery:negative,Yes,1,2024-10-27,23
R00017,P16,Tunex Induction Cooktop,Tunex,Kitchen,2799,1,Regret buying,The build turned out frustrating.,English,negative,build,build:negative,No,0,2024-10-27,5
R00018,P16,Tunex Induction Cooktop,Tunex,Kitchen,2799,1,Ethirpaartha alavuku illa,"Online la vaangunen. Build quality avlo nalla illa. Aana styling paravala, oru alavuku fine. Aana idha vida kammi price la nalla options irukku. Idhukku vera product vaangalaam.",Tanglish,negative,build;design;value_for_money,build:negative;design:neutral;value_for_money:negative,No,4,2024-10-28,27
R00019,P16,Tunex Induction Cooktop,Tunex,Kitchen,2799,4,Romba nalla irukku,Customer care udane help pannaanga. Adhoda kaasu ku ettha value. Confirm ah vaangalaam.,Tanglish,positive,customer_service;value_for_money,customer_service:positive;value_for_money:positive,Yes,1,2024-10-29,13
R00020,P12,Kelto Gamer 16,Kelto,Laptop,72999,4,Worth the money,"Got this during a sale. Loving the overall speed, it is impressive. The build quality is impressive. Solid body with no creaks or flex. Would buy again.",English,positive,performance;build,performance:positive;build:positive,Yes,0,2024-10-30,27
R00021,P12,Kelto Gamer 16,Kelto,Laptop,72999,3,Paravala,"friend recommend pannaan, vaangunen. performance romba mosam. romba heat aagi slow aagiduthu. anaalum build semma-ya irukku. build romba strong ah, premium feel irukku. discount la vaangina worth.",Tanglish,neutral,performance;build,performance:negative;build:positive,No,4,2024-10-30,27
R00022,P16,Tunex Induction Cooktop,Tunex,Kitchen,2799,1,Ethirpaartha alavuku illa,"sale la vaangunen. intha price ku worth illa, overpriced.",Tanglish,negative,value_for_money,value_for_money:negative,Yes,2,2024-10-30,9
R00023,P16,Tunex Induction Cooktop,Tunex,Kitchen,2799,5,Romba nalla irukku,"Friend recommend pannaan, vaangunen. Power output semma-ya irukku. Adhoda operating noise nalla irukku, no issues. Customer care udane help pannaanga. Overall worth it, recommend pannalaam.",Tanglish,positive,power;noise;customer_service,power:positive;noise:positive;customer_service:positive,Yes,1,2024-10-31,25
R00024,P16,Tunex Induction Cooktop,Tunex,Kitchen,2799,5,Loved it,"Ordered this as a gift for my brother. The styling turned out great. Colour and finish look really stylish. Also, the noise level turned out impressive. No rattling even at full speed.",English,positive,design;noise,design:positive;noise:positive,Yes,2,2024-11-01,32
R00025,P16,Tunex Induction Cooktop,Tunex,Kitchen,2799,5,Worth it bro,"Friend recommend pannaan, vaangunen. Power super ah work aagudhu. Seekiram heat aagudhu. Overall design vera level, price ku nalla irukku. Compact ah irukku, idam kammi ah edukkudhu.",Tanglish,positive,power;design,power:positive;design:positive,Yes,3,2024-11-01,27
R00026,P16,Tunex Induction Cooktop,Tunex,Kitchen,2799,5,Semma product,"sonna naal ku munnadiye vandhuduthu. anaalum build konjam problem ah irukku. oru vaaramla scratch vandhuduthu. aana pa, overall design super ah work aagudhu. confirm ah vaangalaam.",Tanglish,positive,delivery;build;design,delivery:positive;build:negative;design:positive,Yes,0,2024-11-02,26
R00027,P20,Orbix Fit Lite,Orbix,Fitness Band,1299,2,Not worth it,customer service was unhelpful and never repleid properly.,English,negative,customer_service,customer_service:negative,No,0,2024-11-05,8
R00028,P12,Kelto Gamer 16,Kelto,Laptop,72999,4,Worth the money,"Using it daily for three months. Great value for money at this price. However, display is fine, does the job. That said, delivery was quick and the packaging was neat.",English,positive,value_for_money;display;delivery,value_for_money:positive;display:neutral;delivery:positive,Yes,13,2024-11-06,30
R00029,P16,Tunex Induction Cooktop,Tunex,Kitchen,2799,5,Great power,Been using it for a week now. The power output turned out great. Handles tough jobs in seconds. The design turned out great. Colour and finish look really stylish.,English,positive,power;design,power:positive;design:positive,Yes,4,2024-11-06,29
R00030,P19,Vanta Watch Active,Vanta,Fitness Band,4999,5,Kaasu ku worth,"Screen super ah work aagudhu. Scroll romba smooth ah irukku. Adhoda app connectivity nalla irukku, no issues. App simple ah irukku, sync seekiram aagudhu.",Tanglish,positive,display;app,display:positive;app:positive,Yes,2,2024-11-07,24
R00031,P12,Kelto Gamer 16,Kelto,Laptop,72999,3,Mixed feelings,"Using it daily for three months. Keyboard and trackpad is really awful, quite disappointed. Backlight is too dim to be useful. However, loving the performance, it is superb. Handles everything I throw at it without slowing down.",English,neutral,keyboard;performance,keyboard:negative;performance:positive,Yes,2,2024-11-08,37
R00032,P12,Kelto Gamer 16,Kelto,Laptop,72999,3,Fine for basic use,"Delivery was quick and the packaging was neat. However, the keyboard and trackpad turned out underwhelming. Keys feel mushy and a few are misaligned. Fine, but there might be better options.",English,neutral,delivery;keyboard,delivery:positive;keyboard:negative,No,3,2024-11-08,31
R00033,P12,Kelto Gamer 16,Kelto,Laptop,72999,5,Good buy,"using it daily for two days. the keyboard is excellent. backlit keys are handy and the layout is well spaced. also, customer support resolved my query the same day. overall very happy with the purchase.",English,positive,keyboard;customer_service,keyboard:positive;customer_service:positive,Yes,3,2024-11-08,35
R00034,P12,Kelto Gamer 16,Kelto,Laptop,72999,1,Vaanga vendam,"Sale la vaangunen. Keyboard disappointing, ethirpaartha alavuku illa. Box damage ah vandhuchu. Aana pa, screen quality normal ah irukku, special ah onnum illa. Idhukku vera product vaangalaam.",Tanglish,negative,keyboard;delivery;display,keyboard:negative;delivery:negative;display:neutral,Yes,7,2024-11-10,27
R00035,P20,Orbix Fit Lite,Orbix,Fitness Band,1299,5,Great app connectivity,Bought this five months ago. The app is amazing.,English,positive,app,app:positive,Yes,2,2024-11-10,9
R00036,P11,Vanta Slim 3,Vanta,Laptop,34999,4,Worth it bro,"Friend recommend pannaan, vaangunen. Display vera level, price ku nalla irukku. Anaalum keyboard and trackpad avlo nalla illa. Aana performance super ah work aagudhu.",Tanglish,positive,display;keyboard;performance,display:positive;keyboard:negative;performance:positive,Yes,7,2024-11-11,24
R00037,P11,Vanta Slim 3,Vanta,Laptop,34999,4,Semma product,"Delivery fast ah vandhuchu, packing nalla irundhuchu. Adhoda performance romba nalla irukku, worth it. Anaalum keyboard and trackpad avlo nalla illa. Keys mushy ah irukku, typing feel illa. Romba santhosham.",Tanglish,positive,delivery;performance;keyboard,delivery:positive;performance:positive;keyboard:negative,Yes,15,2024-11-14,30
R00038,P12,Kelto Gamer 16,Kelto,Laptop,72999,5,Romba nalla irukku,"battery backup nalla irukku, no issues. oru charge la rendu naal odudhu. overall worth it, recommend pannalaam. 😍",Tanglish,positive,battery,battery:positive,Yes,2,2024-11-14,18
R00039,P16,Tunex Induction Cooktop,Tunex,Kitchen,2799,5,Vaangalaam,"power vera level, price ku nalla irukku. kadinamaana velaiyum seekiram mudikkudhu.",Tanglish,positive,power,power:positive,Yes,0,2024-11-14,11
R00040,P16,Tunex Induction Cooktop,Tunex,Kitchen,2799,2,Disappointing noise level,Ordered this as a gift for my brother. The noise level turned out bad. But honestly the power output is amazing for this price. Heats up quickly and holds the temperature. But sadly the finish is awful.,English,negative,noise;power;build,noise:negative;power:positive;build:negative,Yes,5,2024-11-14,37
R00041,P20,Orbix Fit Lite,Orbix,Fitness Band,1299,1,Expected better,"The battery is okay, nothing special. However, customer service was unhelpful and never replied properly. Thinking of returning it.",English,negative,battery;customer_service,battery:neutral;customer_service:negative,Yes,1,2024-11-15,19
R00042,P11,Vanta Slim 3,Vanta,Laptop,34999,5,Happy with this,"Ordered this as a gift for my brother. Battery is really superb, very happy with it.",English,positive,battery,battery:positive,Yes,0,2024-11-17,16
R00043,P11,Vanta Slim 3,Vanta,Laptop,34999,5,Excellent purchase,"Upgraded from my old one. Loving the display, it is great. Definitely recommend it.",English,positive,display,display:positive,Yes,12,2024-11-17,14
R00044,P11,Vanta Slim 3,Vanta,Laptop,34999,5,Good buy,"build quality is really impressive, very happy with it. feels sturdy and premium in hand. overall very happy with the purchase.",English,positive,build,build:positive,Yes,5,2024-11-18,21
R00045,P16,Tunex Induction Cooktop,Tunex,Kitchen,2799,1,Ethirpaartha alavuku illa,"Gift ku vaangunen, ippo use pannitu irukken. Operating noise konjam problem ah irukku. Speed kootinaa rattle sound varudhu",Tanglish,negative,noise,noise:negative,Yes,9,2024-11-19,18
R00046,P19,Vanta Watch Active,Vanta,Fitness Band,4999,3,Paravala,"Gift ku vaangunen, ippo use pannitu irukken. Companion app romba nalla irukku, worth it. App simple ah irukku, sync seekiram aagudhu. Aana delivery romba late ah vandhuchu. Basic use ku fine",Tanglish,neutral,app;delivery,app:positive;delivery:negative,Yes,9,2024-11-20,31
R00047,P11,Vanta Slim 3,Vanta,Laptop,34999,5,Highly recommended,Using it daily for a month. Arrived a day early and well packed. Go for it without a second thought.,English,positive,delivery,delivery:positive,No,0,2024-11-21,20
R00048,P12,Kelto Gamer 16,Kelto,Laptop,72999,3,Great finish,"Bought this two days ago. The build turned out fantastic. Finish is excellent and it looks durable. That said, performance is fine, does the job. Plus, the battery life is decent but not outstanding. Definitely recommend it. 👍",English,positive,build;performance;battery,build:positive;performance:neutral;battery:neutral,Yes,10,2024-11-21,38
R00049,P19,Vanta Watch Active,Vanta,Fitness Band,4999,5,Great product,Been using it for two weeks now. Honestly the screen quality is fantastic for this price. Viewing angles are great and text is sharp. Worth every rupee.,English,positive,display,display:positive,Yes,0,2024-11-21,27
R00050,P20,Orbix Fit Lite,Orbix,Fitness Band,1299,5,Very satisfied,Using it daily for two weeks. The tracking is excellent. Heart rate readings look consistent and accurate. Would buy again.,English,positive,tracking,tracking:positive,Yes,4,2024-11-21,20
R00051,P11,Vanta Slim 3,Vanta,Laptop,34999,4,Superb quality,"Build quality is average for this price. Display is neither great nor bad. That said, arrived a day early and well packed. Overall very happy with the purchase.",English,positive,build;display;delivery,build:neutral;display:neutral;delivery:positive,Yes,6,2024-11-22,28
R00052,P19,Vanta Watch Active,Vanta,Fitness Band,4999,5,Happy with this,Honestly the fit is fantastic for this price. Light enough to wear for hours without any pain. Would buy again.,English,positive,comfort,comfort:positive,Yes,6,2024-11-22,20
R00053,P20,Orbix Fit Lite,Orbix,Fitness Band,1299,5,Great app,"Been using it for two weeks now. Loving the app, it is solid. Notifications show up reliably on the band.",English,positive,app,app:positive,Yes,7,2024-11-23,20
R00054,P16,Tunex Induction Cooktop,Tunex,Kitchen,2799,4,Decent for the price,"Upgraded from my old one. Delivery was quick and the packaging was neat. However, finish is really bad, quite disappointed.",English,neutral,delivery;build,delivery:positive;build:negative,No,2,2024-11-24,20
R00055,P20,Orbix Fit Lite,Orbix,Fitness Band,1299,5,Excellent purchase,"App connectivity is really excellent, very happy with it. Plus, screen is really impressive, very happy with it. Viewing angles are great and text is sharp. Definitely recommend it.",English,positive,app;display,app:positive;display:positive,Yes,14,2024-11-24,29
R00056,P11,Vanta Slim 3,Vanta,Laptop,34999,5,Superb battery,Got this during a sale. The battery backup is superb.,English,positive,battery,battery:positive,Yes,0,2024-11-26,10
R00057,P11,Vanta Slim 3,Vanta,Laptop,34999,5,Vaangalaam,"Oru vaaram use pannitu review podren. Build vera level, price ku nalla irukku. Body romba durable ah theriyudhu. Adhoda customer care udane help pannaanga. Confirm ah vaangalaam",Tanglish,positive,build;customer_service,build:positive;customer_service:positive,Yes,3,2024-11-26,27
R00058,P11,Vanta Slim 3,Vanta,Laptop,34999,5,Super ah irukku,"battery super ah work aagudhu. overall speed vera level, price ku nalla irukku. adhoda screen nalla irukku, no issues. romba santhosham.",Tanglish,positive,battery;performance;display,battery:positive;performance:positive;display:positive,No,6,2024-11-27,21
R00059,P11,Vanta Slim 3,Vanta,Laptop,34999,1,Regret buying,Been using it for two weeks now. Overpriced for what you get.,English,negative,value_for_money,value_for_money:negative,No,2,2024-11-27,12
R00060,P11,Vanta Slim 3,Vanta,Laptop,34999,1,Regret buying,"Got this during a sale. Honestly the performance is terrible for this price. Hangs randomly and needs a restart. Plus, typing experience is really awful, quite disappointed. Expected much better for the price.",English,negative,performance;keyboard,performance:negative;keyboard:negative,Yes,11,2024-11-27,33
R00061,P09,Zephyr Air 14,Zephyr,Laptop,54999,1,Romba mosam,"overall speed waste, expect pannadhu kedaikala. konjam apps open panna hang aagudhu. screen konjam problem ah irukku. veyilla screen paakave mudiyala.",Tanglish,negative,performance;display,performance:negative;display:negative,Yes,1,2024-11-28,21
R00062,P16,Tunex Induction Cooktop,Tunex,Kitchen,2799,4,Loved it,"Power output is really below average, quite disappointed. However, arrived a day early and well packed. Also, totally worth the price. Worth every rupee.",English,positive,power;delivery;value_for_money,power:negative;delivery:positive;value_for_money:positive,Yes,3,2024-11-28,24
R00063,P20,Orbix Fit Lite,Orbix,Fitness Band,1299,5,Vaangalaam,"Screen quality semma-ya irukku. Scroll romba smooth ah irukku. Adhoda wearing comfort super ah work aagudhu. Romba light ah, fit um nalla irukku. Overall worth it, recommend pannalaam.",Tanglish,positive,display;comfort,display:positive;comfort:positive,Yes,0,2024-11-28,28
R00064,P19,Vanta Watch Active,Vanta,Fitness Band,4999,4,Value for money,"App is really excellent, very happy with it. Notifications show up reliably on the band!!",English,positive,app,app:positive,Yes,4,2024-11-29,15
R00065,P20,Orbix Fit Lite,Orbix,Fitness Band,1299,5,Very satisfied,"Loving the fit, it is superb. Cushions are soft and the fit is secure. Also, loving the app, it is amazing. Loving the tracking, it is impressive. Overall very happy with the purchase.",English,positive,comfort;app;tracking,comfort:positive;app:positive;tracking:positive,Yes,3,2024-11-29,33
R00066,P12,Kelto Gamer 16,Kelto,Laptop,72999,3,Okay okay,"Friend recommend pannaan, vaangunen. Keyboard romba mosam. Anaalum build quality super ah work aagudhu.",Tanglish,neutral,keyboard;build,keyboard:negative;build:positive,Yes,5,2024-11-30,14
R00067,P20,Orbix Fit Lite,Orbix,Fitness Band,1299,4,Semma product,"customer care okay than. anaalum step tracking romba nalla irukku, worth it. heart rate reading accurate ah varudhu.",Tanglish,positive,customer_service;tracking,customer_service:neutral;tracking:positive,Yes,0,2024-11-30,18
R00068,P09,Zephyr Air 14,Zephyr,Laptop,54999,5,Highly recommended,"Keyboard and trackpad is really great, very happy with it. Plus, the screen turned out superb. Scrolling feels buttery smooth. Also, loving the finish, it is excellent. Go for it without a second thought.",English,positive,keyboard;display;build,keyboard:positive;display:positive;build:positive,Yes,4,2024-12-02,34
R00069,P11,Vanta Slim 3,Vanta,Laptop,34999,4,Semma product,"Build quality okay okay, average than. Aana pa, support team romba helpful. Kaasu ku worth.",Tanglish,positive,build;customer_service,build:neutral;customer_service:positive,Yes,7,2024-12-02,15
R00070,P16,Tunex Induction Cooktop,Tunex,Kitchen,2799,4,Highly recommended,Build is neither great nor bad. But honestly the power output is very good for this price. Heats up quickly and holds the temperature.,English,positive,build;power,build:neutral;power:positive,No,7,2024-12-02,24
R00071,P16,Tunex Induction Cooktop,Tunex,Kitchen,2799,1,Disappointed,The build quality turned out terrible.,English,negative,build,build:negative,Yes,0,2024-12-02,6
R00072,P16,Tunex Induction Cooktop,Tunex,Kitchen,2799,3,Fine for basic use,"Build quality is fine, does the job. Wait for a discount before buying.",English,neutral,build,build:neutral,Yes,6,2024-12-02,13
R00073,P11,Vanta Slim 3,Vanta,Laptop,34999,2,Decent for the price,"Got this during a sale. Battery backup is really below average, quite disappointed. But overall speed is really superb, very happy with it. Handles everything I throw at it without slowing down. Fine, but there might be better options.",English,neutral,battery;performance,battery:negative;performance:positive,Yes,2,2024-12-03,39
R00074,P19,Vanta Watch Active,Vanta,Fitness Band,4999,5,Kaasu ku worth,"moonu maasam use pannitu review podren. tracking accuracy romba nalla irukku, worth it. steps count correct ah irukku.",Tanglish,positive,tracking,tracking:positive,Yes,4,2024-12-03,18
R00075,P09,Zephyr Air 14,Zephyr,Laptop,54999,3,Okay okay,"Screen disappointing, ethirpaartha alavuku illa. Veyilla screen paakave mudiyala. Aana pa, battery super ah work aagudhu. Aana build normal ah irukku, special ah onnum illa.",Tanglish,neutral,display;battery;build,display:negative;battery:positive;build:neutral,Yes,3,2024-12-04,25
R00076,P12,Kelto Gamer 16,Kelto,Laptop,72999,5,Semma product,"keyboard and trackpad nalla irukku, no issues. typing romba comfortable ah irukku. kaasu ku worth.",Tanglish,positive,keyboard,keyboard:positive,Yes,8,2024-12-04,15
R00077,P19,Vanta Watch Active,Vanta,Fitness Band,4999,2,Do not buy,"Customer support resolved my query the same day. However, tracking is really bad, quite disappointed. Plus, not worth the price at all.",English,negative,customer_service;tracking;value_for_money,customer_service:positive;tracking:negative;value_for_money:negative,Yes,6,2024-12-04,22
R00078,P09,Zephyr Air 14,Zephyr,Laptop,54999,5,Superb battery life,"The battery life is superb. Also, the display turned out solid. Plus, the typing experience is great. Typing feels comfortable with good key travel. Worth every rupee.",English,positive,battery;display;keyboard,battery:positive;display:positive;keyboard:positive,Yes,1,2024-12-05,27
R00079,P09,Zephyr Air 14,Zephyr,Laptop,54999,3,Decent for the price,"Bought this two days ago. Sadly the processing speed is disappointing. That said, loving the battery, it is impressive. Decent for the price, nothing special.",English,neutral,performance;battery,performance:negative;battery:positive,Yes,0,2024-12-05,25
R00080,P12,Kelto Gamer 16,Kelto,Laptop,72999,1,Bad keyboard,Purchased on a friend's suggestion. The keyboard is frustrating. Save your money,English,negative,keyboard,keyboard:negative,Yes,8,2024-12-05,12
R00081,P16,Tunex Induction Cooktop,Tunex,Kitchen,2799,3,Price ku okay,"Sale la vaangunen. Power waste, expect pannadhu kedaikala. Aana support team romba helpful.",Tanglish,neutral,power;customer_service,power:negative;customer_service:positive,Yes,1,2024-12-06,13
R00082,P20,Orbix Fit Lite,Orbix,Fitness Band,1299,5,Highly recommended,Ordered this as a gift for my brother. Honestly the step tracking is fantastic for this price. Sleep tracking gives useful details. Definitely recommend it.,English,positive,tracking,tracking:positive,Yes,1,2024-12-06,25
R00083,P20,Orbix Fit Lite,Orbix,Fitness Band,1299,3,Great product,"The tracking accuracy is okay, nothing special. That said, loving the companion app, it is fantastic. Notifications show up reliably on the band. Go for it without a second thought.",English,positive,tracking;app,tracking:neutral;app:positive,Yes,3,2024-12-06,30
R00084,P11,Vanta Slim 3,Vanta,Laptop,34999,2,Regret buying,"Been using it for six weeks now. Keyboard and trackpad is fine, does the job. However, delivery was delayed by a week.",English,negative,keyboard;delivery,keyboard:neutral;delivery:negative,Yes,2,2024-12-07,22
R00085,P16,Tunex Induction Cooktop,Tunex,Kitchen,2799,5,Romba nalla irukku,"Operating noise nalla irukku, no issues. Sound romba kammi, gavanikkave mudiyala. Aprm sonna naal ku munnadiye vandhuduthu. Kaasu ku worth.",Tanglish,positive,noise;delivery,noise:positive;delivery:positive,Yes,10,2024-12-08,20
R00086,P19,Vanta Watch Active,Vanta,Fitness Band,4999,5,Great product,"Upgraded from my old one. Loving the battery, it is very good. Barely drops overnight on standby. Definitely recommend it.",English,positive,battery,battery:positive,Yes,5,2024-12-08,20
R00087,P19,Vanta Watch Active,Vanta,Fitness Band,4999,5,Semma product,Moonu maasam use pannitu review podren. Battery life super ah work aagudhu. Oru charge la rendu naal odudhu. Confirm ah vaangalaam.,Tanglish,positive,battery,battery:positive,Yes,4,2024-12-08,21
R00088,P11,Vanta Slim 3,Vanta,Laptop,34999,4,Highly recommended,The display turned out great. Scrolling feels buttery smooth. Worth every rupee.,English,positive,display,display:positive,No,3,2024-12-09,12
R00089,P16,Tunex Induction Cooktop,Tunex,Kitchen,2799,4,Loved it,Ordered this as a gift for my brother. Great value for money at this price.,English,positive,value_for_money,value_for_money:positive,Yes,1,2024-12-10,15
R00090,P16,Tunex Induction Cooktop,Tunex,Kitchen,2799,3,Price ku okay,Price ku ok. Discount la vaangina worth.,Tanglish,neutral,value_for_money,value_for_money:neutral,Yes,12,2024-12-10,7
R00091,P20,Orbix Fit Lite,Orbix,Fitness Band,1299,5,Happy with this,Upgraded from my old one. The app connectivity is superb. Delivery was quick and the packaging was neat. 😍,English,positive,app;delivery,app:positive;delivery:positive,Yes,3,2024-12-10,19
R00092,P09,Zephyr Air 14,Zephyr,Laptop,54999,1,Disappointing typing experience,Honestly the keyboard is disappointing for this price.,English,negative,keyboard,keyboard:negative,No,7,2024-12-11,8
R00093,P09,Zephyr Air 14,Zephyr,Laptop,54999,5,Loved it,Great value for money at this price. Would buy again.,English,positive,value_for_money,value_for_money:positive,Yes,1,2024-12-11,10
R00094,P16,Tunex Induction Cooktop,Tunex,Kitchen,2799,3,Fine for basic use,Upgraded from my old one. Honestly the power output is very good for this price. Handles tough jobs in seconds. But honestly the finish is awful for this price. Plastic feels cheap and creaks when pressed.,English,neutral,power;build,power:positive;build:negative,Yes,6,2024-12-11,36
R00095,P16,Tunex Induction Cooktop,Tunex,Kitchen,2799,1,Vaanga vendam,"Friend recommend pannaan, vaangunen. Design waste, expect pannadhu kedaikala. Aprm finish disappointing, ethirpaartha alavuku illa. Operating noise waste, expect pannadhu kedaikala. Speed kootinaa rattle sound varudhu. Vaanga vendam nu solluven.",Tanglish,negative,design;build;noise,design:negative;build:negative;noise:negative,Yes,9,2024-12-11,30
R00096,P12,Kelto Gamer 16,Kelto,Laptop,72999,1,Romba mosam,"Oru maasam use pannitu review podren. Battery life avlo nalla illa. Oru naalaikku rendu thadava charge pannanum. Aprm keyboard and trackpad romba mosam. Aana finish paravala, oru alavuku fine. Return pannalaam nu irukken.",Tanglish,negative,battery;keyboard;build,battery:negative;keyboard:negative;build:neutral,Yes,1,2024-12-12,33
R00097,P11,Vanta Slim 3,Vanta,Laptop,34999,5,Kaasu ku worth,"Online la vaangunen. Display romba nalla irukku, worth it. Adhoda overall speed super ah work aagudhu. Games kooda smooth ah odudhu. Confirm ah vaangalaam.",Tanglish,positive,display;performance,display:positive;performance:positive,Yes,0,2024-12-13,24
R00098,P11,Vanta Slim 3,Vanta,Laptop,34999,4,Very satisfied,"Using it daily for two days. Customer support resolved my query the same day. However, screen is average for this price. Would buy again.",English,positive,customer_service;display,customer_service:positive;display:neutral,Yes,23,2024-12-14,24
R00099,P11,Vanta Slim 3,Vanta,Laptop,34999,3,Could be better,"Been using it for three months now. Battery backup is neither great nor bad. Fine, but there might be better options.",English,neutral,battery,battery:neutral,Yes,9,2024-12-14,21
R00100,P12,Kelto Gamer 16,Kelto,Laptop,72999,4,Does the job,"honestly the sceren quality is impressive for this price. viewing angles are great and text is sharp. that said, the typing experience turned out disappointing. keys feel mushy and a few are misaligned.",English,neutral,display;keyboard,display:positive;keyboard:negative,Yes,10,2024-12-14,33
R00101,P16,Tunex Induction Cooktop,Tunex,Kitchen,2799,5,Romba nalla irukku,"Sale la vaangunen. Noise level semma-ya irukku. Sound romba kammi, gavanikkave mudiyala. Confirm ah vaangalaam.",Tanglish,positive,noise,noise:positive,Yes,2,2024-12-14,15
R00102,P09,Zephyr Air 14,Zephyr,Laptop,54999,5,Great battery backup,Purchased on a friend's suggestion. The battery is excellent. Definitely recommend it.,English,positive,battery,battery:positive,Yes,3,2024-12-15,12
R00103,P16,Tunex Induction Cooktop,Tunex,Kitchen,2799,3,Expected better,"bought this two days ago. honestly the operating noise is awful for this price. makes a rattling noise at high speed. plus, the finish turned out bad. feels flimsy already. that said, loving the power output, it is superb. heats up quickly and holds the temperature. expected much better for the price",English,negative,noise;build;power,noise:negative;build:negative;power:positive,Yes,0,2024-12-15,52
R00104,P11,Vanta Slim 3,Vanta,Laptop,34999,4,Semma product,"Battery backup paravala, oru alavuku fine. Aana keyboard semma-ya irukku. Backlight keyboard useful ah irukku. Kaasu ku worth.",Tanglish,positive,battery;keyboard,battery:neutral;keyboard:positive,Yes,3,2024-12-16,18
R00105,P19,Vanta Watch Active,Vanta,Fitness Band,4999,1,Romba mosam,Screen quality konjam problem ah irukku. Veyilla screen paakave mudiyala. Return pannalaam nu irukken.,Tanglish,negative,display,display:negative,Yes,2,2024-12-17,14
R00106,P01,Zyra Nova 5G,Zyra,Smartphone,14999,5,Excellent purchase,"The camera is amazing. Plus, loving the screen quality, it is impressive. Scrolling feels buttery smooth. Go for it without a second thought.",English,positive,camera;display,camera:positive;display:positive,Yes,4,2024-12-18,23
R00107,P09,Zephyr Air 14,Zephyr,Laptop,54999,3,Fine for basic use,"Ordered this as a gift for my brother. The keyboard and trackpad is underwhelming. However, loving the battery life, it is impressive.",English,neutral,keyboard;battery,keyboard:negative;battery:positive,Yes,2,2024-12-18,22
R00108,P20,Orbix Fit Lite,Orbix,Fitness Band,1299,2,Vaanga vendam,"battery backup disappointing, ethirpaartha alavuku illa.",Tanglish,negative,battery,battery:negative,Yes,3,2024-12-18,6
R00109,P16,Tunex Induction Cooktop,Tunex,Kitchen,2799,5,Super ah irukku,"Friend recommend pannaan, vaangunen. Price ku romba worth. Romba santhosham.",Tanglish,positive,value_for_money,value_for_money:positive,Yes,3,2024-12-19,10
R00110,P01,Zyra Nova 5G,Zyra,Smartphone,14999,1,Vaanga vendam,"Sale la vaangunen. Battery waste, expect pannadhu kedaikala. Evening aagumbodhe charge theerndhu poiduthu.",Tanglish,negative,battery,battery:negative,Yes,0,2024-12-20,13
R00111,P01,Zyra Nova 5G,Zyra,Smartphone,14999,4,Romba nalla irukku,"Display nalla irukku, no issues. Screen bright ah irukku, colours vivid ah theriyudhu. Kaasu ku worth",Tanglish,positive,display,display:positive,Yes,12,2024-12-20,16
R00112,P11,Vanta Slim 3,Vanta,Laptop,34999,3,Could be better,The support team was very helpful. But the keyboard is below average. Keys feel mushy and a few are misaligned.,English,neutral,customer_service;keyboard,customer_service:positive;keyboard:negative,Yes,2,2024-12-20,20
R00113,P01,Zyra Nova 5G,Zyra,Smartphone,14999,3,"Okay, not great","The display is okay, nothing special.",English,neutral,display,display:neutral,No,0,2024-12-21,6
R00114,P19,Vanta Watch Active,Vanta,Fitness Band,4999,5,Vaangalaam,"Friend recommend pannaan, vaangunen. Fit nalla irukku, no issues. Romba light ah, fit um nalla irukku. Adhoda app connectivity romba nalla irukku, worth it!! 😍",Tanglish,positive,comfort;app,comfort:positive;app:positive,Yes,2,2024-12-21,25
R00115,P20,Orbix Fit Lite,Orbix,Fitness Band,1299,5,Kaasu ku worth,"companion app super ah work aagudhu. app simple ah irukku, sync seekiram aagudhu. confirm ah vaangalaam.",Tanglish,positive,app,app:positive,Yes,4,2024-12-21,16
R00116,P20,Orbix Fit Lite,Orbix,Fitness Band,1299,5,Romba nalla irukku,"Companion app romba nalla irukku, worth it. App simple ah irukku, sync seekiram aagudhu. Aprm battery backup vera level, price ku nalla irukku. Oru full day thaanga romba easy ah irukku.",Tanglish,positive,app;battery,app:positive;battery:positive,No,2,2024-12-21,31
R00117,P11,Vanta Slim 3,Vanta,Laptop,34999,2,Not worth it,"The performance is decent but not outstanding. That said, the battery life is underwhelming. Battery drops fast even when idle. Would not recommend.",English,negative,performance;battery,performance:neutral;battery:negative,Yes,4,2024-12-22,23
R00118,P11,Vanta Slim 3,Vanta,Laptop,34999,5,Semma product,"Gift ku vaangunen, ippo use pannitu irukken. Build quality romba nalla irukku, worth it. Body romba durable ah theriyudhu. Screen romba nalla irukku, worth it. Screen bright ah irukku, colours vivid ah theriyudhu.",Tanglish,positive,build;display,build:positive;display:positive,Yes,3,2024-12-22,33
R00119,P16,Tunex Induction Cooktop,Tunex,Kitchen,2799,5,Superb power output,"Purchased on a friend's suggestion. The power is excellent. Plenty of power for daily cooking. Plus, operating noise is really impressive, very happy with it. Much quieter than my previous one. Definitely recommend it!!",English,positive,power;noise,power:positive;noise:positive,Yes,1,2024-12-22,34
R00120,P01,Zyra Nova 5G,Zyra,Smartphone,14999,3,"Okay, not great","Battery backup is really solid, very happy with it. However, the processing speed is terrible. Hangs randomly and needs a restart. Fine, but there might be better options.",English,neutral,battery;performance,battery:positive;performance:negative,Yes,4,2024-12-23,28
R00121,P09,Zephyr Air 14,Zephyr,Laptop,54999,4,Worth the money,"Arrived a day early and well packed. However, the typing experience is okay, nothing special. Overall very happy with the purchase.",English,positive,delivery;keyboard,delivery:positive;keyboard:neutral,No,4,2024-12-23,21
R00122,P11,Vanta Slim 3,Vanta,Laptop,34999,5,Highly recommended,"Arrived a day early and well packed. Also, great value for money at this price. Also, the screen quality is excellent.",English,positive,delivery;value_for_money;display,delivery:positive;value_for_money:positive;display:positive,Yes,9,2024-12-23,21
R00123,P12,Kelto Gamer 16,Kelto,Laptop,72999,5,Worth the money,Honestly the screen is solid for this price. Scrolling feels buttery smooth. Delivery was quick and the packaging was neat. Go for it without a second thought.,English,positive,display;delivery,display:positive;delivery:positive,Yes,4,2024-12-23,27
R00124,P16,Tunex Induction Cooktop,Tunex,Kitchen,2799,4,Great power output,"Bought this five months ago. Price is fair, neither cheap nor expensive. But the power is great. Plenty of power for daily cooking. Definitely recommend it.",English,positive,value_for_money;power,value_for_money:neutral;power:positive,Yes,2,2024-12-24,26
R00125,P16,Tunex Induction Cooktop,Tunex,Kitchen,2799,3,Great product,"Purchased on a friend's suggestion. Arrived a day early and well packed. But styling is really below average, quite disappointed. Looks nice in photos but dated in person. But the power output turned out very good.",English,positive,delivery;design;power,delivery:positive;design:negative;power:positive,Yes,10,2024-12-24,36
R00126,P01,Zyra Nova 5G,Zyra,Smartphone,14999,3,Paravala,"Sale la vaangunen. Camera waste, expect pannadhu kedaikala. Low light la photo blur ah varudhu. Aana sonna naal ku munnadiye vandhuduthu",Tanglish,neutral,camera;delivery,camera:negative;delivery:positive,Yes,1,2024-12-25,21
R00127,P01,Zyra Nova 5G,Zyra,Smartphone,14999,5,Vaangalaam,"screen quality vera level, price ku nalla irukku. battery semma-ya irukku. oru full day thaanga romba easy ah irukku. confirm ah vaangalaam.",Tanglish,positive,display;battery,display:positive;battery:positive,Yes,5,2024-12-25,22
R00128,P11,Vanta Slim 3,Vanta,Laptop,34999,3,Decent for the price,"The typing experience turned out great. Typing feels comfortable with good key travel. That said, the build is underwhelming. Plastic feels cheap and creaks when pressed.",English,neutral,keyboard;build,keyboard:positive;build:negative,Yes,1,2024-12-25,26
R00129,P16,Tunex Induction Cooktop,Tunex,Kitchen,2799,5,Superb quality,The power output turned out impressive. Worth every rupee.,English,positive,power,power:positive,Yes,12,2024-12-25,9
R00130,P20,Orbix Fit Lite,Orbix,Fitness Band,1299,1,Disappointed,Battery life romba mosam. Oru naalaikku rendu thadava charge pannanum.,Tanglish,negative,battery,battery:negative,No,2,2024-12-25,10
R00131,P09,Zephyr Air 14,Zephyr,Laptop,54999,5,Super ah irukku,"online la vaangunen. kaasu ku ettha value. finish vera level, price ku nalla irukku. body romba durable ah theriyudhu. confirm ah vaangalaam.",Tanglish,positive,value_for_money;build,value_for_money:positive;build:positive,Yes,2,2024-12-26,22
R00132,P09,Zephyr Air 14,Zephyr,Laptop,54999,5,Semma product,"Gift ku vaangunen, ippo use pannitu irukken. Battery life super ah work aagudhu. Oru full day thaanga romba easy ah irukku. Delivery fast ah vandhuchu, packing nalla irundhuchu. Confirm ah vaangalaam.",Tanglish,positive,battery;delivery,battery:positive;delivery:positive,Yes,2,2024-12-26,31
R00133,P11,Vanta Slim 3,Vanta,Laptop,34999,4,Great performance,"Ordered this as a gift for my brother. Packaging was okay. That said, loving the processing speed, it is solid. Overall very happy with the purchase.",English,positive,delivery;performance,delivery:neutral;performance:positive,Yes,5,2024-12-26,26
R00134,P20,Orbix Fit Lite,Orbix,Fitness Band,1299,5,Worth the money,"Upgraded from my old one. You get a lot for the money. Wearing comfort is really impressive, very happy with it. Go for it without a second thought.",English,positive,value_for_money;comfort,value_for_money:positive;comfort:positive,Yes,9,2024-12-26,28
R00135,P09,Zephyr Air 14,Zephyr,Laptop,54999,5,Highly recommended,"Ordered this as a gift for my brother. The processing speed is fantastic. No lag even with heavy games running. Also, totally worth the price.",English,positive,performance;value_for_money,performance:positive;value_for_money:positive,Yes,5,2024-12-27,25
R00136,P19,Vanta Watch Active,Vanta,Fitness Band,4999,5,Superb battery life,"Honestly the battery is superb for this price. Barely drops overnight on standby. Plus, arrived a day early and well packed. Would buy again.",English,positive,battery;delivery,battery:positive;delivery:positive,No,1,2024-12-27,24
R00137,P16,Tunex Induction Cooktop,Tunex,Kitchen,2799,4,Great power,"The power output turned out solid. Handles tough jobs in seconds. The noise level is amazing. Runs very quietly, barely noticeable. Definitely recommend it.",English,positive,power;noise,power:positive;noise:positive,Yes,2,2024-12-28,24
R00138,P01,Zyra Nova 5G,Zyra,Smartphone,14999,3,Average than,"Fast charging disappointing, ethirpaartha alavuku illa. Charge pannumbodhu romba heat aagudhu. Anaalum delivery fast ah vandhuchu, packing nalla irundhuchu.",Tanglish,neutral,charging;delivery,charging:negative;delivery:positive,Yes,4,2024-12-29,19
R00139,P01,Zyra Nova 5G,Zyra,Smartphone,14999,5,Semma product,"Moonu maasam use pannitu review podren. Screen quality vera level, price ku nalla irukku. Overall worth it, recommend pannalaam.",Tanglish,positive,display,display:positive,Yes,1,2024-12-29,19
R00140,P01,Zyra Nova 5G,Zyra,Smartphone,14999,3,Okay okay,"gift ku vaangunen, ippo use pannitu irukken. photo quality vera level, price ku nalla irukku. photos clear ah, colour um nalla varudhu. aana battery life konjam problem ah irukku. basic use ku fine.",Tanglish,neutral,camera;battery,camera:positive;battery:negative,Yes,3,2024-12-30,33
R00141,P11,Vanta Slim 3,Vanta,Laptop,34999,5,Vaangalaam,"Gift ku vaangunen, ippo use pannitu irukken. Delivery fast ah vandhuchu, packing nalla irundhuchu.",Tanglish,positive,delivery,delivery:positive,Yes,4,2024-12-30,14
R00142,P12,Kelto Gamer 16,Kelto,Laptop,72999,5,Vaangalaam,"gift ku vaangunen, ippo use pannitu irukken. build quality romba nalla irukku, worth it!!",Tanglish,positive,build,build:positive,Yes,4,2024-12-30,14
R00143,P01,Zyra Nova 5G,Zyra,Smartphone,14999,4,Romba nalla irukku,"Screen romba nalla irukku, worth it!!",Tanglish,positive,display,display:positive,Yes,2,2024-12-31,6
R00144,P01,Zyra Nova 5G,Zyra,Smartphone,14999,3,Paravala,"charging speed romba nalla irukku, worth it. fast charging nijamave fast ah irukku. aana processing speed romba mosam. basic use ku fine",Tanglish,neutral,charging;performance,charging:positive;performance:negative,Yes,4,2024-12-31,22
R00145,P19,Vanta Watch Active,Vanta,Fitness Band,4999,1,Waste of money,The tracking accuracy turned out disappointing. Heart rate readings jump around randomly. Expected much better for the price.,English,negative,tracking,tracking:negative,Yes,5,2025-01-01,18
R00146,P01,Zyra Nova 5G,Zyra,Smartphone,14999,5,Romba nalla irukku,"friend recommend pannaan, vaangunen. delivery fast ah vandhuchu, packing nalla irundhuchu. adhoda overall speed nalla irukku, no issues. overall worth it, recommend pannalaam!!",Tanglish,positive,delivery;performance,delivery:positive;performance:positive,Yes,2,2025-01-02,23
R00147,P09,Zephyr Air 14,Zephyr,Laptop,54999,4,Excellent keyboard and trackpad,Honestly the keyboard is excellent for this price. Long typing sessions are no problem. Would buy again.,English,positive,keyboard,keyboard:positive,Yes,1,2025-01-02,17
R00148,P10,Orbix ProBook 15,Orbix,Laptop,45999,4,Super ah irukku,"gift ku vaangunen, ippo use pannitu irukken. build quality nalla irukku, no issues. build romba strong ah, premium feel irukku. anaalum price paravala, average than. anaalum screen nalla irukku, no issues. scroll romba smooth ah irukku.",Tanglish,positive,build;value_for_money;display,build:positive;value_for_money:neutral;display:positive,Yes,4,2025-01-02,36
R00149,P11,Vanta Slim 3,Vanta,Laptop,34999,2,Ethirpaartha alavuku illa,"keyboard konjam problem ah irukku. aana pa, battery backup normal ah irukku, special ah onnum illa. aprm screen quality okay okay, average than.",Tanglish,negative,keyboard;battery;display,keyboard:negative;battery:neutral;display:neutral,Yes,1,2025-01-02,23
R00150,P10,Orbix ProBook 15,Orbix,Laptop,45999,1,Paisa waste,Sale la vaangunen. Delivery romba late ah vandhuchu.,Tanglish,negative,delivery,delivery:negative,Yes,1,2025-01-03,8
R00151,P09,Zephyr Air 14,Zephyr,Laptop,54999,1,Not as expected,Honestly the overall speed is bad for this price. Regret buying this.,English,negative,performance,performance:negative,Yes,0,2025-01-04,12
R00152,P09,Zephyr Air 14,Zephyr,Laptop,54999,3,Mixed feelings,"Upgraded from my old one. Loving the screen quality, it is very good. But the finish is frustrating. But priced about right for what it offers. Okay for basic use.",English,neutral,display;build;value_for_money,display:positive;build:negative;value_for_money:neutral,Yes,7,2025-01-04,30
R00153,P20,Orbix Fit Lite,Orbix,Fitness Band,1299,5,Vaangalaam,"Friend recommend pannaan, vaangunen. Fit super ah work aagudhu.",Tanglish,positive,comfort,comfort:positive,Yes,2,2025-01-04,9
R00154,P09,Zephyr Air 14,Zephyr,Laptop,54999,5,Great keyboard,"Ordered this as a gift for my brother. Loving the keyboard, it is great. Long typing sessions are no problem. The display turned out impressive. Viewing angles are great and text is sharp. Overall very happy with the purchase.",English,positive,keyboard;display,keyboard:positive;display:positive,Yes,1,2025-01-05,39
R00155,P12,Kelto Gamer 16,Kelto,Laptop,72999,5,Excellent purchase,Honestly the build quality is fantastic for this price. Feels sturdy and premium in hand. Worth every rupee.,English,positive,build,build:positive,Yes,1,2025-01-05,18
R00156,P20,Orbix Fit Lite,Orbix,Fitness Band,1299,1,Poor battery,"Bought this two days ago. Honestly the battery backup is underwhelming for this price. Also, the comfort turned out poor. Expected much better for the price",English,negative,battery;comfort,battery:negative;comfort:negative,No,2,2025-01-05,26
R00157,P12,Kelto Gamer 16,Kelto,Laptop,72999,1,Disappointed,"Oru vaaram use pannitu review podren. Battery life romba mosam. Evening aagumbodhe charge theerndhu poiduthu. Adhoda keyboard konjam problem ah irukku. Keys mushy ah irukku, typing feel illa. Idhukku vera product vaangalaam.",Tanglish,negative,battery;keyboard,battery:negative;keyboard:negative,Yes,0,2025-01-06,32
R00158,P10,Orbix ProBook 15,Orbix,Laptop,45999,5,Kaasu ku worth,"Processing speed semma-ya irukku. Aprm battery backup romba nalla irukku, worth it. Oru charge la rendu naal odudhu.",Tanglish,positive,performance;battery,performance:positive;battery:positive,Yes,1,2025-01-07,18
R00159,P10,Orbix ProBook 15,Orbix,Laptop,45999,4,Kaasu ku worth,"Friend recommend pannaan, vaangunen. Overall speed konjam problem ah irukku. Aana pa, intha price ku semma product. Adhoda support team romba helpful. Overall worth it, recommend pannalaam.",Tanglish,positive,performance;value_for_money;customer_service,performance:negative;value_for_money:positive;customer_service:positive,Yes,1,2025-01-07,27
R00160,P12,Kelto Gamer 16,Kelto,Laptop,72999,3,Excellent purchase,"Delivery was quick and the packaging was neat. Plus, keyboard is really reliable, very happy with it. But the performance turned out bad. Heats up and slows down after some time.",English,positive,delivery;keyboard;performance,delivery:positive;keyboard:positive;performance:negative,Yes,0,2025-01-07,31
R00161,P01,Zyra Nova 5G,Zyra,Smartphone,14999,3,Mixed feelings,"Upgraded from my old one. Honestly the processing speed is terrible for this price. Hangs randomly and needs a restart. However, the camera quality is excellent. Decent for the price, nothing special.",English,neutral,performance;camera,performance:negative;camera:positive,Yes,11,2025-01-08,32
R00162,P09,Zephyr Air 14,Zephyr,Laptop,54999,1,Vaanga vendam,Processing speed konjam problem ah irukku. Konjam apps open panna hang aagudhu.,Tanglish,negative,performance,performance:negative,Yes,0,2025-01-08,12
R00163,P10,Orbix ProBook 15,Orbix,Laptop,45999,5,Vaangalaam,"Battery life super ah work aagudhu. Adhoda screen vera level, price ku nalla irukku. Screen bright ah irukku, colours vivid ah theriyudhu",Tanglish,positive,battery;display,battery:positive;display:positive,Yes,0,2025-01-08,22
R00164,P12,Kelto Gamer 16,Kelto,Laptop,72999,1,Waste of money,"The keyboard turned out poor. Plus, the overall speed is underwhelming. Regret buying this.",English,negative,keyboard;performance,keyboard:negative;performance:negative,Yes,2,2025-01-08,14
R00165,P12,Kelto Gamer 16,Kelto,Laptop,72999,1,Paisa waste,online la vaangunen. battery life avlo nalla illa. evening aagumbodhe charge theerndhu poiduthu. return pannalaam nu irukken.,Tanglish,negative,battery,battery:negative,Yes,0,2025-01-08,17
R00166,P01,Zyra Nova 5G,Zyra,Smartphone,14999,3,Highly recommended,"Bought this five months ago. Arrived a day early and well packed. Plus, the display turned out very good. Scrolling feels buttery smooth. However, sadly the battery is frustrating. Overall very happy with the purchase.",English,positive,delivery;display;battery,delivery:positive;display:positive;battery:negative,Yes,6,2025-01-09,35
R00167,P10,Orbix ProBook 15,Orbix,Laptop,45999,2,Ethirpaartha alavuku illa,"Battery backup waste, expect pannadhu kedaikala. Evening aagumbodhe charge theerndhu poiduthu. Aana pa, price ku ok. Idhukku vera product vaangalaam.",Tanglish,negative,battery;value_for_money,battery:negative;value_for_money:neutral,Yes,3,2025-01-09,20
R00168,P12,Kelto Gamer 16,Kelto,Laptop,72999,4,Loved it,Processing speed is neither great nor bad. But the battery turned out reliable. One charge gets me through two days of normal use. The finish is excellent. Overall very happy with the purchase.,English,positive,performance;battery;build,performance:neutral;battery:positive;build:positive,Yes,7,2025-01-09,33
R00169,P12,Kelto Gamer 16,Kelto,Laptop,72999,5,Semma product,"Display nalla irukku, no issues. Screen bright ah irukku, colours vivid ah theriyudhu. Confirm ah vaangalaam.",Tanglish,positive,display,display:positive,Yes,1,2025-01-09,16
R00170,P19,Vanta Watch Active,Vanta,Fitness Band,4999,3,Ethirpaartha alavuku illa,"price paravala, average than. adhoda customer care okay than. aana pa, screen quality disappointing, ethirpaartha alavuku illa. colour dull ah theriyudhu.",Tanglish,negative,value_for_money;customer_service;display,value_for_money:neutral;customer_service:neutral;display:negative,Yes,1,2025-01-09,21
R00171,P01,Zyra Nova 5G,Zyra,Smartphone,14999,2,Romba mosam,"Support team help pannala, waste. Aana display normal ah irukku, special ah onnum illa. Return pannalaam nu irukken.",Tanglish,negative,customer_service;display,customer_service:negative;display:neutral,Yes,0,2025-01-10,18
R00172,P01,Zyra Nova 5G,Zyra,Smartphone,14999,3,Decent for the price,"Ordered this as a gift for my brother. Overall speed is really poor, quite disappointed. Lags badly when a few apps are open. That said, the screen quality is impressive",English,neutral,performance;display,performance:negative;display:positive,Yes,4,2025-01-10,30
R00173,P10,Orbix ProBook 15,Orbix,Laptop,45999,4,Kaasu ku worth,"Keyboard super ah work aagudhu. Aana performance disappointing, ethirpaartha alavuku illa. Anaalum sonna naal ku munnadiye vandhuduthu. Confirm ah vaangalaam.",Tanglish,positive,keyboard;performance;delivery,keyboard:positive;performance:negative;delivery:positive,Yes,1,2025-01-10,20
R00174,P16,Tunex Induction Cooktop,Tunex,Kitchen,2799,5,Excellent styling,Upgraded from my old one. Honestly the overall design is great for this price. Looks elegant and fits well in my kitchen.,English,positive,design,design:positive,Yes,0,2025-01-10,22
R00175,P20,Orbix Fit Lite,Orbix,Fitness Band,1299,5,Superb battery backup,"Loving the battery, it is amazing. One charge gets me through two days of normal use. 😍",English,positive,battery,battery:positive,No,3,2025-01-10,17
R00176,P01,Zyra Nova 5G,Zyra,Smartphone,14999,1,Not as expected,Using it daily for three months. The overall speed is awful. Hangs randomly and needs a restart.,English,negative,performance,performance:negative,Yes,5,2025-01-11,17
R00177,P10,Orbix ProBook 15,Orbix,Laptop,45999,4,Super ah irukku,"Moonu maasam use pannitu review podren. Battery life okay okay, average than. Aana pa, keyboard nalla irukku, no issues. Backlight keyboard useful ah irukku. Performance nalla irukku, no issues. Apps udane open aagudhu, lag ae illa.",Tanglish,positive,battery;keyboard;performance,battery:neutral;keyboard:positive;performance:positive,Yes,4,2025-01-11,36
R00178,P10,Orbix ProBook 15,Orbix,Laptop,45999,3,Does the job,"Ordered this as a gift for my brother. Sadly the screen quality is underwhelming. Hard to read under sunlight. However, honestly the keyboard is reliable for this price. Long typing sessions are no problem",English,neutral,display;keyboard,display:negative;keyboard:positive,Yes,15,2025-01-11,34
R00179,P20,Orbix Fit Lite,Orbix,Fitness Band,1299,5,Romba nalla irukku,"Sonna naal ku munnadiye vandhuduthu. Overall worth it, recommend pannalaam.",Tanglish,positive,delivery,delivery:positive,Yes,2,2025-01-12,10
R00180,P01,Zyra Nova 5G,Zyra,Smartphone,14999,3,Average than,"battery backup okay okay, average than.",Tanglish,neutral,battery,battery:neutral,No,0,2025-01-14,6
R00181,P11,Vanta Slim 3,Vanta,Laptop,34999,5,Happy with this,"Build quality is really great, very happy with it. Feels sturdy and premium in hand. The overall speed is great. Also, you get a lot for the money. Would buy again.",English,positive,build;performance;value_for_money,build:positive;performance:positive;value_for_money:positive,Yes,2,2025-01-14,31
R00182,P19,Vanta Watch Active,Vanta,Fitness Band,4999,3,Average product,Using it daily for a week. Battery is neither great nor bad. Okay for basic use.,English,neutral,battery,battery:neutral,No,3,2025-01-14,16
R00183,P10,Orbix ProBook 15,Orbix,Laptop,45999,5,Great battery life,"Purchased on a friend's suggestion. Loving the battery backup, it is excellent. Barely drops overnight on standby.",English,positive,battery,battery:positive,Yes,0,2025-01-15,17
R00184,P12,Kelto Gamer 16,Kelto,Laptop,72999,3,Okay okay,"Processing speed normal ah irukku, special ah onnum illa.",Tanglish,neutral,performance,performance:neutral,Yes,0,2025-01-15,9
R00185,P16,Tunex Induction Cooktop,Tunex,Kitchen,2799,5,Semma product,"power output nalla irukku, no issues.",Tanglish,positive,power,power:positive,Yes,0,2025-01-15,6
R00186,P01,Zyra Nova 5G,Zyra,Smartphone,14999,5,Excellent purchase,"The display turned out fantastic. Also, delivery was quick and the packaging was neat.",English,positive,display;delivery,display:positive;delivery:positive,Yes,6,2025-01-16,14
R00187,P09,Zephyr Air 14,Zephyr,Laptop,54999,4,Kaasu ku worth,"Typing experience waste, expect pannadhu kedaikala. Anaalum battery backup romba nalla irukku, worth it. Aprm screen quality super ah work aagudhu. Screen bright ah irukku, colours vivid ah theriyudhu. Overall worth it, recommend pannalaam. 😍",Tanglish,positive,keyboard;battery;display,keyboard:negative;battery:positive;display:positive,Yes,3,2025-01-16,35
R00188,P10,Orbix ProBook 15,Orbix,Laptop,45999,3,Average than,"friend recommend pannaan, vaangunen. performance avlo nalla illa. aana battery life semma-ya irukku. basic use ku fine",Tanglish,neutral,performance;battery,performance:negative;battery:positive,Yes,6,2025-01-16,17
R00189,P01,Zyra Nova 5G,Zyra,Smartphone,14999,1,Ethirpaartha alavuku illa,Performance avlo nalla illa. Romba heat aagi slow aagiduthu.,Tanglish,negative,performance,performance:negative,Yes,1,2025-01-17,9
R00190,P02,Kelto Pixel Lite,Kelto,Smartphone,21999,2,Expected better,Bought this six weeks ago. Overpriced for what you get. But charging is average for this price. Thinking of returning it.,English,negative,value_for_money;charging,value_for_money:negative;charging:neutral,No,5,2025-01-17,21
R00191,P09,Zephyr Air 14,Zephyr,Laptop,54999,4,Good buy,"The screen quality turned out amazing. Scrolling feels buttery smooth. But the performance is poor. Heats up and slows down after some time. That said, keyboard is really reliable, very happy with it. Long typing sessions are no problem.",English,positive,display;performance;keyboard,display:positive;performance:negative;keyboard:positive,Yes,7,2025-01-17,39
R00192,P10,Orbix ProBook 15,Orbix,Laptop,45999,5,Super ah irukku,"Finish romba nalla irukku, worth it. Body romba durable ah theriyudhu. Aprm keyboard super ah work aagudhu. Typing romba comfortable ah irukku.",Tanglish,positive,build;keyboard,build:positive;keyboard:positive,Yes,4,2025-01-17,22
R00193,P11,Vanta Slim 3,Vanta,Laptop,34999,3,Average product,"Been using it for a week now. Keyboard and trackpad is fine, does the job. That said, the battery turned out bad. That said, the finish turned out solid.",English,neutral,keyboard;battery;build,keyboard:neutral;battery:negative;build:positive,No,10,2025-01-17,29
R00194,P01,Zyra Nova 5G,Zyra,Smartphone,14999,1,Disappointing camera quality,Been using it for six weeks now. Honestly the photo quality is poor for this price. Colors look oversaturated and fake. Expected much better for the price.,English,negative,camera,camera:negative,Yes,9,2025-01-18,27
R00195,P02,Kelto Pixel Lite,Kelto,Smartphone,21999,1,Poor quality,"Processing speed is really poor, quite disappointed. Lags badly when a few apps are open.",English,negative,performance,performance:negative,Yes,3,2025-01-18,15
R00196,P09,Zephyr Air 14,Zephyr,Laptop,54999,3,Average product,"Battery backup is really awful, quite disappointed. Darins completely by evening. But great value for money at this price.",English,neutral,battery;value_for_money,battery:negative;value_for_money:positive,Yes,3,2025-01-18,19
R00197,P10,Orbix ProBook 15,Orbix,Laptop,45999,3,Loved it,"Bought this six weeks ago. Delivery was quick and the packaging was neat. However, honestly the typing experience is disappointing for this price. However, build quality is really reliable, very happy with it. Go for it without a second thought.",English,positive,delivery;keyboard;build,delivery:positive;keyboard:negative;build:positive,Yes,2,2025-01-18,40
R00198,P10,Orbix ProBook 15,Orbix,Laptop,45999,5,Good buy,Using it daily for two weeks. Honestly the finish is excellent for this price.,English,positive,build,build:positive,Yes,3,2025-01-18,14
R00199,P01,Zyra Nova 5G,Zyra,Smartphone,14999,5,Highly recommended,Got this during a sale. The support team was very helpful.,English,positive,customer_service,customer_service:positive,Yes,2,2025-01-19,11
R00200,P09,Zephyr Air 14,Zephyr,Laptop,54999,3,Okay okay,"Finish avlo nalla illa. Oru vaaramla scratch vandhuduthu. Aana pa, battery backup romba nalla irukku, worth it. Oru charge la rendu naal odudhu. Price ku okay, vera option irundha paarunga.",Tanglish,neutral,build;battery,build:negative;battery:positive,Yes,0,2025-01-19,30
R00201,P10,Orbix ProBook 15,Orbix,Laptop,45999,1,Disappointing battery life,"Ordered this as a gift for my brother. Battery is really underwhelming, quite disappointed. Drains completely by evening. Also, honestly the screen is frustrating for this price. Save your money.",English,negative,battery;display,battery:negative;display:negative,Yes,0,2025-01-19,30
R00202,P12,Kelto Gamer 16,Kelto,Laptop,72999,3,Could be better,"The overall speed is underwhelming. Hangs randomly and needs a restart. That said, delivery took the usual time. But totally worth the price. Fine, but there might be better options",English,neutral,performance;delivery;value_for_money,performance:negative;delivery:neutral;value_for_money:positive,Yes,12,2025-01-19,30
R00203,P02,Kelto Pixel Lite,Kelto,Smartphone,21999,3,Could be better,"The battery backup turned out awful. Battery drops fast even when idle. However, loving the camera, it is excellent. Portrait mode edge detection is very accurate.",English,neutral,battery;camera,battery:negative;camera:positive,Yes,9,2025-01-21,26
R00204,P02,Kelto Pixel Lite,Kelto,Smartphone,21999,5,Semma product,Customer care udane help pannaanga. Adhoda price ku romba worth. Romba santhosham!!!,Tanglish,positive,customer_service;value_for_money,customer_service:positive;value_for_money:positive,Yes,6,2025-01-21,12
R00205,P01,Zyra Nova 5G,Zyra,Smartphone,14999,4,Semma product,"Sale la vaangunen. Battery life konjam problem ah irukku. Aana screen nalla irukku, no issues. Aprm performance vera level, price ku nalla irukku. Kaasu ku worth.",Tanglish,positive,battery;display;performance,battery:negative;display:positive;performance:positive,Yes,4,2025-01-22,26
R00206,P02,Kelto Pixel Lite,Kelto,Smartphone,21999,4,Romba nalla irukku,"battery nalla irukku, no issues. oru full day thaanga romba easy ah irukku. aana pa, performance paravala, oru alavuku fine.",Tanglish,positive,battery;performance,battery:positive;performance:neutral,Yes,8,2025-01-22,20
R00207,P02,Kelto Pixel Lite,Kelto,Smartphone,21999,4,Mixed feelings,"Loving the charging, it is reliable. However, found cheaper alternatives with better features. Okay for basic use.",English,neutral,charging;value_for_money,charging:positive;value_for_money:negative,Yes,2,2025-01-22,17
R00208,P09,Zephyr Air 14,Zephyr,Laptop,54999,5,Excellent display,"been using it for three months now. arrived a day early and well packed. plus, loving the display, it is excellent. scrolling feels buttery smooth. worth every rupee.",English,positive,delivery;display,delivery:positive;display:positive,Yes,2,2025-01-22,28
R00209,P16,Tunex Induction Cooktop,Tunex,Kitchen,2799,5,Worth the money,"Upgraded from my old one. Totally worth the price. Loving the operating noise, it is reliable. No rattling even at full speed.",English,positive,value_for_money;noise,value_for_money:positive;noise:positive,Yes,3,2025-01-22,22
R00210,P10,Orbix ProBook 15,Orbix,Laptop,45999,5,Vaangalaam,"Friend recommend pannaan, vaangunen. Build super ah work aagudhu. Build romba strong ah, premium feel irukku. Delivery fast ah vandhuchu, packing nalla irundhuchu. Confirm ah vaangalaam.",Tanglish,positive,build;delivery,build:positive;delivery:positive,Yes,1,2025-01-23,26
R00211,P02,Kelto Pixel Lite,Kelto,Smartphone,21999,5,Kaasu ku worth,"Photo quality super ah work aagudhu. Photos clear ah, colour um nalla varudhu. Overall worth it, recommend pannalaam.",Tanglish,positive,camera,camera:positive,Yes,1,2025-01-24,18
R00212,P07,Kelto SoundMax ANC,Kelto,Headphones,5999,4,Worth it bro,"Oru vaaram use pannitu review podren. Battery backup romba nalla irukku, worth it.",Tanglish,positive,battery,battery:positive,Yes,2,2025-01-24,13
R00213,P07,Kelto SoundMax ANC,Kelto,Headphones,5999,5,Highly recommended,The battery backup is superb. One charge gets me through two days of normal use. Go for it without a second thought.,English,positive,battery,battery:positive,Yes,5,2025-01-24,22
R00214,P07,Kelto SoundMax ANC,Kelto,Headphones,5999,5,Happy with this,"Loving the battery, it is superb. One charge gets me through two days of normal use. The wearing comfort turned out reliable. Cushions are soft and the fit is secure.",English,positive,battery;comfort,battery:positive;comfort:positive,No,14,2025-01-25,30
R00215,P09,Zephyr Air 14,Zephyr,Laptop,54999,5,Superb keyboard,"Ordered this as a gift for my brother. Honestly the typing experience is great for this price. Long typing sessions are no problem. Also, the overall speed turned out great. Go for it without a second thought.",English,positive,keyboard;performance,keyboard:positive;performance:positive,Yes,1,2025-01-25,37
R00216,P10,Orbix ProBook 15,Orbix,Laptop,45999,2,Paravala,"Battery backup semma-ya irukku. Oru charge la rendu naal odudhu. Aana processing speed waste, expect pannadhu kedaikala. Price ku okay, vera option irundha paarunga.",Tanglish,neutral,battery;performance,battery:positive;performance:negative,Yes,1,2025-01-26,24
R00217,P16,Tunex Induction Cooktop,Tunex,Kitchen,2799,5,Semma product,"Noise level semma-ya irukku. Sound romba kammi, gavanikkave mudiyala. Aprm power output vera level, price ku nalla irukku. Design vera level, price ku nalla irukku.",Tanglish,positive,noise;power;design,noise:positive;power:positive;design:positive,Yes,4,2025-01-26,25
R00218,P01,Zyra Nova 5G,Zyra,Smartphone,14999,5,Excellent purchase,"Bought this a week ago. Delivery was quick and the packaging was neat. Plus, the charging is amazing. Quick top-ups save me every morning.",English,positive,delivery;charging,delivery:positive;charging:positive,Yes,0,2025-01-27,24
R00219,P01,Zyra Nova 5G,Zyra,Smartphone,14999,5,Excellent battery backup,"Got this during a sale. Battery backup is really amazing, very happy with it. Easily lasts a full day with heavy use. Also, great value for money at this price.",English,positive,battery;value_for_money,battery:positive;value_for_money:positive,Yes,5,2025-01-27,30
R00220,P01,Zyra Nova 5G,Zyra,Smartphone,14999,1,Not worth it,"Purchased on a friend's suggestion. The battery backup turned out bad. Battery drops fast even when idle. Also, the performance turned out poor.",English,negative,battery;performance,battery:negative;performance:negative,Yes,1,2025-01-27,23
R00221,P02,Kelto Pixel Lite,Kelto,Smartphone,21999,3,Paisa waste,"Rendu naal use pannitu review podren. Camera quality waste, expect pannadhu kedaikala.",Tanglish,negative,camera,camera:negative,Yes,2,2025-01-27,12
R00222,P07,Kelto SoundMax ANC,Kelto,Headphones,5999,3,Loved it,"Using it daily for a week. Support was okay, nothing special. Plus, delivery took the usual time. That said, honestly the bluetooth connectivity is amazing for this price. Switches between my phone and laptop smoothly!!",English,positive,customer_service;delivery;connectivity,customer_service:neutral;delivery:neutral;connectivity:positive,Yes,5,2025-01-27,35
R00223,P07,Kelto SoundMax ANC,Kelto,Headphones,5999,3,Average than,"Gift ku vaangunen, ippo use pannitu irukken. Comfort romba nalla irukku, worth it. Romba light ah, fit um nalla irukku. Aana audio quality avlo nalla illa. Bass mosam, sound distort aagudhu. Price ku okay, vera option irundha paarunga.",Tanglish,neutral,comfort;sound,comfort:positive;sound:negative,Yes,10,2025-01-27,38
R00224,P07,Kelto SoundMax ANC,Kelto,Headphones,5999,5,Superb battery life,"Battery life is really great, very happy with it. Easily lasts a full day with heavy use. Also, the audio quality turned out fantastic. Bass is punchy without drowning the vocals. Overall very happy with the purchase.",English,positive,battery;sound,battery:positive;sound:positive,Yes,1,2025-01-27,37
R00225,P09,Zephyr Air 14,Zephyr,Laptop,54999,1,Waste of money,"Upgraded from my old one. Honestly the build is disappointing for this price. Plus, screen is really bad, quite disappointed. Noticed slight backlight bleed near the edges. Battery life is really underwhelming, quite disappointed.",English,negative,build;display;battery,build:negative;display:negative;battery:negative,Yes,5,2025-01-27,34
R00226,P10,Orbix ProBook 15,Orbix,Laptop,45999,5,Vaangalaam,"Friend recommend pannaan, vaangunen. Build romba nalla irukku, worth it. Aprm battery super ah work aagudhu. Aprm delivery fast ah vandhuchu, packing nalla irundhuchu. Kaasu ku worth.",Tanglish,positive,build;battery;delivery,build:positive;battery:positive;delivery:positive,Yes,1,2025-01-27,27
R00227,P12,Kelto Gamer 16,Kelto,Laptop,72999,5,Worth the money,"Got this during a sale. Loving the display, it is solid. Scrolling feels buttery smooth.",English,positive,display,display:positive,Yes,0,2025-01-27,15
R00228,P01,Zyra Nova 5G,Zyra,Smartphone,14999,2,Worth the money,"Purchased on a friend's suggestion. The charging speed is amazing. Plus, the screen quality is impressive. Viewing angles are great and text is sharp. However, photo quality is really terrible, quite disappointed. Photos look washed out in low light. Overall very happy with the purchase.",English,positive,charging;display;camera,charging:positive;display:positive;camera:negative,Yes,3,2025-01-28,45
R00229,P02,Kelto Pixel Lite,Kelto,Smartphone,21999,5,Excellent battery life,"Been using it for two weeks now. The battery life is superb. Easily lasts a full day with heavy use. Plus, fast charging is really superb, very happy with it. Quick top-ups save me every morning. Overall very happy with the purchase.",English,positive,battery;charging,battery:positive;charging:positive,Yes,3,2025-01-28,42
R00230,P10,Orbix ProBook 15,Orbix,Laptop,45999,1,Not worth it,Ordered this as a gift for my brother. Sadly the keyboard is disappointing. Backlight is too dim to be useful. Thinking of returning it.,English,negative,keyboard,keyboard:negative,Yes,0,2025-01-28,24
R00231,P16,Tunex Induction Cooktop,Tunex,Kitchen,2799,5,Romba nalla irukku,"design vera level, price ku nalla irukku. price ku romba worth. power vera level, price ku nalla irukku.",Tanglish,positive,design;value_for_money;power,design:positive;value_for_money:positive;power:positive,Yes,1,2025-01-28,18
R00232,P19,Vanta Watch Active,Vanta,Fitness Band,4999,5,Super ah irukku,"Comfort romba nalla irukku, worth it. Romba light ah, fit um nalla irukku. Overall worth it, recommend pannalaam.",Tanglish,positive,comfort,comfort:positive,No,5,2025-01-28,18
R00233,P09,Zephyr Air 14,Zephyr,Laptop,54999,5,Worth the money,The build turned out fantastic. Overall very happy with the purchase. 😍,English,positive,build,build:positive,Yes,2,2025-01-29,12
R00234,P11,Vanta Slim 3,Vanta,Laptop,34999,2,Expected better,"Using it daily for two days. The screen is okay, nothing special. However, sadly the battery backup is underwhelming. Regret buying this.",English,negative,display;battery,display:neutral;battery:negative,Yes,8,2025-01-29,22
R00235,P02,Kelto Pixel Lite,Kelto,Smartphone,21999,3,Average product,"The battery backup is frustrating. That said, charging speed is neither great nor bad. That said, camera is really excellent, very happy with it. Daylight photos come out sharp with great colors.",English,neutral,battery;charging;camera,battery:negative;charging:neutral;camera:positive,Yes,0,2025-01-30,32
R00236,P07,Kelto SoundMax ANC,Kelto,Headphones,5999,5,Vaangalaam,"Intha price ku semma product. Overall worth it, recommend pannalaam.",Tanglish,positive,value_for_money,value_for_money:positive,Yes,2,2025-01-30,10
R00237,P16,Tunex Induction Cooktop,Tunex,Kitchen,2799,4,Superb overall design,"The overall design turned out very good. Plus, totally worth the price. That said, the build is poor. Would buy again.",English,positive,design;value_for_money;build,design:positive;value_for_money:positive;build:negative,Yes,0,2025-01-30,21
R00238,P09,Zephyr Air 14,Zephyr,Laptop,54999,4,Super ah irukku,"display romba nalla irukku, worth it. screen bright ah irukku, colours vivid ah theriyudhu. aprm finish romba nalla irukku, worth it. body romba durable ah theriyudhu. confirm ah vaangalaam.",Tanglish,positive,display;build,display:positive;build:positive,Yes,6,2025-01-31,29
R00239,P12,Kelto Gamer 16,Kelto,Laptop,72999,5,Loved it,"Upgraded from my old one. Loving the screen quality, it is excellent. Colors are vivid and it gets bright enough outdoors.",English,positive,display,display:positive,No,1,2025-01-31,21
R00240,P16,Tunex Induction Cooktop,Tunex,Kitchen,2799,3,Does the job,"Bought this five months ago. Operating noise is really excellent, very happy with it. Runs very quietly, barely noticeable. But power output is average for this price. But sadly the build is bad. Feels flimsy already. Fine, but there might be better options.",English,neutral,noise;power;build,noise:positive;power:neutral;build:negative,Yes,7,2025-01-31,43
R00241,P16,Tunex Induction Cooktop,Tunex,Kitchen,2799,3,Average product,"Loving the operating noise, it is impressive. However, the build quality turned out frustrating. Feels flimsy already. Okay for basic use.",English,neutral,noise;build,noise:positive;build:negative,No,11,2025-01-31,21
R00242,P19,Vanta Watch Active,Vanta,Fitness Band,4999,5,Great app connectivity,"Using it daily for two days. The app connectivity is amazing. Notifications show up reliably on the band. Plus, arrived a day early and well packed. Worth every rupee.",English,positive,app;delivery,app:positive;delivery:positive,Yes,1,2025-01-31,29
R00243,P20,Orbix Fit Lite,Orbix,Fitness Band,1299,5,Excellent fit,Honestly the wearing comfort is superb for this price. Light enough to wear for hours without any pain. The screen quality turned out amazing. Definitely recommend it.,English,positive,comfort;display,comfort:positive;display:positive,Yes,5,2025-02-01,27
R00244,P11,Vanta Slim 3,Vanta,Laptop,34999,3,Paravala,"Sale la vaangunen. Typing experience romba mosam. Trackpad sariya work aagala. Anaalum build quality romba nalla irukku, worth it. Body romba durable ah theriyudhu.",Tanglish,neutral,keyboard;build,keyboard:negative;build:positive,Yes,1,2025-02-03,24
R00245,P10,Orbix ProBook 15,Orbix,Laptop,45999,3,"Okay, not great",The build quality is superb. Feels sturdy and permium in hand. But sadly the overall speed is bad. Okay for basic use.,English,neutral,build;performance,build:positive;performance:negative,Yes,1,2025-02-04,22
R00246,P11,Vanta Slim 3,Vanta,Laptop,34999,5,Super ah irukku,"Sale la vaangunen. Keyboard and trackpad vera level, price ku nalla irukku. Backlight keyboard useful ah irukku. Adhoda build quality super ah work aagudhu. Build romba strong ah, premium feel irukku.",Tanglish,positive,keyboard;build,keyboard:positive;build:positive,Yes,2,2025-02-04,31
R00247,P01,Zyra Nova 5G,Zyra,Smartphone,14999,2,Waste of money,"Loving the display, it is impressive. However, the performance turned out underwhelming. Plus, honestly the battery life is awful for this price. Battery drops fast even when idle. Regret buying this.",English,negative,display;performance;battery,display:positive;performance:negative;battery:negative,Yes,1,2025-02-06,31
R00248,P07,Kelto SoundMax ANC,Kelto,Headphones,5999,2,Waste of money,"comfort konjam problem ah irukku. workout pannumbodhu vizhundhutte irukku. aprm intha price ku worth illa, overpriced. idhukku vera product vaangalaam. 👎",Tanglish,negative,comfort;value_for_money,comfort:negative;value_for_money:negative,Yes,5,2025-02-06,21
R00249,P10,Orbix ProBook 15,Orbix,Laptop,45999,4,Super ah irukku,"online la vaangunen. kaasu ku ettha value. aana pa, battery avlo nalla illa. aana build quality vera level, price ku nalla irukku. build romba strong ah, premium feel irukku. overall worth it, recommend pannalaam.",Tanglish,positive,value_for_money;battery;build,value_for_money:positive;battery:negative;build:positive,Yes,21,2025-02-06,34
R00250,P10,Orbix ProBook 15,Orbix,Laptop,45999,4,Great overall speed,"Honestly the overall speed is excellent for this price. That said, packaging was okay. Definitely recommend it.",English,positive,performance;delivery,performance:positive;delivery:neutral,Yes,0,2025-02-06,17
R00251,P11,Vanta Slim 3,Vanta,Laptop,34999,3,Could be better,"Been using it for a week now. Loving the screen, it is superb. Viewing angles are great and text is sharp. However, honestly the battery life is bad for this price.",English,neutral,display;battery,display:positive;battery:negative,Yes,1,2025-02-06,31
R00252,P20,Orbix Fit Lite,Orbix,Fitness Band,1299,5,Excellent purchase,Purchased on a friend's suggestion. The battery turned out very good. Easily lasts a full day with heavy use.,English,positive,battery,battery:positive,Yes,6,2025-02-06,19
R00253,P10,Orbix ProBook 15,Orbix,Laptop,45999,1,Paravala,"battery nalla irukku, no issues. oru charge la rendu naal odudhu. anaalum display waste, expect pannadhu kedaikala. veyilla screen paakave mudiyala. price ku okay, vera option irundha paarunga.",Tanglish,neutral,battery;display,battery:positive;display:negative,Yes,2,2025-02-07,28
R00254,P12,Kelto Gamer 16,Kelto,Laptop,72999,2,Romba mosam,"gift ku vaangunen, ippo use pannitu irukken. finish paravala, oru alavuku fine. anaalum processing speed avlo nalla illa. paisa waste.",Tanglish,negative,build;performance,build:neutral;performance:negative,Yes,4,2025-02-07,20
R00255,P01,Zyra Nova 5G,Zyra,Smartphone,14999,3,Worth the money,"Purchased on a friend's suggestion. Charging is neither great nor bad. However, the photo quality turned out superb. However, supprot was okay, nothing special. Would buy again.",English,positive,charging;camera;customer_service,charging:neutral;camera:positive;customer_service:neutral,No,3,2025-02-08,27
R00256,P09,Zephyr Air 14,Zephyr,Laptop,54999,5,Good buy,The build turned out great. Feels sturdy and premium in hand. Overall very happy with the purchase.,English,positive,build,build:positive,Yes,3,2025-02-08,17
R00257,P12,Kelto Gamer 16,Kelto,Laptop,72999,5,Excellent keyboard,Using it daily for a week. Honestly the keyboard is solid for this price. Long typing sessions are no problem. Definitely recommend it.,English,positive,keyboard,keyboard:positive,Yes,0,2025-02-08,23
R00258,P12,Kelto Gamer 16,Kelto,Laptop,72999,3,Paravala,Sale la vaangunen. Battery backup semma-ya irukku. Oru charge la rendu naal odudhu. Anaalum screen romba mosam.,Tanglish,neutral,battery;display,battery:positive;display:negative,Yes,4,2025-02-08,17
R00259,P12,Kelto Gamer 16,Kelto,Laptop,72999,5,Romba nalla irukku,"Screen romba nalla irukku, worth it. Scroll romba smooth ah irukku.",Tanglish,positive,display,display:positive,Yes,0,2025-02-08,11
R00260,P13,Zyra QuickBlend 500W Mixer Grinder,Zyra,Kitchen,2499,1,Okay okay,"Noise level vera level, price ku nalla irukku. Anaalum power konjam problem ah irukku. Heat aaga romba neram aagudhu.",Tanglish,neutral,noise;power,noise:positive;power:negative,Yes,3,2025-02-08,19
R00261,P07,Kelto SoundMax ANC,Kelto,Headphones,5999,3,"Okay, not great","Using it daily for six weeks. Wearing comfort is really underwhelming, quite disappointed. However, honestly the pairing is superb for this price. Pairs instantly and the connection never drops. Wait for a discount before buying.",English,neutral,comfort;connectivity,comfort:negative;connectivity:positive,Yes,17,2025-02-09,35
R00262,P13,Zyra QuickBlend 500W Mixer Grinder,Zyra,Kitchen,2499,1,Poor build quality,"Using it daily for two weeks. Build quality is really disappointing, quite disappointed. A scratch appeared within the first week. Thinking of returning it",English,negative,build,build:negative,Yes,12,2025-02-09,24
R00263,P14,Aerochef AirFry 4L Air Fryer,Aerochef,Kitchen,5499,5,Great product,Honestly the power is great for this price. Handles tough jobs in seconds. Worth every rupee.,English,positive,power,power:positive,Yes,1,2025-02-09,16
R00264,P07,Kelto SoundMax ANC,Kelto,Headphones,5999,1,Vaanga vendam,"battery life disappointing, ethirpaartha alavuku illa. return pannalaam nu irukken.",Tanglish,negative,battery,battery:negative,No,0,2025-02-10,10
R00265,P07,Kelto SoundMax ANC,Kelto,Headphones,5999,4,Superb quality,Been using it for six weeks now. Arrived a day early and well packed. Overall very happy with the purchase.,English,positive,delivery,delivery:positive,Yes,9,2025-02-10,20
R00266,P10,Orbix ProBook 15,Orbix,Laptop,45999,4,Average than,Moonu maasam use pannitu review podren. Screen quality konjam problem ah irukku. Aana battery backup super ah work aagudhu. Oru full day thaanga romba easy ah irukku.,Tanglish,neutral,display;battery,display:negative;battery:positive,Yes,2,2025-02-11,27
R00267,P12,Kelto Gamer 16,Kelto,Laptop,72999,3,Price ku okay,"customer care reply-ye panala. anaalum battery backup super ah work aagudhu. oru full day thaanga romba easy ah irukku. price ku okay, vera option irundha paarunga.",Tanglish,neutral,customer_service;battery,customer_service:negative;battery:positive,Yes,7,2025-02-11,26
R00268,P14,Aerochef AirFry 4L Air Fryer,Aerochef,Kitchen,5499,3,Okay okay,"gift ku vaangunen, ippo use pannitu irukken. power normal ah irukku, special ah onnum illa.",Tanglish,neutral,power,power:neutral,Yes,1,2025-02-11,15
R00269,P14,Aerochef AirFry 4L Air Fryer,Aerochef,Kitchen,5499,5,Loved it,the noise level is fantastic. much quieter than my previous one.,English,positive,noise,noise:positive,Yes,0,2025-02-11,11
R00270,P16,Tunex Induction Cooktop,Tunex,Kitchen,2799,5,Romba nalla irukku,"power romba nalla irukku, worth it. overall worth it, recommend pannalaam.",Tanglish,positive,power,power:positive,Yes,1,2025-02-11,11
R00271,P09,Zephyr Air 14,Zephyr,Laptop,54999,4,Superb battery backup,The battery turned out very good.,English,positive,battery,battery:positive,Yes,1,2025-02-12,6
R00272,P09,Zephyr Air 14,Zephyr,Laptop,54999,5,Semma product,"Gift ku vaangunen, ippo use pannitu irukken. Customer care udane help pannaanga. Romba santhosham!!",Tanglish,positive,customer_service,customer_service:positive,Yes,3,2025-02-12,14
R00273,P10,Orbix ProBook 15,Orbix,Laptop,45999,1,Waste of money,"typing experience konjam problem ah irukku. keys mushy ah irukku, typing feel illa. idhukku vera product vaangalaam.",Tanglish,negative,keyboard,keyboard:negative,Yes,4,2025-02-12,17
R00274,P19,Vanta Watch Active,Vanta,Fitness Band,4999,4,Excellent purchase,"Screen is fine, does the job. But battery backup is really superb, very happy with it. Easily lasts a full day with heavy use. Definitely recommend it. 😍",English,positive,display;battery,display:neutral;battery:positive,Yes,8,2025-02-12,28
R00275,P19,Vanta Watch Active,Vanta,Fitness Band,4999,2,Excellent battery backup,Been using it for a month now. The battery backup is very good. Definitely recommend it.,English,positive,battery,battery:positive,Yes,9,2025-02-12,16
R00276,P02,Kelto Pixel Lite,Kelto,Smartphone,21999,5,Vaangalaam,"Rendu vaaram use pannitu review podren. Screen super ah work aagudhu. Screen bright ah irukku, colours vivid ah theriyudhu.",Tanglish,positive,display,display:positive,Yes,0,2025-02-13,19
R00277,P02,Kelto Pixel Lite,Kelto,Smartphone,21999,4,Could be better,"Got this during a sale. Overall speed is really below average, quite disappointed. Heats up and slows down after some time. That said, the fast charging turned out great. Fast charging really works as advertised. Wait for a discount before buying.",English,neutral,performance;charging,performance:negative;charging:positive,Yes,2,2025-02-13,41
R00278,P02,Kelto Pixel Lite,Kelto,Smartphone,21999,4,Semma product,"gift ku vaangunen, ippo use pannitu irukken. screen romba nalla irukku, worth it. anaalum fast charging paravala, oru alavuku fine. romba santhosham.",Tanglish,positive,display;charging,display:positive;charging:neutral,No,7,2025-02-13,22
R00279,P07,Kelto SoundMax ANC,Kelto,Headphones,5999,5,"Okay, not great",Honestly the battery life is solid for this price. But the fit is terrible. Wait for a discount before buying.,English,neutral,battery;comfort,battery:positive;comfort:negative,Yes,3,2025-02-13,20
R00280,P09,Zephyr Air 14,Zephyr,Laptop,54999,5,Happy with this,been using it for a month now. honestly the perforamnce is solid for this price. handles everything i throw at it without slowing down. worth every rupee.,English,positive,performance,performance:positive,Yes,1,2025-02-13,27
R00281,P12,Kelto Gamer 16,Kelto,Laptop,72999,3,Great product,"Loving the battery, it is amazing. One charge gets me through two days of normal use. Plus, the fiinsh is fantastic. However, honestly the overall speed is underwhelming for this price.",English,positive,battery;build;performance,battery:positive;build:positive;performance:negative,Yes,12,2025-02-13,31
R00282,P20,Orbix Fit Lite,Orbix,Fitness Band,1299,5,Semma product,"fit nalla irukku, no issues. romba light ah, fit um nalla irukku. aprm display romba nalla irukku, worth it.",Tanglish,positive,comfort;display,comfort:positive;display:positive,Yes,5,2025-02-13,19
R00283,P07,Kelto SoundMax ANC,Kelto,Headphones,5999,3,Okay okay,"Wearing comfort disappointing, ethirpaartha alavuku illa. Aana pa, battery nalla irukku, no issues. Oru charge la rendu naal odudhu. Discount la vaangina worth.",Tanglish,neutral,comfort;battery,comfort:negative;battery:positive,Yes,4,2025-02-14,23
R00284,P13,Zyra QuickBlend 500W Mixer Grinder,Zyra,Kitchen,2499,1,Disappointed,"Support team help pannala, waste.",Tanglish,negative,customer_service,customer_service:negative,Yes,2,2025-02-14,5
R00285,P10,Orbix ProBook 15,Orbix,Laptop,45999,1,Vaanga vendam,Online la vaangunen. Processing speed konjam problem ah irukku. Konjam apps open panna hang aagudhu.,Tanglish,negative,performance,performance:negative,Yes,2,2025-02-15,15
R00286,P10,Orbix ProBook 15,Orbix,Laptop,45999,1,Disappointed,"Screen is really poor, quite disappointed. Noticed slight backlight bleed near the edges.",English,negative,display,display:negative,Yes,2,2025-02-15,13
R00287,P10,Orbix ProBook 15,Orbix,Laptop,45999,2,Waste of money,"Oru maasam use pannitu review podren. Battery backup disappointing, ethirpaartha alavuku illa. Evening aagumbodhe charge theerndhu poiduthu. Idhukku vera product vaangalaam.",Tanglish,negative,battery,battery:negative,Yes,4,2025-02-15,21
R00288,P11,Vanta Slim 3,Vanta,Laptop,34999,5,Semma product,Performance super ah work aagudhu. Games kooda smooth ah odudhu.,Tanglish,positive,performance,performance:positive,Yes,3,2025-02-15,10
R00289,P14,Aerochef AirFry 4L Air Fryer,Aerochef,Kitchen,5499,5,Kaasu ku worth,Kaasu ku ettha value. Adhoda finish super ah work aagudhu. Adhoda sonna naal ku munnadiye vandhuduthu.,Tanglish,positive,value_for_money;build;delivery,value_for_money:positive;build:positive;delivery:positive,No,3,2025-02-15,16
R00290,P02,Kelto Pixel Lite,Kelto,Smartphone,21999,3,Okay okay,"screen quality romba nalla irukku, worth it. scroll romba smooth ah irukku. aana performance disappointing, ethirpaartha alavuku illa. price ku okay, vera option irundha paarunga.",Tanglish,neutral,display;performance,display:positive;performance:negative,Yes,3,2025-02-16,25
R00291,P10,Orbix ProBook 15,Orbix,Laptop,45999,5,Good buy,You get a lot for the money.,English,positive,value_for_money,value_for_money:positive,Yes,0,2025-02-16,7
R00292,P13,Zyra QuickBlend 500W Mixer Grinder,Zyra,Kitchen,2499,3,Average than,Power romba mosam. Anaalum price ku romba worth.,Tanglish,neutral,power;value_for_money,power:negative;value_for_money:positive,Yes,5,2025-02-16,8
R00293,P01,Zyra Nova 5G,Zyra,Smartphone,14999,1,Ethirpaartha alavuku illa,"rendu naal use pannitu review podren. screen konjam problem ah irukku. charging speed waste, expect pannadhu kedaikala.",Tanglish,negative,display;charging,display:negative;charging:negative,Yes,2,2025-02-17,17
R00294,P07,Kelto SoundMax ANC,Kelto,Headphones,5999,5,Excellent purchase,"Purchased on a friend's suggestion. Noise cancelling is really excellent, very happy with it. Transparency mode sounds natural too. Plus, delivery was quick and the packaging was neat. However, honestly the comfort is awful for this price. Feels heavy and the strap is uncomfortable. Definitely recommend it.",English,positive,noise_cancellation;delivery;comfort,noise_cancellation:positive;delivery:positive;comfort:negative,Yes,5,2025-02-17,47
R00295,P07,Kelto SoundMax ANC,Kelto,Headphones,5999,5,Excellent purchase,Honestly the ANC is great for this price. Transparency mode sounds natural too. Overall very happy with the purchase,English,positive,noise_cancellation,noise_cancellation:positive,Yes,7,2025-02-17,19
R00296,P13,Zyra QuickBlend 500W Mixer Grinder,Zyra,Kitchen,2499,5,Value for money,Using it daily for two weeks. Hnoestly the noise level is fantastic for this price. No rattling even at full speed.,English,positive,noise,noise:positive,No,0,2025-02-17,21
R00297,P14,Aerochef AirFry 4L Air Fryer,Aerochef,Kitchen,5499,1,Not as expected,Bought this six weeks ago. Overpriced for what you get. Regert buying this.,English,negative,value_for_money,value_for_money:negative,Yes,1,2025-02-17,13
R00298,P02,Kelto Pixel Lite,Kelto,Smartphone,21999,2,Average than,"Friend recommend pannaan, vaangunen. Battery life vera level, price ku nalla irukku. Oru charge la rendu naal odudhu. Aana overall speed waste, expect pannadhu kedaikala. Romba heat aagi slow aagiduthu",Tanglish,neutral,battery;performance,battery:positive;performance:negative,No,0,2025-02-18,30
R00299,P10,Orbix ProBook 15,Orbix,Laptop,45999,1,Bad overall speed,Bought this three months ago. The overall speed is terrible. Lags badly when a few apps are open.,English,negative,performance,performance:negative,Yes,0,2025-02-18,18
R00300,P01,Zyra Nova 5G,Zyra,Smartphone,14999,4,Good buy,"Using it daily for five months. Honestly the display is fantastic for this price. Scrolling feels buttery smooth. That said, battery life is really frustrating, quite disappointed. Had to charge it twice a day. But the photo quality is superb.",English,positive,display;battery;camera,display:positive;battery:negative;camera:positive,Yes,4,2025-02-19,40
R00301,P02,Kelto Pixel Lite,Kelto,Smartphone,21999,4,Value for money,The performance is underwhelming. But great value for money at this price. Honestly the caemra quality is very good for this price. Portrait mode edge detection is very accurate. Worth every rupee.,English,positive,performance;value_for_money;camera,performance:negative;value_for_money:positive;camera:positive,Yes,5,2025-02-19,32
R00302,P10,Orbix ProBook 15,Orbix,Laptop,45999,4,Excellent purchase,Ordered this as a gift for my brother. Honestly the battery is fantastic for this price. Worth every rupee.,English,positive,battery,battery:positive,Yes,0,2025-02-19,19
R00303,P02,Kelto Pixel Lite,Kelto,Smartphone,21999,2,Paravala,"Price paravala, average than. Aana screen nalla irukku, no issues. Aana pa, processing speed avlo nalla illa. Romba heat aagi slow aagiduthu.",Tanglish,neutral,value_for_money;display;performance,value_for_money:neutral;display:positive;performance:negative,Yes,4,2025-02-20,22
R00304,P06,Aerobeat Buds Air,Aerobeat,Headphones,2999,4,Vaangalaam,"Online la vaangunen. Sonna naal ku munnadiye vandhuduthu. Aana pa, ANC okay okay, average than. Confirm ah vaangalaam.",Tanglish,positive,delivery;noise_cancellation,delivery:positive;noise_cancellation:neutral,Yes,3,2025-02-20,18
R00305,P09,Zephyr Air 14,Zephyr,Laptop,54999,1,Not as expected,The overall speed turned out awful. Save your money.,English,negative,performance,performance:negative,No,2,2025-02-20,9
R00306,P10,Orbix ProBook 15,Orbix,Laptop,45999,5,Excellent screen,The screen is fantastic. Colors are vivid and it gets bright enough outdoors. Definitely recommend it.,English,positive,display,display:positive,Yes,2,2025-02-20,16
R00307,P11,Vanta Slim 3,Vanta,Laptop,34999,3,Semma product,"Battery disappointing, ethirpaartha alavuku illa. Aana pa, screen quality semma-ya irukku. Adhoda performance semma-ya irukku.",Tanglish,positive,battery;display;performance,battery:negative;display:positive;performance:positive,Yes,2,2025-02-20,15
R00308,P13,Zyra QuickBlend 500W Mixer Grinder,Zyra,Kitchen,2499,3,Does the job,"Honestly the power is frustrating for this price. However, the build quality turned out great. Solid body with no creaks or flex. Fine, but there might be better options.",English,neutral,power;build,power:negative;build:positive,Yes,37,2025-02-20,29
R00309,P14,Aerochef AirFry 4L Air Fryer,Aerochef,Kitchen,5499,4,Worth it bro,"Ease of cleaning avlo nalla illa. Aana pa, build quality romba nalla irukku, worth it. Operating noise vera level, price ku nalla irukku. Sound romba kammi, gavanikkave mudiyala. Romba santhosham.",Tanglish,positive,cleaning;build;noise,cleaning:negative;build:positive;noise:positive,Yes,5,2025-02-20,30
R00310,P01,Zyra Nova 5G,Zyra,Smartphone,14999,3,Okay okay,Online la vaangunen. Delivery normal time la vandhuchu.,Tanglish,neutral,delivery,delivery:neutral,Yes,1,2025-02-21,8
R00311,P02,Kelto Pixel Lite,Kelto,Smartphone,21999,3,Price ku okay,"online la vaangunen. camera quality semma-ya irukku. night mode kooda nalla work aagudhu. anaalum support team help pannala, waste.",Tanglish,neutral,camera;customer_service,camera:positive;customer_service:negative,No,6,2025-02-21,19
R00312,P07,Kelto SoundMax ANC,Kelto,Headphones,5999,3,Semma product,"Price paravala, average than. Aana pa, battery life super ah work aagudhu. Overall worth it, recommend pannalaam.",Tanglish,positive,value_for_money;battery,value_for_money:neutral;battery:positive,Yes,0,2025-02-21,17
R00313,P10,Orbix ProBook 15,Orbix,Laptop,45999,5,Semma product,"Display super ah work aagudhu. Screen bright ah irukku, colours vivid ah theriyudhu. Kaasu ku worth.",Tanglish,positive,display,display:positive,Yes,2,2025-02-21,16
R00314,P10,Orbix ProBook 15,Orbix,Laptop,45999,5,Semma product,"Delivery fast ah vandhuchu, packing nalla irundhuchu. Romba santhosham.",Tanglish,positive,delivery,delivery:positive,Yes,0,2025-02-21,9
R00315,P11,Vanta Slim 3,Vanta,Laptop,34999,1,Poor battery,"Support was okay, nothing special. But honestly the battery backup is underwhelming for this price. Drains completely by evening. Regret buying this",English,negative,customer_service;battery,customer_service:neutral;battery:negative,Yes,9,2025-02-21,22
R00316,P16,Tunex Induction Cooktop,Tunex,Kitchen,2799,3,Value for money,Using it daily for a month. The power output is decent but not outstanding. But the design is superb. Overall very happy with the purchase.,English,positive,power;design,power:neutral;design:positive,Yes,11,2025-02-21,25
R00317,P09,Zephyr Air 14,Zephyr,Laptop,54999,2,Waste of money,"Keyboard romba mosam. Keys mushy ah irukku, typing feel illa. Aprm build quality konjam problem ah irukku. Oru vaaramla scratch vandhuduthu. Anaalum battery semma-ya irukku. Return pannalaam nu irukken. 😡",Tanglish,negative,keyboard;build;battery,keyboard:negative;build:negative;battery:positive,Yes,4,2025-02-22,30
R00318,P12,Kelto Gamer 16,Kelto,Laptop,72999,5,Kaasu ku worth,Support team romba helpful. Confirm ah vaangalaam.,Tanglish,positive,customer_service,customer_service:positive,No,2,2025-02-22,7
R00319,P13,Zyra QuickBlend 500W Mixer Grinder,Zyra,Kitchen,2499,2,Disappointed,"sale la vaangunen. power disappointing, ethirpaartha alavuku illa. heat aaga romba neram aagudhu. aana pa, delivery normal time la vandhuchu. return pannalaam nu irukken.",Tanglish,negative,power;delivery,power:negative;delivery:neutral,Yes,1,2025-02-22,24
R00320,P02,Kelto Pixel Lite,Kelto,Smartphone,21999,5,Worth it bro,"Rendu naal use pannitu review podren. Battery semma-ya irukku. Oru charge la rendu naal odudhu. Aprm camera romba nalla irukku, worth it. Photos clear ah, colour um nalla varudhu. Overall worth it, recommend pannalaam.",Tanglish,positive,battery;camera,battery:positive;camera:positive,No,3,2025-02-23,34
R00321,P06,Aerobeat Buds Air,Aerobeat,Headphones,2999,4,Paravala,"Battery backup super ah work aagudhu. Oru charge la rendu naal odudhu. Anaalum connectivity waste, expect pannadhu kedaikala. Pair aaga romba neram edukkudhu.",Tanglish,neutral,battery;connectivity,battery:positive;connectivity:negative,Yes,2,2025-02-23,23
R00322,P07,Kelto SoundMax ANC,Kelto,Headphones,5999,3,Super ah irukku,"noise cancellation romba nalla irukku, worth it. bus noise ellam nalla block aagudhu. romba santhosham",Tanglish,positive,noise_cancellation,noise_cancellation:positive,Yes,2,2025-02-23,15
R00323,P07,Kelto SoundMax ANC,Kelto,Headphones,5999,4,Great product,"Battery is really superb, very happy with it. Easily lasts a full day with heavy use",English,positive,battery,battery:positive,Yes,7,2025-02-23,16
R00324,P09,Zephyr Air 14,Zephyr,Laptop,54999,2,Waste of money,Sadly the battery life is poor. Drains completely by evening. Save your money.,English,negative,battery,battery:negative,No,0,2025-02-23,13
R00325,P09,Zephyr Air 14,Zephyr,Laptop,54999,5,Highly recommended,"The battery turned out very good. Plus, loving the overall speed, it is impressive.",English,positive,battery;performance,battery:positive;performance:positive,No,6,2025-02-23,14
R00326,P10,Orbix ProBook 15,Orbix,Laptop,45999,5,Super ah irukku,Rendu naal use pannitu review podren. Screen quality semma-ya irukku.,Tanglish,positive,display,display:positive,Yes,5,2025-02-23,10
R00327,P14,Aerochef AirFry 4L Air Fryer,Aerochef,Kitchen,5499,5,Vaangalaam,"Friend recommend pannaan, vaangunen. Build quality semma-ya irukku. Body romba durable ah theriyudhu. Overall worth it, recommend pannalaam.",Tanglish,positive,build,build:positive,Yes,2,2025-02-23,18
R00328,P14,Aerochef AirFry 4L Air Fryer,Aerochef,Kitchen,5499,3,Okay okay,"Finish okay okay, average than. Basic use ku fine.",Tanglish,neutral,build,build:neutral,Yes,0,2025-02-23,9
R00329,P19,Vanta Watch Active,Vanta,Fitness Band,4999,3,Average than,"Intha price ku worth illa, overpriced. Anaalum fit romba nalla irukku, worth it. Romba light ah, fit um nalla irukku. Aana companion app paravala, oru alavuku fine. Price ku okay, vera option irundha paarunga.",Tanglish,neutral,value_for_money;comfort;app,value_for_money:negative;comfort:positive;app:neutral,No,0,2025-02-23,34
R00330,P12,Kelto Gamer 16,Kelto,Laptop,72999,3,Mixed feelings,"Using it daily for a week. Delivery was quick and the packaging was neat. But keyboard is really awful, quite disappointed. Trackpad is jumpy and misses clicks. Decent for the price, nothing special.",English,neutral,delivery;keyboard,delivery:positive;keyboard:negative,No,2,2025-02-24,33
R00331,P12,Kelto Gamer 16,Kelto,Laptop,72999,3,Mixed feelings,Been using it for a week now. Customer support resolved my query the same day. But the battery turned out underwhelming. Had to charge it twice a day. Okay for basic use.,English,neutral,customer_service;battery,customer_service:positive;battery:negative,Yes,0,2025-02-24,32
R00332,P13,Zyra QuickBlend 500W Mixer Grinder,Zyra,Kitchen,2499,2,Bad build,"Been using it for three months now. The finish turned out underwhelming. Feels flimsy already. That said, support was okay, nothing special. Save your money.",English,negative,build;customer_service,build:negative;customer_service:neutral,Yes,2,2025-02-24,25
R00333,P13,Zyra QuickBlend 500W Mixer Grinder,Zyra,Kitchen,2499,5,Great styling,The design turned out amazing. Colour and finish look really stylish.,English,positive,design,design:positive,Yes,2,2025-02-24,11
R00334,P02,Kelto Pixel Lite,Kelto,Smartphone,21999,5,Excellent purchase,"Got this during a sale. Charging speed is really solid, very happy with it. Also, the battery backup turned out amazing. Easily lasts a full day with heavy use.",English,positive,charging;battery,charging:positive;battery:positive,Yes,12,2025-02-25,29
R00335,P10,Orbix ProBook 15,Orbix,Laptop,45999,4,Super ah irukku,"Battery life semma-ya irukku. Oru full day thaanga romba easy ah irukku. Aana performance romba mosam. Aana pa, keyboard and trackpad semma-ya irukku. Backlight keyboard useful ah irukku. Confirm ah vaangalaam. 😍",Tanglish,positive,battery;performance;keyboard,battery:positive;performance:negative;keyboard:positive,Yes,0,2025-02-25,32
R00336,P11,Vanta Slim 3,Vanta,Laptop,34999,5,Great screen,"Upgraded from my old one. You get a lot for the money. Plus, loving the screen quality, it is fantastic. Definitely recommend it.",English,positive,value_for_money;display,value_for_money:positive;display:positive,Yes,4,2025-02-25,23
R00337,P13,Zyra QuickBlend 500W Mixer Grinder,Zyra,Kitchen,2499,2,Worth the money,"Got this during a sale. The design turned out fantastic. But the finish is terrible. However, the noise level is solid. No rattling even at full speed. Overall very happy with the purchase.",English,positive,design;build;noise,design:positive;build:negative;noise:positive,Yes,13,2025-02-25,33
R00338,P14,Aerochef AirFry 4L Air Fryer,Aerochef,Kitchen,5499,3,Average product,"Totally worth the price. But operating noise is really awful, quite disappointed. Makes a rattling noise at high speed. Wait for a discount before buying.",English,neutral,value_for_money;noise,value_for_money:positive;noise:negative,Yes,6,2025-02-25,25
R00339,P16,Tunex Induction Cooktop,Tunex,Kitchen,2799,1,Bad finish,The finish is awful. Feels flimsy already. Save your money.,English,negative,build,build:negative,Yes,3,2025-02-25,10
R00340,P19,Vanta Watch Active,Vanta,Fitness Band,4999,5,Romba nalla irukku,Price ku romba worth. Adhoda fit semma-ya irukku. Neram fulla pottukittu irundhaalum valikkave illa.,Tanglish,positive,value_for_money;comfort,value_for_money:positive;comfort:positive,Yes,4,2025-02-25,14
R00341,P02,Kelto Pixel Lite,Kelto,Smartphone,21999,4,Loved it,Sadly the camera is disappointing. But arrived a day early and well packed. Honestly the charging speed is superb for this price. Quick top-ups save me every morning.,English,positive,camera;delivery;charging,camera:negative;delivery:positive;charging:positive,Yes,4,2025-02-26,28
R00342,P07,Kelto SoundMax ANC,Kelto,Headphones,5999,5,Super ah irukku,"Sale la vaangunen. Wearing comfort romba nalla irukku, worth it. Neram fulla pottukittu irundhaalum valikkave illa. Kaasu ku worth",Tanglish,positive,comfort,comfort:positive,Yes,9,2025-02-26,19
R00343,P09,Zephyr Air 14,Zephyr,Laptop,54999,5,Vaangalaam,customer care udane help pannaanga. 😍,Tanglish,positive,customer_service,customer_service:positive,Yes,1,2025-02-26,6
R00344,P09,Zephyr Air 14,Zephyr,Laptop,54999,5,Great battery backup,The battery backup is superb.,English,positive,battery,battery:positive,Yes,0,2025-02-26,5
R00345,P10,Orbix ProBook 15,Orbix,Laptop,45999,5,Great battery,"Arrived a day early and well packed. Plus, honestly the battery life is fantastic for this price. Easily lasts a full day with heavy use. Would buy again.",English,positive,delivery;battery,delivery:positive;battery:positive,Yes,2,2025-02-26,28
R00346,P11,Vanta Slim 3,Vanta,Laptop,34999,5,Value for money,The battery life turned out amazing. Go for it without a second thought.,English,positive,battery,battery:positive,Yes,3,2025-02-26,13
R00347,P11,Vanta Slim 3,Vanta,Laptop,34999,5,Very satisfied,Ordered this as a gift for my brother. Delivery was quick and the packaging was neat. Definitely recommend it.,English,positive,delivery,delivery:positive,Yes,4,2025-02-26,19
R00348,P16,Tunex Induction Cooktop,Tunex,Kitchen,2799,5,Great noise level,"Ordered this as a gift for my brother. Operating noise is really impressive, very happy with it. No rattling even at full speed. Also, the support team was very helpful.",English,positive,noise;customer_service,noise:positive;customer_service:positive,No,3,2025-02-26,30
R00349,P02,Kelto Pixel Lite,Kelto,Smartphone,21999,5,Excellent charging,"Fast charging is really fantastic, very happy with it. Honestly the processing speed is impressive for this price",English,positive,charging;performance,charging:positive;performance:positive,Yes,7,2025-02-27,18
R00350,P02,Kelto Pixel Lite,Kelto,Smartphone,21999,5,Vaangalaam,"fast charging semma-ya irukku. screen quality nalla irukku, no issues. aprm kaasu ku ettha value. romba santhosham.",Tanglish,positive,charging;display;value_for_money,charging:positive;display:positive;value_for_money:positive,No,2,2025-02-27,17
R00351,P07,Kelto SoundMax ANC,Kelto,Headphones,5999,3,Very satisfied,"Battery backup is fine, does the job. That said, delivery was quick and the packaging was neat. Go for it without a second thought.",English,positive,battery;delivery,battery:neutral;delivery:positive,Yes,11,2025-02-27,24
R00352,P16,Tunex Induction Cooktop,Tunex,Kitchen,2799,3,Price ku okay,noise level konjam problem ah irukku. speed kootinaa rattle sound varudhu. aana price ku romba worth.,Tanglish,neutral,noise;value_for_money,noise:negative;value_for_money:positive,Yes,3,2025-02-27,16
R00353,P16,Tunex Induction Cooktop,Tunex,Kitchen,2799,1,Could be better,Got this during a sale. Delivery took the usual time.,English,neutral,delivery,delivery:neutral,Yes,2,2025-02-27,10
R00354,P01,Zyra Nova 5G,Zyra,Smartphone,14999,3,Decent for the price,"The display turned out superb. Viewing angles are great and text is sharp. However, camera quality is really awful, quite disappointed. Okay for basic use.",English,neutral,display;camera,display:positive;camera:negative,No,3,2025-02-28,25
R00355,P06,Aerobeat Buds Air,Aerobeat,Headphones,2999,1,Disappointed,Purchased on a friend's suggestion. The connectivity is frustrating. Expected much better for the price.,English,negative,connectivity,connectivity:negative,Yes,2,2025-02-28,15
R00356,P19,Vanta Watch Active,Vanta,Fitness Band,4999,3,Does the job,"Purchased on a friend's suggestion. The wearing comfort is solid. Forgot I was wearing it during a long workout. That said, sadly the companion app is poor. The app keeps crashing and sync fails often.",English,neutral,comfort;app,comfort:positive;app:negative,Yes,13,2025-02-28,35
R00357,P02,Kelto Pixel Lite,Kelto,Smartphone,21999,5,Excellent screen quality,"Purchased on a friend's suggestion. Loving the screen, it is amazing. Colors are vivid and it gets bright enough outdoors.",English,positive,display,display:positive,Yes,0,2025-03-01,20
R00358,P02,Kelto Pixel Lite,Kelto,Smartphone,21999,5,Worth the money,bought this two days ago. you get a lot for the money. would buy again.,English,positive,value_for_money,value_for_money:positive,Yes,0,2025-03-01,15
R00359,P10,Orbix ProBook 15,Orbix,Laptop,45999,3,"Okay, not great","Great value for money at this price. However, sadly the display is frustrating. That said, build quality is neither great nor bad. Decent for the price, nothing special.",English,neutral,value_for_money;display;build,value_for_money:positive;display:negative;build:neutral,Yes,3,2025-03-01,28
R00360,P10,Orbix ProBook 15,Orbix,Laptop,45999,1,Vaanga vendam,"Friend recommend pannaan, vaangunen. Screen quality konjam problem ah irukku. Colour dull ah theriyudhu. Aana pa, build quality paravala, oru alavuku fine. Aana performance konjam problem ah irukku. Konjam apps open panna hang aagudhu.",Tanglish,negative,display;build;performance,display:negative;build:neutral;performance:negative,No,5,2025-03-01,34
R00361,P20,Orbix Fit Lite,Orbix,Fitness Band,1299,3,Average product,"The wearing comfort is very good. Forgot I was wearing it during a long workout. However, honestly the screen is frustrating for this price. Hard to read under sunlight. Decent for the price, nothing special.",English,neutral,comfort;display,comfort:positive;display:negative,Yes,13,2025-03-01,35
R00362,P07,Kelto SoundMax ANC,Kelto,Headphones,5999,4,Great product,"Been using it for two days now. Sadly the comfort is below average. That said, sound quality is really impressive, very happy with it. Bass is punchy without drowning the vocals. ANC is really fantastic, very happy with it. Overall very happy with the purchase.",English,positive,comfort;sound;noise_cancellation,comfort:negative;sound:positive;noise_cancellation:positive,No,10,2025-03-02,45
R00363,P11,Vanta Slim 3,Vanta,Laptop,34999,4,Worth the money,"Using it daily for five months. Build quality is really reliable, very happy with it. That said, typing experience is neither great nor bad.",English,positive,build;keyboard,build:positive;keyboard:neutral,Yes,3,2025-03-02,24
R00364,P14,Aerochef AirFry 4L Air Fryer,Aerochef,Kitchen,5499,3,Average than,"Friend recommend pannaan, vaangunen. Build paravala, oru alavuku fine. Discount la vaangina worth.",Tanglish,neutral,build,build:neutral,No,2,2025-03-02,13
R00365,P06,Aerobeat Buds Air,Aerobeat,Headphones,2999,3,Decent for the price,Honestly the noise cancelling is bad for this price. Still hear people talking around me with it on. But arrived a day early and well packed.,English,neutral,noise_cancellation;delivery,noise_cancellation:negative;delivery:positive,Yes,14,2025-03-03,26
R00366,P09,Zephyr Air 14,Zephyr,Laptop,54999,3,Fine for basic use,"Using it daily for a month. Keyboard and trackpad is fine, does the job. Fine, but there might be better options.",English,neutral,keyboard,keyboard:neutral,Yes,7,2025-03-03,21
R00367,P09,Zephyr Air 14,Zephyr,Laptop,54999,4,Great build,"Purchased on a friend's suggestion. Loving the finish, it is superb. Finish is excellent and it looks durable. However, performance is average for this price. Overall very happy with the purchase.",English,positive,build;performance,build:positive;performance:neutral,Yes,0,2025-03-03,31
R00368,P11,Vanta Slim 3,Vanta,Laptop,34999,5,Great product,The processing speed turned out impressive. Would buy again.,English,positive,performance,performance:positive,Yes,3,2025-03-03,9
R00369,P02,Kelto Pixel Lite,Kelto,Smartphone,21999,5,Semma product,sale la vaangunen. kaasu ku ettha value!!,Tanglish,positive,value_for_money,value_for_money:positive,Yes,0,2025-03-04,7
R00370,P14,Aerochef AirFry 4L Air Fryer,Aerochef,Kitchen,5499,3,Does the job,"Sadly the design is below average. That said, support was okay, nothing special. That said, the ease of cleaning turned out great. Parts are easy to wipe down and wash.",English,neutral,design;customer_service;cleaning,design:negative;customer_service:neutral;cleaning:positive,No,7,2025-03-04,30
R00371,P14,Aerochef AirFry 4L Air Fryer,Aerochef,Kitchen,5499,3,Excellent purchase,"Got this during a sale. The cleaning turned out reliable. Also, the styling turned out excellent. Colour and finish look really stylish. But support kept giving generic replies.",English,positive,cleaning;design;customer_service,cleaning:positive;design:positive;customer_service:negative,Yes,0,2025-03-04,28
R00372,P16,Tunex Induction Cooktop,Tunex,Kitchen,2799,1,Vaanga vendam,"friend recommend pannaan, vaangunen. finish romba mosam. oru vaaramla scratch vandhuduthu. return pannalaam nu irukken.",Tanglish,negative,build,build:negative,Yes,9,2025-03-04,15
R00373,P01,Zyra Nova 5G,Zyra,Smartphone,14999,2,Not as expected,"Upgraded from my old one. Not worth the price at all. That said, delivery was quick and the packaging was neat. However, sadly the camera quality is below average. Photos look washed out in low light",English,negative,value_for_money;delivery;camera,value_for_money:negative;delivery:positive;camera:negative,No,4,2025-03-05,36
R00374,P06,Aerobeat Buds Air,Aerobeat,Headphones,2999,5,Excellent purchase,customer support resolved my query the same day. would buy again.,English,positive,customer_service,customer_service:positive,Yes,11,2025-03-05,11
R00375,P07,Kelto SoundMax ANC,Kelto,Headphones,5999,1,Ethirpaartha alavuku illa,Rendu naal use pannitu review podren. ANC romba mosam. Vaanga vendam nu solluven.,Tanglish,negative,noise_cancellation,noise_cancellation:negative,Yes,1,2025-03-05,13
R00376,P09,Zephyr Air 14,Zephyr,Laptop,54999,1,Regret buying,Sadly the finish is disappointing. Feels flimsy already.,English,negative,build,build:negative,Yes,0,2025-03-05,8
R00377,P11,Vanta Slim 3,Vanta,Laptop,34999,5,Romba nalla irukku,oru maasam use pannitu review podren. price ku romba worth. confirm ah vaangalaam.,Tanglish,positive,value_for_money,value_for_money:positive,Yes,1,2025-03-05,13
R00378,P14,Aerochef AirFry 4L Air Fryer,Aerochef,Kitchen,5499,1,Disappointed,"Ordered this as a gift for my brother. Cleanup is really terrible, quite disappointed. Food sticks and takes real scrubbing. Also, honestly the power output is underwhelming for this price. Takes forever to heat up. Honestly the operating noise is poor for this price. Expected much better for the price.",English,negative,cleaning;power;noise,cleaning:negative;power:negative;noise:negative,No,16,2025-03-05,50
R00379,P02,Kelto Pixel Lite,Kelto,Smartphone,21999,5,Super ah irukku,Oru maasam use pannitu review podren. Battery semma-ya irukku. Oru charge la rendu naal odudhu. Kaasu ku worth!!!,Tanglish,positive,battery,battery:positive,Yes,9,2025-03-06,18
R00380,P14,Aerochef AirFry 4L Air Fryer,Aerochef,Kitchen,5499,2,Mixed feelings,"The ease of cleaning is okay, nothnig special.",English,neutral,cleaning,cleaning:neutral,Yes,4,2025-03-06,8
R00381,P06,Aerobeat Buds Air,Aerobeat,Headphones,2999,1,Waste of money,connectivity konjam problem ah irukku. aprm paisa waste-nu thonudhu. idhukku vera product vaangalaam.,Tanglish,negative,connectivity;value_for_money,connectivity:negative;value_for_money:negative,No,0,2025-03-07,13
R00382,P07,Kelto SoundMax ANC,Kelto,Headphones,5999,5,Excellent sound,The audio quality is reliable. Music sounds rich and detailed at every volume. The wearing comfort is solid. Forgot I was wearing it during a long workout. Overall very happy with the purchase.,English,positive,sound;comfort,sound:positive;comfort:positive,No,1,2025-03-07,33
R00383,P13,Zyra QuickBlend 500W Mixer Grinder,Zyra,Kitchen,2499,2,Expected better,"Found cheaper alternatives with better features. That said, the power is decent but not outstanding. Would not recommend.",English,negative,value_for_money;power,value_for_money:negative;power:neutral,Yes,9,2025-03-07,18
R00384,P16,Tunex Induction Cooktop,Tunex,Kitchen,2799,5,Loved it,"The power output is amazing. Plus, design is really superb, very happy with it. Colour and finish look really stylish. Overall very happy with the purchase.",English,positive,power;design,power:positive;design:positive,Yes,4,2025-03-07,26
R00385,P07,Kelto SoundMax ANC,Kelto,Headphones,5999,3,Romba nalla irukku,"Sound semma-ya irukku. Anaalum wearing comfort normal ah irukku, special ah onnum illa.",Tanglish,positive,sound;comfort,sound:positive;comfort:neutral,Yes,5,2025-03-08,13
R00386,P13,Zyra QuickBlend 500W Mixer Grinder,Zyra,Kitchen,2499,5,Value for money,"The finish is amazing. Also, the cleaning is fantastic",English,positive,build;cleaning,build:positive;cleaning:positive,No,5,2025-03-08,9
R00387,P14,Aerochef AirFry 4L Air Fryer,Aerochef,Kitchen,5499,4,Excellent build,"Overpriced for what you get. That said, the build is excellent. Plus, loving the power, it is superb.",English,positive,value_for_money;build;power,value_for_money:negative;build:positive;power:positive,Yes,0,2025-03-08,18
R00388,P07,Kelto SoundMax ANC,Kelto,Headphones,5999,5,Worth the money,Purchased on a friend's suggestion. The battery backup is great. Would buy again,English,positive,battery,battery:positive,Yes,2,2025-03-09,13
R00389,P07,Kelto SoundMax ANC,Kelto,Headphones,5999,3,Fine for basic use,"Ordered this as a gift for my brother. Delivery took the usual time. However, sound quality is really amazing, very happy with it. Music sounds rich and detaield at every volume. However, honestly the ANC is underwhelming for this price. Wait for a discount before buying.",English,neutral,delivery;sound;noise_cancellation,delivery:neutral;sound:positive;noise_cancellation:negative,Yes,10,2025-03-09,46
R00390,P10,Orbix ProBook 15,Orbix,Laptop,45999,1,Romba mosam,Display avlo nalla illa.,Tanglish,negative,display,display:negative,Yes,0,2025-03-09,4
R00391,P10,Orbix ProBook 15,Orbix,Laptop,45999,2,Do not buy,"Price is fair, neither cheap nor expensive. However, honestly the performance is underwhelming for this price. Heats up and slows down after some time. Expected much better for the price.",English,negative,value_for_money;performance,value_for_money:neutral;performance:negative,Yes,0,2025-03-09,30
R00392,P13,Zyra QuickBlend 500W Mixer Grinder,Zyra,Kitchen,2499,5,Excellent noise level,"Purchased on a friend's suggestion. The operating noise turned out amazing. Runs very quietly, barely noticeable. Lvoing the overall design, it is amazing. Compact design saves counter space.",English,positive,noise;design,noise:positive;design:positive,No,3,2025-03-09,28
R00393,P02,Kelto Pixel Lite,Kelto,Smartphone,21999,5,Super ah irukku,"Gift ku vaangunen, ippo use pannitu irukken. Charging semma-ya irukku. Oru mani neram la full charge aagiduthu. Overall worth it, recommend pannalaam.",Tanglish,positive,charging,charging:positive,Yes,2,2025-03-10,22
R00394,P06,Aerobeat Buds Air,Aerobeat,Headphones,2999,3,Does the job,"The noise cancelling is bad. Adds a weird pressure feeling in the ears. That said, the battery backup turned out impressive. One charge gets me through two days of normal use. Decent for the price, nothing special.",English,neutral,noise_cancellation;battery,noise_cancellation:negative;battery:positive,Yes,0,2025-03-10,37
R00395,P10,Orbix ProBook 15,Orbix,Laptop,45999,3,Disappointed,Honestly the processing speed is disappointing for this price. Hangs randomly and needs a restart,English,negative,performance,performance:negative,Yes,2,2025-03-10,15
R00396,P11,Vanta Slim 3,Vanta,Laptop,34999,1,Disappointed,Sadly the keyboard is below average. Trackpad is jumpy and misses clicks.,English,negative,keyboard,keyboard:negative,Yes,6,2025-03-10,12
R00397,P12,Kelto Gamer 16,Kelto,Laptop,72999,5,Value for money,"Been using it for two weeks now. Processing speed is really fantastic, very happy with it. No lag even with heavy games running. Honestly the screen quality is superb for this price. Scrolling feels buttery smooth. Overall very happy with the purchase.",English,positive,performance;display,performance:positive;display:positive,Yes,3,2025-03-10,42
R00398,P11,Vanta Slim 3,Vanta,Laptop,34999,5,Superb quality,"Been using it for three months now. Arrived a day early and well packed. Plus, loving the typing experience, it is superb. Long typing sessions are no problem. Definitely recommend it.",English,positive,delivery;keyboard,delivery:positive;keyboard:positive,Yes,8,2025-03-11,31
R00399,P12,Kelto Gamer 16,Kelto,Laptop,72999,4,Loved it,"Using it daily for two days. Finish is average for this price. That said, display is really reliable, very happy with it.",English,positive,build;display,build:neutral;display:positive,Yes,12,2025-03-11,22
R00400,P06,Aerobeat Buds Air,Aerobeat,Headphones,2999,2,Vaanga vendam,"noise cancellation disappointing, ethirpaartha alavuku illa. periya difference onnum theriyala. aana comfort nalla irukku, no issues. aana intha price ku worth illa, overpriced. vaanga vendam nu solluven.",Tanglish,negative,noise_cancellation;comfort;value_for_money,noise_cancellation:negative;comfort:positive;value_for_money:negative,No,6,2025-03-12,27
R00401,P12,Kelto Gamer 16,Kelto,Laptop,72999,3,Could be better,"Bought this five months ago. The support team was very helpful. However, not worth the price at all.",English,neutral,customer_service;value_for_money,customer_service:positive;value_for_money:negative,No,1,2025-03-12,18
R00402,P02,Kelto Pixel Lite,Kelto,Smartphone,21999,3,Does the job,"Using it daily for five months. Battery is average for this price. Fine, but there might be better options.",English,neutral,battery,battery:neutral,No,3,2025-03-13,19
R00403,P09,Zephyr Air 14,Zephyr,Laptop,54999,4,Great product,"Battrey is neither great nor bad. However, loving the build quality, it is impressive. Solid body with no creaks or flex. Go for it without a second thought.",English,positive,battery;build,battery:neutral;build:positive,Yes,3,2025-03-13,28
R00404,P14,Aerochef AirFry 4L Air Fryer,Aerochef,Kitchen,5499,1,Expected better,Purchased on a friend's suggestion. Honestly the cleanup is bad for this price. Coating started peeling after a few washes.,English,negative,cleaning,cleaning:negative,Yes,8,2025-03-13,20
R00405,P19,Vanta Watch Active,Vanta,Fitness Band,4999,1,Not as expected,Found cheaper alternatives with better features. Regret buying this.,English,negative,value_for_money,value_for_money:negative,No,6,2025-03-13,9
R00406,P02,Kelto Pixel Lite,Kelto,Smartphone,21999,4,Very satisfied,Charging is neither great nor bad. But the screen quality is amazing. Viewing angles are great and text is sharp. 😍,English,positive,charging;display,charging:neutral;display:positive,Yes,9,2025-03-14,21
R00407,P10,Orbix ProBook 15,Orbix,Laptop,45999,5,Semma product,"screen quality vera level, price ku nalla irukku. customer care udane help pannaanga. build vera level, price ku nalla irukku. body romba durable ah theriyudhu. romba santhosham.",Tanglish,positive,display;customer_service;build,display:positive;customer_service:positive;build:positive,Yes,1,2025-03-15,27
R00408,P14,Aerochef AirFry 4L Air Fryer,Aerochef,Kitchen,5499,3,Okay okay,"Power output paravala, oru alavuku fine. Price ku okay, vera option irundha paarunga.",Tanglish,neutral,power,power:neutral,Yes,4,2025-03-15,13
R00409,P20,Orbix Fit Lite,Orbix,Fitness Band,1299,5,Great wearing comfort,"Been using it for five months now. Fit is really solid, very happy with it. Forgot I was wearing it during a long workout. Loving the app, it is reliable. Also, honestly the battery life is excellent for this price. Would buy again!!",English,positive,comfort;app;battery,comfort:positive;app:positive;battery:positive,Yes,3,2025-03-15,43
R00410,P06,Aerobeat Buds Air,Aerobeat,Headphones,2999,4,Happy with this,Purchased on a friend's suggestion. You get a lot for the money.,English,positive,value_for_money,value_for_money:positive,Yes,0,2025-03-16,12
R00411,P11,Vanta Slim 3,Vanta,Laptop,34999,5,Excellent purchase,"Battery life is really reliable, very happy with it. One charge gets me through two days of normal use. Also, hnoestly the processing speed is superb for this price. Apps open instantly and multitasking is smooth. Definitely recommend it.",English,positive,battery;performance,battery:positive;performance:positive,Yes,0,2025-03-16,39
R00412,P13,Zyra QuickBlend 500W Mixer Grinder,Zyra,Kitchen,2499,5,Great product,"The build quality is fantastic. Plus, customer support resolved my query the same day. Go for it without a second thought.",English,positive,build;customer_service,build:positive;customer_service:positive,Yes,1,2025-03-16,21
R00413,P07,Kelto SoundMax ANC,Kelto,Headphones,5999,4,Great ANC,"Noise cancelling is really impressive, very happy with it. Transparency mode sounds natural too. That said, the fit is decent but not outstanding. However, the sound quality turned out fantastic. Overall very happy with the purchase",English,positive,noise_cancellation;comfort;sound,noise_cancellation:positive;comfort:neutral;sound:positive,Yes,2,2025-03-18,36
R00414,P14,Aerochef AirFry 4L Air Fryer,Aerochef,Kitchen,5499,3,Vaanga vendam,"Rendu vaaram use pannitu review podren. Idha vida kammi price la nalla options irukku. Anaalum power vera level, price ku nalla irukku. Anaalum noise level disappointing, ethirpaartha alavuku illa. Speed kootinaa rattle sound varudhu.",Tanglish,negative,value_for_money;power;noise,value_for_money:negative;power:positive;noise:negative,Yes,1,2025-03-18,34
R00415,P20,Orbix Fit Lite,Orbix,Fitness Band,1299,3,Average product,"purchased on a friend's suggestion. battery life is really bad, quite disappointed. drains completely by evening. that said, the app is solid. decent for the price, nothing special.",English,neutral,battery;app,battery:negative;app:positive,No,1,2025-03-18,28
R00416,P07,Kelto SoundMax ANC,Kelto,Headphones,5999,5,Very satisfied,The sound quality turned out reliable. Clear highs and a well balanced sound signature. Go for it without a second thought.,English,positive,sound,sound:positive,Yes,4,2025-03-21,21
R00417,P07,Kelto SoundMax ANC,Kelto,Headphones,5999,1,Disappointing bluetooth connectivity,The bluetooth connectivity turned out bad. Disconnects randomly in the middle of calls. Save your money 👎,English,negative,connectivity,connectivity:negative,Yes,0,2025-03-21,17
R00418,P09,Zephyr Air 14,Zephyr,Laptop,54999,5,Semma product,"Online la vaangunen. Keyboard semma-ya irukku. Battery life romba nalla irukku, worth it. Oru full day thaanga romba easy ah irukku.",Tanglish,positive,keyboard;battery,keyboard:positive;battery:positive,Yes,0,2025-03-21,21
R00419,P14,Aerochef AirFry 4L Air Fryer,Aerochef,Kitchen,5499,2,Waste of money,"power output waste, expect pannadhu kedaikala. adhoda cleanup konjam problem ah irukku. aana support team romba helpful.",Tanglish,negative,power;cleaning;customer_service,power:negative;cleaning:negative;customer_service:positive,Yes,2,2025-03-21,17
R00420,P16,Tunex Induction Cooktop,Tunex,Kitchen,2799,5,Value for money,"Honestly the noise level is superb for this price. Runs very quietly, barely noticeable.",English,positive,noise,noise:positive,Yes,0,2025-03-21,14
R00421,P10,Orbix ProBook 15,Orbix,Laptop,45999,5,Good buy,"Loivng the build quality, it is excellent. Worth every rupee.",English,positive,build,build:positive,Yes,0,2025-03-22,10
R00422,P13,Zyra QuickBlend 500W Mixer Grinder,Zyra,Kitchen,2499,3,Price ku okay,"friend recommend pannaan, vaangunen. overall design disappointing, ethirpaartha alavuku illa. anaalum finish vera level, price ku nalla irukku. anaalum noise level normal ah irukku, special ah onnum illa. discount la vaangina worth.",Tanglish,neutral,design;build;noise,design:negative;build:positive;noise:neutral,Yes,1,2025-03-22,32
R00423,P02,Kelto Pixel Lite,Kelto,Smartphone,21999,3,Highly recommended,"Loving the battery backup, it is impressive. One charge gets me through two days of normal use. But the camera quality is okay, nothing special.",English,positive,battery;camera,battery:positive;camera:neutral,Yes,3,2025-03-23,25
R00424,P14,Aerochef AirFry 4L Air Fryer,Aerochef,Kitchen,5499,4,Highly recommended,The support team was very helpful.,English,positive,customer_service,customer_service:positive,Yes,0,2025-03-23,6
R00425,P14,Aerochef AirFry 4L Air Fryer,Aerochef,Kitchen,5499,5,Superb quality,"Ordered this as a gift for my brother. The operating noise is great. Runs very quietly, barely noticeable. Would buy again.",English,positive,noise,noise:positive,Yes,6,2025-03-23,21
R00426,P02,Kelto Pixel Lite,Kelto,Smartphone,21999,1,Vaanga vendam,"Rendu naal use pannitu review podren. Battery normal ah irukku, special ah onnum illa. Aana pa, processing speed romba mosam. Idhukku vera product vaangalaam.",Tanglish,negative,battery;performance,battery:neutral;performance:negative,Yes,1,2025-03-24,24
R00427,P10,Orbix ProBook 15,Orbix,Laptop,45999,3,Decent for the price,"Got this during a sale. Not worth the price at all. That said, the keyboard turned out impressive. Typing feels comfortable with good key travel.",English,neutral,value_for_money;keyboard,value_for_money:negative;keyboard:positive,Yes,2,2025-03-24,25
R00428,P13,Zyra QuickBlend 500W Mixer Grinder,Zyra,Kitchen,2499,2,Paisa waste,"Friend recommend pannaan, vaangunen. Finish disappointing, ethirpaartha alavuku illa. Plastic cheap ah irukku, cracking sound varudhu. Return pannalaam nu irukken",Tanglish,negative,build,build:negative,Yes,1,2025-03-24,20
R00429,P02,Kelto Pixel Lite,Kelto,Smartphone,21999,5,Semma product,"Customer care udane help pannaanga. Adhoda charging nalla irukku, no issues. Oru mani neram la full charge aagiduthu. Confirm ah vaangalaam.",Tanglish,positive,customer_service;charging,customer_service:positive;charging:positive,Yes,6,2025-03-25,21
R00430,P06,Aerobeat Buds Air,Aerobeat,Headphones,2999,5,Great battery life,Bought this two days ago. Honestly the battery life is very good for this price. One charge gets me through two days of normal use,English,positive,battery,battery:positive,Yes,2,2025-03-25,25
R00431,P06,Aerobeat Buds Air,Aerobeat,Headphones,2999,5,Superb quality,Arrived a day early and well packed. Definitely recommend it.,English,positive,delivery,delivery:positive,Yes,3,2025-03-25,10
R00432,P14,Aerochef AirFry 4L Air Fryer,Aerochef,Kitchen,5499,5,Excellent power,"Loving the power, it is amazing. Heats up quiclky and holds the temperature. The noise level turned out amazing. Much quieter than my previous one. Go for it without a second thought.",English,positive,power;noise,power:positive;noise:positive,Yes,11,2025-03-25,32
R00433,P01,Zyra Nova 5G,Zyra,Smartphone,14999,4,Average product,Upgraded from my old one. Sadly the camera is terrible. But the screen quality is great. Viewing angles are great and text is sharp.,English,neutral,camera;display,camera:negative;display:positive,Yes,3,2025-03-26,24
R00434,P02,Kelto Pixel Lite,Kelto,Smartphone,21999,5,Highly recommended,"The battery life is excellent. Also, honestly the fast charging is amazing for this price. Charges from 0 to 100 in under an hour. Plus, the screen quality turned out solid. Viewing angles are great and text is sharp. Worth every rupee.",English,positive,battery;charging;display,battery:positive;charging:positive;display:positive,Yes,7,2025-03-26,42
R00435,P06,Aerobeat Buds Air,Aerobeat,Headphones,2999,3,Paravala,"Noise cancelling romba nalla irukku, worth it. On pannina veliya sound kekkave illa. Anaalum paisa waste-nu thonudhu. Discount la vaangina worth.",Tanglish,neutral,noise_cancellation;value_for_money,noise_cancellation:positive;value_for_money:negative,Yes,0,2025-03-26,21
R00436,P07,Kelto SoundMax ANC,Kelto,Headphones,5999,5,Excellent purchase,Purchased on a friend's suggestion. The audio quality turned out great. Music sounds rich and detailed at every volume. Worth every rupee.,English,positive,sound,sound:positive,No,13,2025-03-26,22
R00437,P09,Zephyr Air 14,Zephyr,Laptop,54999,4,Superb keyboard,"The keyboard and trackpad turned out great. Typing feels comfortable with good key travel. That said, packaging was okay. Overall very happy with the purchase.",English,positive,keyboard;delivery,keyboard:positive;delivery:neutral,Yes,5,2025-03-26,25
R00438,P09,Zephyr Air 14,Zephyr,Laptop,54999,3,Paravala,"build vera level, price ku nalla irukku. body romba durable ah theriyudhu. aana processing speed konjam problem ah irukku.",Tanglish,neutral,build;performance,build:positive;performance:negative,Yes,1,2025-03-26,19
R00439,P11,Vanta Slim 3,Vanta,Laptop,34999,4,Semma product,"Sale la vaangunen. Keyboard and trackpad vera level, price ku nalla irukku. Backlight keyboard useful ah irukku. Customer care udane help pannaanga. Confirm ah vaangalaam",Tanglish,positive,keyboard;customer_service,keyboard:positive;customer_service:positive,Yes,3,2025-03-26,25
R00440,P11,Vanta Slim 3,Vanta,Laptop,34999,1,Waste of money,Using it daily for three months. The box was damaged when it arrived.,English,negative,delivery,delivery:negative,Yes,0,2025-03-26,13
R00441,P16,Tunex Induction Cooktop,Tunex,Kitchen,2799,5,Excellent purchase,Bought this six weeks ago. Totally worth the price.,English,positive,value_for_money,value_for_money:positive,Yes,4,2025-03-26,9
R00442,P06,Aerobeat Buds Air,Aerobeat,Headphones,2999,5,Worth it bro,"Battery romba nalla irukku, worth it. Oru charge la rendu naal odudhu. ANC romba nalla irukku, worth it. Bus noise ellam nalla block aagudhu.",Tanglish,positive,battery;noise_cancellation,battery:positive;noise_cancellation:positive,Yes,0,2025-03-27,24
R00443,P07,Kelto SoundMax ANC,Kelto,Headphones,5999,4,Good buy,"Got this during a sale. The noise cancelling is decent but not outstanding. But battery backup is really excellent, very happy with it. Would buy again.",English,positive,noise_cancellation;battery,noise_cancellation:neutral;battery:positive,No,2,2025-03-27,26
R00444,P07,Kelto SoundMax ANC,Kelto,Headphones,5999,1,Waste of money,"Intha price ku worth illa, overpriced.",Tanglish,negative,value_for_money,value_for_money:negative,Yes,1,2025-03-27,6
R00445,P11,Vanta Slim 3,Vanta,Laptop,34999,4,Kaasu ku worth,"build quality nalla irukku, no issues. build romba strong ah, premium feel irukku. aana display paravala, oru alavuku fine. 😍",Tanglish,positive,build;display,build:positive;display:neutral,Yes,21,2025-03-27,20
R00446,P14,Aerochef AirFry 4L Air Fryer,Aerochef,Kitchen,5499,5,Excellent cleaning,"Upgraded from my old one. Arrived a day early and well packed. Also, the ease of cleaning is very good. Parts are easy to wipe down and wash. Would buy again!!!",English,positive,delivery;cleaning,delivery:positive;cleaning:positive,Yes,19,2025-03-27,31
R00447,P07,Kelto SoundMax ANC,Kelto,Headphones,5999,1,Ethirpaartha alavuku illa,"Wearing comfort waste, expect pannadhu kedaikala. Adhoda battery romba mosam. Evening aagumbodhe charge theerndhu poiduthu. Paisa waste.",Tanglish,negative,comfort;battery,comfort:negative;battery:negative,Yes,1,2025-03-28,17
R00448,P11,Vanta Slim 3,Vanta,Laptop,34999,4,Super ah irukku,"Gift ku vaangunen, ippo use pannitu irukken. Sonna naal ku munnadiye vandhuduthu. Aana typing experience disappointing, ethirpaartha alavuku illa. Trackpad sariya work aagala. Aana pa, battery backup vera level, price ku nalla irukku. Kaasu ku worth",Tanglish,positive,delivery;keyboard;battery,delivery:positive;keyboard:negative;battery:positive,Yes,4,2025-03-28,36
R00449,P18,Zyra Band 5,Zyra,Fitness Band,2499,1,Disappointed,"tracking accuracy normal ah irukku, special ah onnum illa. anaalum battery backup konjam problem ah irukku. evening aagumbodhe charge theerndhu poiduthu. aana pa, wearing comfort paravala, oru alavuku fine. return pannalaam nu irukken.",Tanglish,negative,tracking;battery;comfort,tracking:neutral;battery:negative;comfort:neutral,Yes,1,2025-03-28,33
R00450,P18,Zyra Band 5,Zyra,Fitness Band,2499,2,Mixed feelings,Got this during a sale. Screen is neither great nor bad.,English,neutral,display,display:neutral,No,0,2025-03-28,11
R00451,P19,Vanta Watch Active,Vanta,Fitness Band,4999,5,Kaasu ku worth,"Online la vaangunen. Battery backup vera level, price ku nalla irukku. Aana pa, tracking avlo nalla illa. Aana pa, screen quality super ah work aagudhu.",Tanglish,positive,battery;tracking;display,battery:positive;tracking:negative;display:positive,Yes,2,2025-03-28,25
R00452,P10,Orbix ProBook 15,Orbix,Laptop,45999,3,"Okay, not great","Been using it for a week now. Honestly the display is great for this price. Viewing angles are great and text is sharp. That said, support kept giving generic replies.",English,neutral,display;customer_service,display:positive;customer_service:negative,Yes,4,2025-03-29,30
R00453,P18,Zyra Band 5,Zyra,Fitness Band,2499,5,Highly recommended,"Bought this a week ago. Loving the tracking, it is fantastic",English,positive,tracking,tracking:positive,No,2,2025-03-29,11
R00454,P18,Zyra Band 5,Zyra,Fitness Band,2499,5,Superb battery backup,"Loving the battery, it is very good. Easily lasts a full day with heavy use. Also, totally worth the price.",English,positive,battery;value_for_money,battery:positive;value_for_money:positive,Yes,5,2025-03-29,20
R00455,P01,Zyra Nova 5G,Zyra,Smartphone,14999,5,Kaasu ku worth,"Screen romba nalla irukku, worth it. Aprm battery life super ah work aagudhu. Oru charge la rendu naal odudhu. Adhoda performance romba nalla irukku, worth it. Games kooda smooth ah odudhu. Confirm ah vaangalaam.",Tanglish,positive,display;battery;performance,display:positive;battery:positive;performance:positive,Yes,6,2025-03-30,34
R00456,P07,Kelto SoundMax ANC,Kelto,Headphones,5999,5,Excellent battery,"Ordered this as a gift for my brother. Loving the battery, it is solid. Barely drops overnight on standby. The sound quality is very good. Clear highs and a well balanced sound signature!!!",English,positive,battery;sound,battery:positive;sound:positive,Yes,8,2025-03-30,33
R00457,P18,Zyra Band 5,Zyra,Fitness Band,2499,5,Good buy,"Sadly the companion app is terrible. However, honestly the screen is impressive for this price. Also, the step tracking turned out superb.",English,positive,app;display;tracking,app:negative;display:positive;tracking:positive,Yes,6,2025-03-30,22
R00458,P13,Zyra QuickBlend 500W Mixer Grinder,Zyra,Kitchen,2499,5,Worth it bro,"Design vera level, price ku nalla irukku. Compact ah irukku, idam kammi ah edukkudhu. Cleaning semma-ya irukku. Romba santhosham.",Tanglish,positive,design;cleaning,design:positive;cleaning:positive,Yes,5,2025-03-31,19
R00459,P14,Aerochef AirFry 4L Air Fryer,Aerochef,Kitchen,5499,5,Very satisfied,"Upgraded from my old one. Delivery was quick and the packaging was neat. Also, loving the power output, it is great. Handles tough jobs in seconds. Worth every rupee.",English,positive,delivery;power,delivery:positive;power:positive,No,0,2025-03-31,29
R00460,P18,Zyra Band 5,Zyra,Fitness Band,2499,3,Paravala,"online la vaangunen. fit waste, expect pannadhu kedaikala. workout pannumbodhu vizhundhutte irukku. anaalum screen vera level, price ku nalla irukku. screen bright ah irukku, colours vivid ah theriyudhu. price ku okay, vera option irundha paarunga.",Tanglish,neutral,comfort;display,comfort:negative;display:positive,Yes,6,2025-03-31,35
R00461,P01,Zyra Nova 5G,Zyra,Smartphone,14999,3,Okay okay,"Sale la vaangunen. Camera konjam problem ah irukku. Anaalum screen nalla irukku, no issues. Scroll romba smooth ah irukku.",Tanglish,neutral,camera;display,camera:negative;display:positive,Yes,0,2025-04-01,19
R00462,P07,Kelto SoundMax ANC,Kelto,Headphones,5999,5,Great ANC,"Ordered this as a gift for my brother. The support team was very helpful. Also, the noise cancellation turned out very good. Cuts out the metro noise almost completely. But not worth the price at all. Would buy again.",English,positive,customer_service;noise_cancellation;value_for_money,customer_service:positive;noise_cancellation:positive;value_for_money:negative,Yes,12,2025-04-01,39
R00463,P14,Aerochef AirFry 4L Air Fryer,Aerochef,Kitchen,5499,1,Ethirpaartha alavuku illa,"Oru vaaram use pannitu review podren. Ease of cleaning disappointing, ethirpaartha alavuku illa. Food ottikkudhu, clean panna kashtam.",Tanglish,negative,cleaning,cleaning:negative,Yes,1,2025-04-01,18
R00464,P18,Zyra Band 5,Zyra,Fitness Band,2499,3,Average product,"the box was damaged when it arrived. but honestly the tracking is impressive for this price. fine, but there might be better options.",English,neutral,delivery;tracking,delivery:negative;tracking:positive,Yes,13,2025-04-01,23
R00465,P09,Zephyr Air 14,Zephyr,Laptop,54999,3,Fine for basic use,"Honestly the keyboard and trackpad is below average for this price. However, the battery is amazing. One charge gets me through two days of normal use.",English,neutral,keyboard;battery,keyboard:negative;battery:positive,Yes,8,2025-04-02,26
R00466,P12,Kelto Gamer 16,Kelto,Laptop,72999,5,Loved it,Ordered this as a gift for my brother. Typing experience is average for this price. But honestly the battery life is great for this price.,English,positive,keyboard;battery,keyboard:neutral;battery:positive,Yes,1,2025-04-02,25
R00467,P14,Aerochef AirFry 4L Air Fryer,Aerochef,Kitchen,5499,1,Disappointed,Honestly the design is terrible for this price. Regret buying this.,English,negative,design,design:negative,Yes,0,2025-04-02,11
R00468,P16,Tunex Induction Cooktop,Tunex,Kitchen,2799,5,Superb quality,"Upgraded from my old one. Honestly the power is impressive for this price. Heats up quickly and holds the temperature. Plus, noise level is really excellent, very happy with it. Runs very quietly, barely noticeable. Plus, honestly the build is solid for this price. Definitely recommend it.",English,positive,power;noise;build,power:positive;noise:positive;build:positive,Yes,9,2025-04-02,47
R00469,P18,Zyra Band 5,Zyra,Fitness Band,2499,2,Great product,"The tracking is impressive. Sleep tracking gives useful details. However, comfort is average for this price. But the companion app turned out superb. The companion app is clean and syncs quickly. Would buy again.",English,positive,tracking;comfort;app,tracking:positive;comfort:neutral;app:positive,Yes,9,2025-04-02,34
R00470,P12,Kelto Gamer 16,Kelto,Laptop,72999,3,Average than,"Moonu maasam use pannitu review podren. Overall speed disappointing, ethirpaartha alavuku illa. Romba heat aagi slow aagiduthu. Aana display romba nalla irukku, worth it. Screen bright ah irukku, colours vivid ah theriyudhu. Basic use ku fine.",Tanglish,neutral,performance;display,performance:negative;display:positive,Yes,15,2025-04-03,36
R00471,P18,Zyra Band 5,Zyra,Fitness Band,2499,5,Kaasu ku worth,"gift ku vaangunen, ippo use pannitu irukken. app vera level, price ku nalla irukku. adhoda sonna naal ku munnadiye vandhuduthu. adhoda support team romba helpful",Tanglish,positive,app;delivery;customer_service,app:positive;delivery:positive;customer_service:positive,No,7,2025-04-03,25
R00472,P18,Zyra Band 5,Zyra,Fitness Band,2499,5,Happy with this,Honestly the battery life is fantastic for this price. Barely drops overnight on standby. Worth every rupee.,English,positive,battery,battery:positive,Yes,0,2025-04-03,17
R00473,P02,Kelto Pixel Lite,Kelto,Smartphone,21999,3,Romba nalla irukku,"Battery okay okay, average than. Anaalum sonna naal ku munnadiye vandhuduthu.",Tanglish,positive,battery;delivery,battery:neutral;delivery:positive,Yes,0,2025-04-04,11
R00474,P10,Orbix ProBook 15,Orbix,Laptop,45999,2,Do not buy,"Typing experience is fine, does the job. But customer service was unhelpful and never replied properly.",English,negative,keyboard;customer_service,keyboard:neutral;customer_service:negative,Yes,2,2025-04-04,16
R00475,P11,Vanta Slim 3,Vanta,Laptop,34999,3,Could be better,"The build quality is reliable. Feels sturdy and premium in hand. However, sadly the keyboard and trackpad is awful. Backlight is too dim to be useful. Wait for a discount before buying",English,neutral,build;keyboard,build:positive;keyboard:negative,No,5,2025-04-04,32
R00476,P13,Zyra QuickBlend 500W Mixer Grinder,Zyra,Kitchen,2499,1,Disappointed,Rendu vaaram use pannitu review podren. Ease of cleaning avlo nalla illa. Konjam naal la coating pogudhu.,Tanglish,negative,cleaning,cleaning:negative,Yes,1,2025-04-04,17
R00477,P07,Kelto SoundMax ANC,Kelto,Headphones,5999,4,Very satisfied,"Loving the audio quality, it is superb. Bass is punchy without drowning the vocals. Definitely recommend it.",English,positive,sound,sound:positive,No,1,2025-04-05,17
R00478,P14,Aerochef AirFry 4L Air Fryer,Aerochef,Kitchen,5499,5,Kaasu ku worth,"delivery fast ah vandhuchu, packing nalla irundhuchu. adhoda operating noise nalla irukku, no issues. sound romba kammi, gavanikkave mudiyala. aana pa, ease of cleaning normal ah irukku, special ah onnum illa. romba santhosham",Tanglish,positive,delivery;noise;cleaning,delivery:positive;noise:positive;cleaning:neutral,No,6,2025-04-05,33
R00479,P02,Kelto Pixel Lite,Kelto,Smartphone,21999,4,Okay okay,"Sale la vaangunen. Battery waste, expect pannadhu kedaikala. Evening aagumbodhe charge theerndhu poiduthu. Aana pa, charging speed vera level, price ku nalla irukku. Fast charging nijamave fast ah irukku.",Tanglish,neutral,battery;charging,battery:negative;charging:positive,Yes,0,2025-04-06,29
R00480,P02,Kelto Pixel Lite,Kelto,Smartphone,21999,5,Excellent display,"upgraded from my old one. screen quality is really impressive, very happy with it. viewing angles are great and text is sharp. definitely recommend it.",English,positive,display,display:positive,Yes,6,2025-04-06,25
R00481,P13,Zyra QuickBlend 500W Mixer Grinder,Zyra,Kitchen,2499,3,Fine for basic use,"Got this during a sale. Honestly the styling is amazing for this price. That said, the cleaning turned out disappointing. Food sticks and takes real scrubbing. Decent for the price, nothing special.",English,neutral,design;cleaning,design:positive;cleaning:negative,Yes,2,2025-04-06,32
R00482,P01,Zyra Nova 5G,Zyra,Smartphone,14999,4,Good buy,Using it daily for a month. Customer support resolved my query the same day. Worth every rupee.,English,positive,customer_service,customer_service:positive,Yes,7,2025-04-07,17
R00483,P06,Aerobeat Buds Air,Aerobeat,Headphones,2999,3,Fine for basic use,"The battery life is fantastic. Barely drops overnight on standby. However, customer service was unhelpful and never replied properly.",English,neutral,battery;customer_service,battery:positive;customer_service:negative,Yes,1,2025-04-07,19
R00484,P02,Kelto Pixel Lite,Kelto,Smartphone,21999,3,Could be better,"The camera is okay, nothing special. Fine, but there might be better options.",English,neutral,camera,camera:neutral,Yes,4,2025-04-08,13
R00485,P02,Kelto Pixel Lite,Kelto,Smartphone,21999,5,Happy with this,Using it daily for a month. Honestly the screen quality is reliable for this price. Colors are vivid and it gets brgiht enough outdoors. The camera turned out excellent. Daylight photos come out sharp with great colors.,English,positive,display;camera,display:positive;camera:positive,No,2,2025-04-08,37
R00486,P10,Orbix ProBook 15,Orbix,Laptop,45999,5,Happy with this,Got this during a sale. Delivery was quick and the packaging was neat. Worth every rupee.,English,positive,delivery,delivery:positive,Yes,2,2025-04-08,16
R00487,P10,Orbix ProBook 15,Orbix,Laptop,45999,1,Vaanga vendam,oru maasam use pannitu review podren. performance romba mosam.,Tanglish,negative,performance,performance:negative,Yes,2,2025-04-08,9
R00488,P13,Zyra QuickBlend 500W Mixer Grinder,Zyra,Kitchen,2499,3,Does the job,"Delivery was delayed by a week. That said, the build quality is impressive. Feels sturdy and premium in hand. Fine, but there might be better options.",English,neutral,delivery;build,delivery:negative;build:positive,Yes,0,2025-04-08,26
R00489,P18,Zyra Band 5,Zyra,Fitness Band,2499,2,Do not buy,"Been using it for a week now. Price is fair, neither cheap nor expensive. However, the companion app is underwhelming. Thinking of returning it.",English,negative,value_for_money;app,value_for_money:neutral;app:negative,Yes,4,2025-04-08,24
R00490,P09,Zephyr Air 14,Zephyr,Laptop,54999,4,Superb quality,"Got this during a sale. Price is fair, neither cheap nor expensive. But battery is really fantastic, very happy with it. Definitely recommend it.",English,positive,value_for_money;battery,value_for_money:neutral;battery:positive,Yes,8,2025-04-09,24
R00491,P11,Vanta Slim 3,Vanta,Laptop,34999,4,Kaasu ku worth,intha price ku semma product.,Tanglish,positive,value_for_money,value_for_money:positive,Yes,3,2025-04-09,5
R00492,P13,Zyra QuickBlend 500W Mixer Grinder,Zyra,Kitchen,2499,3,Price ku okay,"Online la vaangunen. Power output waste, expect pannadhu kedaikala. Aana delivery fast ah vandhuchu, packing nalla irundhuchu. Basic use ku fine.",Tanglish,neutral,power;delivery,power:negative;delivery:positive,Yes,19,2025-04-09,21
R00493,P09,Zephyr Air 14,Zephyr,Laptop,54999,4,Kaasu ku worth,"Online la vaangunen. Processing speed romba nalla irukku, worth it. Games kooda smooth ah odudhu. Aprm support team romba helpful.",Tanglish,positive,performance;customer_service,performance:positive;customer_service:positive,No,2,2025-04-10,20
R00494,P16,Tunex Induction Cooktop,Tunex,Kitchen,2799,1,Disappointing noise level,The operating noise turned out underwhelming. Thinking of returning it.,English,negative,noise,noise:negative,Yes,0,2025-04-10,10
R00495,P13,Zyra QuickBlend 500W Mixer Grinder,Zyra,Kitchen,2499,3,Could be better,Bought this two weeks ago. Cleanup is average for this price. Okay for basic use.,English,neutral,cleaning,cleaning:neutral,Yes,5,2025-04-11,15
R00496,P16,Tunex Induction Cooktop,Tunex,Kitchen,2799,5,Excellent power,"The power turned out solid. Heats up quickly and holds the temperature. Plus, delivery was quick and the packaging was neat. Definitely recommend it",English,positive,power;delivery,power:positive;delivery:positive,Yes,9,2025-04-11,24
R00497,P18,Zyra Band 5,Zyra,Fitness Band,2499,3,Mixed feelings,"The tracking is okay, nothing special. However, the fit is reliable. Cushions are soft and the fit is secure. But packaging was poor and delivery was late.",English,neutral,tracking;comfort;delivery,tracking:neutral;comfort:positive;delivery:negative,Yes,18,2025-04-11,27
R00498,P18,Zyra Band 5,Zyra,Fitness Band,2499,5,Superb screen,"Purchased on a friend's suggestion. Loving the screen, it is great. Scrolling feels buttery smooth. Ovearll very happy with the purchase.",English,positive,display,display:positive,Yes,3,2025-04-11,21
R00499,P20,Orbix Fit Lite,Orbix,Fitness Band,1299,4,Highly recommended,"The battery turned out disappointing. However, the comfort is excellent. Forgot I was wearing it during a long workout. Plus, honestly the screen quality is great for this price. Colors are vivid and it gets bright enough outdoors. Worth every rupee.",English,positive,battery;comfort;display,battery:negative;comfort:positive;display:positive,Yes,4,2025-04-12,41
R00500,P09,Zephyr Air 14,Zephyr,Laptop,54999,4,Excellent purchase,"Delivery was quick and the packaging was neat. Plus, loving the build, it is reliable. Finish is excellent and it looks durable",English,positive,delivery;build,delivery:positive;build:positive,Yes,5,2025-04-13,22
R00501,P13,Zyra QuickBlend 500W Mixer Grinder,Zyra,Kitchen,2499,3,Paravala,"Cleaning nalla irukku, no issues. Aana intha price ku worth illa, overpriced. Basic use ku fine.",Tanglish,neutral,cleaning;value_for_money,cleaning:positive;value_for_money:negative,Yes,2,2025-04-13,16
R00502,P14,Aerochef AirFry 4L Air Fryer,Aerochef,Kitchen,5499,2,Disappointed,"Online la vaangunen. Power output waste, expect pannadhu kedaikala. Heat aaga romba neram aagudhu. Aprm intha price ku worth illa, overpriced. Aana build quality romba nalla irukku, worth it.",Tanglish,negative,power;value_for_money;build,power:negative;value_for_money:negative;build:positive,Yes,1,2025-04-13,29
R00503,P01,Zyra Nova 5G,Zyra,Smartphone,14999,3,Loved it,"Bought this three months ago. Loving the battery life, it is impressive. One charge gets me through two days of normal use.",English,positive,battery,battery:positive,Yes,2,2025-04-14,22
R00504,P02,Kelto Pixel Lite,Kelto,Smartphone,21999,2,Excellent purchase,"Camera is really great, very happy with it. Also, you get a lot for the money.",English,positive,camera;value_for_money,camera:positive;value_for_money:positive,Yes,3,2025-04-14,16
R00505,P06,Aerobeat Buds Air,Aerobeat,Headphones,2999,5,Great connectivity,"Loving the connectivity, it is very good. Go for it without a second thought",English,positive,connectivity,connectivity:positive,Yes,1,2025-04-14,14
R00506,P14,Aerochef AirFry 4L Air Fryer,Aerochef,Kitchen,5499,5,Great operating noise,Got this during a sale. The noise level turned out amazing. No rattling even at full speed.,English,positive,noise,noise:positive,Yes,10,2025-04-14,17
R00507,P18,Zyra Band 5,Zyra,Fitness Band,2499,3,Average than,"oru vaaram use pannitu review podren. tracking accuracy vera level, price ku nalla irukku. steps count correct ah irukku. anaalum battery life konjam problem ah irukku. price ku okay, vera option irundha paarunga.",Tanglish,neutral,tracking;battery,tracking:positive;battery:negative,Yes,2,2025-04-14,33
R00508,P02,Kelto Pixel Lite,Kelto,Smartphone,21999,5,Semma product,"charging vera level, price ku nalla irukku. oru mani neram la full charge aagiduthu. customer care udane help pannaanga.",Tanglish,positive,charging;customer_service,charging:positive;customer_service:positive,Yes,0,2025-04-15,19
R00509,P07,Kelto SoundMax ANC,Kelto,Headphones,5999,5,Romba nalla irukku,"rendu naal use pannitu review podren. noise cancellation romba nalla irukku, worth it. bus noise ellam nalla block aagudhu. aprm sound quality semma-ya irukku. bass vera level, vocals um clear ah irukku.",Tanglish,positive,noise_cancellation;sound,noise_cancellation:positive;sound:positive,Yes,0,2025-04-15,32
R00510,P10,Orbix ProBook 15,Orbix,Laptop,45999,2,Vaanga vendam,"Processing speed konjam problem ah irukku. Aana build quality paravala, oru alavuku fine.",Tanglish,negative,performance;build,performance:negative;build:neutral,Yes,3,2025-04-15,13
R00511,P11,Vanta Slim 3,Vanta,Laptop,34999,5,Superb processing speed,"Loving the overall speed, it is reliable. Apps open instantly and multitasking is smooth.",English,positive,performance,performance:positive,Yes,0,2025-04-15,14
R00512,P12,Kelto Gamer 16,Kelto,Laptop,72999,5,Superb quality,"Ordered this as a gift for my brother. Honestly the processing speed is solid for this price. Handles everything I throw at it without slowing down. Also, the battery turned out solid. Barely drops overnight on standby. Worth every rupee!!!",English,positive,performance;battery,performance:positive;battery:positive,No,2,2025-04-15,40
R00513,P02,Kelto Pixel Lite,Kelto,Smartphone,21999,1,Disappointed,"Processing speed disappointing, ethirpaartha alavuku illa. Konjam apps open panna hang aagudhu.",Tanglish,negative,performance,performance:negative,Yes,3,2025-04-16,12
R00514,P06,Aerobeat Buds Air,Aerobeat,Headphones,2999,2,Waste of money,"Noise cancelling romba mosam. Wearing comfort romba mosam. Aana pa, pairing super ah work aagudhu. Vera room la irundhaalum connect la irukku.",Tanglish,negative,noise_cancellation;comfort;connectivity,noise_cancellation:negative;comfort:negative;connectivity:positive,Yes,1,2025-04-16,22
R00515,P12,Kelto Gamer 16,Kelto,Laptop,72999,3,Vaangalaam,"performance avlo nalla illa. romba heat aagi slow aagiduthu. aana pa, battery backup semma-ya irukku. oru charge la rendu naal odudhu. aprm intha price ku semma product. romba santhosham!!!",Tanglish,positive,performance;battery;value_for_money,performance:negative;battery:positive;value_for_money:positive,Yes,3,2025-04-16,29
R00516,P13,Zyra QuickBlend 500W Mixer Grinder,Zyra,Kitchen,2499,4,Great design,"Got this during a sale. The design is superb. Compact design saves counter space. Noise level is really great, very happy with it. Much quieter than my previous one. Worth every rupee.",English,positive,design;noise,design:positive;noise:positive,Yes,1,2025-04-16,32
R00517,P18,Zyra Band 5,Zyra,Fitness Band,2499,3,Okay okay,"Battery life romba mosam. Evening aagumbodhe charge theerndhu poiduthu. Anaalum fit nalla irukku, no issues. Romba light ah, fit um nalla irukku. Basic use ku fine.",Tanglish,neutral,battery;comfort,battery:negative;comfort:positive,Yes,2,2025-04-16,26
R00518,P13,Zyra QuickBlend 500W Mixer Grinder,Zyra,Kitchen,2499,5,Worth it bro,"Moonu maasam use pannitu review podren. Delivery fast ah vandhuchu, packing nalla irundhuchu.",Tanglish,positive,delivery,delivery:positive,Yes,6,2025-04-17,13
R00519,P13,Zyra QuickBlend 500W Mixer Grinder,Zyra,Kitchen,2499,4,Value for money,"Purchased on a friend's suggestion. Loving the noise level, it is impressive. Plus, the cleanup turned out superb. However, power output is really terrible, quite disappointed. Struggles with hard ingredients. Go for it without a second thought",English,positive,noise;cleaning;power,noise:positive;cleaning:positive;power:negative,Yes,2,2025-04-17,37
R00520,P14,Aerochef AirFry 4L Air Fryer,Aerochef,Kitchen,5499,5,Kaasu ku worth,"finish romba nalla irukku, worth it. build romba strong ah, premium feel irukku. ease of cleaning semma-ya irukku. clean pannradhu romba easy.",Tanglish,positive,build;cleaning,build:positive;cleaning:positive,Yes,6,2025-04-17,22
R00521,P16,Tunex Induction Cooktop,Tunex,Kitchen,2799,4,Super ah irukku,"Operating noise nalla irukku, no issues. Aprm power output super ah work aagudhu. Seekiram heat aagudhu.",Tanglish,positive,noise;power,noise:positive;power:positive,Yes,0,2025-04-17,16
R00522,P20,Orbix Fit Lite,Orbix,Fitness Band,1299,4,Mixed feelings,"Honestly the companion app is amazing for this price. Easy to set goals and view weekly reports. However, honestly the battery life is frustrating for this price.",English,neutral,app;battery,app:positive;battery:negative,Yes,10,2025-04-18,27
R00523,P02,Kelto Pixel Lite,Kelto,Smartphone,21999,4,Happy with this,"Fast charging is fine, does the job. However, loving the display, it is reliable. Viewing angles are great and text is sharp. But camera quality is neither great nor bad. Overall very happy with the purchase. 😍",English,positive,charging;display;camera,charging:neutral;display:positive;camera:neutral,Yes,1,2025-04-19,37
R00524,P06,Aerobeat Buds Air,Aerobeat,Headphones,2999,3,Decent for the price,Purchased on a friend's suggestion. Sadly the connectivity is underwhelming. Disconnects randomly in the middle of calls. But the battery turned out fantastic. Easily lasts a full day with heavy use.,English,neutral,connectivity;battery,connectivity:negative;battery:positive,Yes,5,2025-04-19,31
R00525,P09,Zephyr Air 14,Zephyr,Laptop,54999,4,Great keyboard,"Honestly the keyboard is impressive for this price. But the performance turned out awful. However, arrived a day early and well packed. Overall very happy with the purchase.",English,positive,keyboard;performance;delivery,keyboard:positive;performance:negative;delivery:positive,Yes,7,2025-04-19,28
R00526,P11,Vanta Slim 3,Vanta,Laptop,34999,5,Romba nalla irukku,Keyboard super ah work aagudhu. Backlight keyboard useful ah irukku. Romba santhosham.,Tanglish,positive,keyboard,keyboard:positive,Yes,1,2025-04-19,12
R00527,P18,Zyra Band 5,Zyra,Fitness Band,2499,5,Super ah irukku,"Fit vera level, price ku nalla irukku.",Tanglish,positive,comfort,comfort:positive,Yes,0,2025-04-19,7
R00528,P01,Zyra Nova 5G,Zyra,Smartphone,14999,4,"Okay, not great","The battery backup is amazing. Easily lasts a full day with heavy use. That said, overall speed is really frustrating, quite disappointed. That said, the display is okay, nothing special.",English,neutral,battery;performance;display,battery:positive;performance:negative;display:neutral,Yes,4,2025-04-20,30
R00529,P12,Kelto Gamer 16,Kelto,Laptop,72999,4,Highly recommended,the finish is great. solid body with no creaks or flex. definitely recommend it!!,English,positive,build,build:positive,Yes,1,2025-04-20,14
R00530,P14,Aerochef AirFry 4L Air Fryer,Aerochef,Kitchen,5499,1,Disappointed,"Sale la vaangunen. Finish konjam problem ah irukku. Oru vaaramla scratch vandhuduthu. Aprm paisa waste-nu thonudhu. Aprm operating noise disappointing, ethirpaartha alavuku illa. Speed kootinaa rattle sound varudhu. Return pannalaam nu irukken",Tanglish,negative,build;value_for_money;noise,build:negative;value_for_money:negative;noise:negative,Yes,6,2025-04-20,32
R00531,P01,Zyra Nova 5G,Zyra,Smartphone,14999,2,Disappointed,"The camera is poor. That said, processing speed is neither great nor bad.",English,negative,camera;performance,camera:negative;performance:neutral,Yes,6,2025-04-21,13
R00532,P18,Zyra Band 5,Zyra,Fitness Band,2499,1,Regret buying,Ordered this as a gift for my brother. Honestly the step tracking is disappointing for this price. Sleep data seems unreliable.,English,negative,tracking,tracking:negative,Yes,1,2025-04-21,21
R00533,P18,Zyra Band 5,Zyra,Fitness Band,2499,4,Vaangalaam,"Battery backup paravala, oru alavuku fine. Adhoda tracking accuracy paravala, oru alavuku fine. Anaalum comfort romba nalla irukku, worth it.",Tanglish,positive,battery;tracking;comfort,battery:neutral;tracking:neutral;comfort:positive,No,1,2025-04-21,20
R00534,P14,Aerochef AirFry 4L Air Fryer,Aerochef,Kitchen,5499,1,Waste of money,"Bought this five months ago. The overall design is frustrating. Looks nice in photos but dated in person. Plus, the power is underwhelming. Struggles with hard ingredients. Save your money.",English,negative,design;power,design:negative;power:negative,Yes,0,2025-04-22,30
R00535,P14,Aerochef AirFry 4L Air Fryer,Aerochef,Kitchen,5499,3,Average than,"gift ku vaangunen, ippo use pannitu irukken. build vera level, price ku nalla irukku. build romba strong ah, premium feel irukku. aana noise level romba mosam. speed kootinaa rattle sound varudhu. discount la vaangina worth",Tanglish,neutral,build;noise,build:positive;noise:negative,Yes,18,2025-04-22,35
R00536,P18,Zyra Band 5,Zyra,Fitness Band,2499,4,Worth it bro,"comfort vera level, price ku nalla irukku. aprm delivery fast ah vandhuchu, packing nalla irundhuchu. aana battery backup disappointing, ethirpaartha alavuku illa. evening aagumbodhe charge theerndhu poiduthu. overall worth it, recommend pannalaam!!",Tanglish,positive,comfort;delivery;battery,comfort:positive;delivery:positive;battery:negative,Yes,3,2025-04-22,32
R00537,P07,Kelto SoundMax ANC,Kelto,Headphones,5999,5,Value for money,"The noise cancellation is amazing. Great value for money at this price. Audio quality is really great, very happy with it.",English,positive,noise_cancellation;value_for_money;sound,noise_cancellation:positive;value_for_money:positive;sound:positive,Yes,0,2025-04-23,21
R00538,P13,Zyra QuickBlend 500W Mixer Grinder,Zyra,Kitchen,2499,2,"Okay, not great","Loving the operating noise, it is very good. But the ease of cleaning is awful. Hard to reach corners make cleaning a chore. Decent for the price, nothing special.",English,neutral,noise;cleaning,noise:positive;cleaning:negative,Yes,3,2025-04-23,29
R00539,P14,Aerochef AirFry 4L Air Fryer,Aerochef,Kitchen,5499,1,Ethirpaartha alavuku illa,Idha vida kammi price la nalla options irukku. Delivery romba late ah vandhuchu. Return pannalaam nu irukken.,Tanglish,negative,value_for_money;delivery,value_for_money:negative;delivery:negative,Yes,0,2025-04-23,17
R00540,P18,Zyra Band 5,Zyra,Fitness Band,2499,5,Excellent screen,Purchased on a friend's suggestion. The screen quality turned out fantastic.,English,positive,display,display:positive,Yes,1,2025-04-23,11
R00541,P07,Kelto SoundMax ANC,Kelto,Headphones,5999,1,Ethirpaartha alavuku illa,"Oru vaaram use pannitu review podren. Price paravala, average than. Aana pa, battery romba mosam. Oru naalaikku rendu thadava charge pannanum. Return pannalaam nu irukken.",Tanglish,negative,value_for_money;battery,value_for_money:neutral;battery:negative,Yes,24,2025-04-24,25
R00542,P12,Kelto Gamer 16,Kelto,Laptop,72999,5,Vaangalaam,keyboard super ah work aagudhu. adhoda battery backup super ah work aagudhu. oru full day thaanga romba easy ah irukku.,Tanglish,positive,keyboard;battery,keyboard:positive;battery:positive,Yes,8,2025-04-24,20
R00543,P18,Zyra Band 5,Zyra,Fitness Band,2499,4,Does the job,"The support team was very helpful. But fit is really underwhelming, quite disappointed. Starts hurting my ears after an hour. Okay for basic use.",English,neutral,customer_service;comfort,customer_service:positive;comfort:negative,No,2,2025-04-24,24
R00544,P01,Zyra Nova 5G,Zyra,Smartphone,14999,5,Worth it bro,"Online la vaangunen. Delivery fast ah vandhuchu, packing nalla irundhuchu. Kaasu ku worth.",Tanglish,positive,delivery,delivery:positive,Yes,1,2025-04-25,13
R00545,P06,Aerobeat Buds Air,Aerobeat,Headphones,2999,3,Average than,"Friend recommend pannaan, vaangunen. Wearing comfort konjam problem ah irukku. Aana battery backup vera level, price ku nalla irukku. Basic use ku fine.",Tanglish,neutral,comfort;battery,comfort:negative;battery:positive,Yes,3,2025-04-25,23
R00546,P07,Kelto SoundMax ANC,Kelto,Headphones,5999,5,Very satisfied,The btatery turned out excellent. One charge gets me through two days of normal use. Definitely recommend it,English,positive,battery,battery:positive,No,0,2025-04-25,18
R00547,P10,Orbix ProBook 15,Orbix,Laptop,45999,5,Great product,The support team was very helpful. Would buy again.,English,positive,customer_service,customer_service:positive,Yes,0,2025-04-25,9
R00548,P13,Zyra QuickBlend 500W Mixer Grinder,Zyra,Kitchen,2499,5,Mixed feelings,"Ordered this as a gift for my brother. Ease of cleaning is really great, very happy with it. That said, the build turned out below average. Plastic feels cheap and creaks when pressed.",English,neutral,cleaning;build,cleaning:positive;build:negative,Yes,10,2025-04-25,33
R00549,P18,Zyra Band 5,Zyra,Fitness Band,2499,5,Kaasu ku worth,"friend recommend pannaan, vaangunen. screen quality semma-ya irukku.",Tanglish,positive,display,display:positive,Yes,2,2025-04-25,8
R00550,P18,Zyra Band 5,Zyra,Fitness Band,2499,3,Okay okay,"Friend recommend pannaan, vaangunen. Screen semma-ya irukku. Scroll romba smooth ah irukku. Aana pa, battery konjam problem ah irukku. Evening aagumbodhe charge theerndhu poiduthu. Basic use ku fine.",Tanglish,neutral,display;battery,display:positive;battery:negative,Yes,14,2025-04-25,28
R00551,P18,Zyra Band 5,Zyra,Fitness Band,2499,5,Excellent purchase,Got this during a sale. The battery backup turned out superb. Barely drops overnight on standby. Customer support resolved my query the same day.,English,positive,battery;customer_service,battery:positive;customer_service:positive,Yes,30,2025-04-25,24
R00552,P02,Kelto Pixel Lite,Kelto,Smartphone,21999,5,Average than,"Rendu naal use pannitu review podren. Processing speed konjam problem ah irukku. Konjam apps open panna hang aagudhu. Aana screen quality nalla irukku, no issues. Basic use ku fine.",Tanglish,neutral,performance;display,performance:negative;display:positive,Yes,4,2025-04-26,29
R00553,P02,Kelto Pixel Lite,Kelto,Smartphone,21999,1,Romba mosam,Idha vida kammi price la nalla options irukku.,Tanglish,negative,value_for_money,value_for_money:negative,Yes,1,2025-04-26,8
R00554,P10,Orbix ProBook 15,Orbix,Laptop,45999,3,Paravala,"Gift ku vaangunen, ippo use pannitu irukken. Screen quality normal ah irukku, special ah onnum illa. Aana build quality romba mosam. Oru vaaramla scratch vandhuduthu. Aana delivery fast ah vandhuchu, packing nalla irundhuchu. Basic use ku fine.",Tanglish,neutral,display;build;delivery,display:neutral;build:negative;delivery:positive,Yes,0,2025-04-26,37
R00555,P10,Orbix ProBook 15,Orbix,Laptop,45999,5,Very satisfied,"Honestly the build quality is solid for this price. Also, great value for money at this price.",English,positive,build;value_for_money,build:positive;value_for_money:positive,Yes,2,2025-04-26,17
R00556,P11,Vanta Slim 3,Vanta,Laptop,34999,4,Highly recommended,The build quality turned out amazing. Feels sturdy and premium in hand. But the typing experience is disappointing. Trackpad is jumpy and misses clicks. But honestly the screen quality is superb for this price.,English,positive,build;keyboard;display,build:positive;keyboard:negative;display:positive,Yes,3,2025-04-26,34
R00557,P18,Zyra Band 5,Zyra,Fitness Band,2499,5,Excellent screen,"Upgraded from my old one. Screen quality is really fantastic, very happy with it. Also, arrived a day early and well packed. Plus, the fit turned out solid. Light enough to wear for hours without any pain.",English,positive,display;delivery;comfort,display:positive;delivery:positive;comfort:positive,Yes,4,2025-04-26,37
R00558,P01,Zyra Nova 5G,Zyra,Smartphone,14999,1,Waste of money,"gift ku vaangunen, ippo use pannitu irukken. performance disappointing, ethirpaartha alavuku illa. konjam apps open panna hang aagudhu. return pannalaam nu irukken.",Tanglish,negative,performance,performance:negative,Yes,1,2025-04-27,22
R00559,P02,Kelto Pixel Lite,Kelto,Smartphone,21999,3,"Okay, not great","Using it daily for two days. Honestly the battery backup is poor for this price. Had to charge it twice a day. But charging is really very good, very happy with it. Wait for a discount before buying.",English,neutral,battery;charging,battery:negative;charging:positive,Yes,2,2025-04-27,38
R00560,P10,Orbix ProBook 15,Orbix,Laptop,45999,4,Average product,"The processing speed is disappointing. That said, customer support resolved my query the same day.",English,neutral,performance;customer_service,performance:negative;customer_service:positive,Yes,0,2025-04-27,15
R00561,P18,Zyra Band 5,Zyra,Fitness Band,2499,3,Okay okay,"screen nalla irukku, no issues. screen bright ah irukku, colours vivid ah theriyudhu. anaalum packing sariya illa, delivery um late. discount la vaangina worth.",Tanglish,neutral,display;delivery,display:positive;delivery:negative,Yes,3,2025-04-27,24
R00562,P02,Kelto Pixel Lite,Kelto,Smartphone,21999,5,Romba nalla irukku,"charging speed vera level, price ku nalla irukku. aprm camera nalla irukku, no issues. night mode kooda nalla work aagudhu!!!",Tanglish,positive,charging;camera,charging:positive;camera:positive,Yes,1,2025-04-28,20
R00563,P07,Kelto SoundMax ANC,Kelto,Headphones,5999,2,Regret buying,"The noise cancellation turned out disappointing. Still hear people talking around me with it on. Also, wearing comfort is really bad, quite disappointed. Feels heavy and the strap is uncomfortable.",English,negative,noise_cancellation;comfort,noise_cancellation:negative;comfort:negative,Yes,1,2025-04-28,30
R00564,P07,Kelto SoundMax ANC,Kelto,Headphones,5999,4,Good buy,The bluetooth connectivity is decent but not outstanding. But the battery backup turned out reliable. Barely drops overnight on standby.,English,positive,connectivity;battery,connectivity:neutral;battery:positive,Yes,7,2025-04-28,20
R00565,P02,Kelto Pixel Lite,Kelto,Smartphone,21999,4,Value for money,"The support team was very helpful. That said, battery is average for this price. However, the screen turned out amazing. Scrolling feels buttery smooth. Worth every rupee.",English,positive,customer_service;battery;display,customer_service:positive;battery:neutral;display:positive,Yes,1,2025-04-29,27
R00566,P11,Vanta Slim 3,Vanta,Laptop,34999,5,Excellent typing experience,"Bought this two days ago. Loving the keyboard and trackpad, it is solid. Would buy again!!!",English,positive,keyboard,keyboard:positive,Yes,12,2025-05-01,16
R00567,P02,Kelto Pixel Lite,Kelto,Smartphone,21999,3,Could be better,"Using it daily for three months. Display is average for this price. Fine, but there might be better options.",English,neutral,display,display:neutral,Yes,0,2025-05-02,19
R00568,P07,Kelto SoundMax ANC,Kelto,Headphones,5999,1,Ethirpaartha alavuku illa,"Gift ku vaangunen, ippo use pannitu irukken. Noise cancelling waste, expect pannadhu kedaikala. On pannaalum sound kekkudhu.",Tanglish,negative,noise_cancellation,noise_cancellation:negative,Yes,5,2025-05-02,17
R00569,P18,Zyra Band 5,Zyra,Fitness Band,2499,3,Okay okay,"Sale la vaangunen. Wearing comfort disappointing, ethirpaartha alavuku illa. Aana pa, screen quality super ah work aagudhu. Scroll romba smooth ah irukku.",Tanglish,neutral,comfort;display,comfort:negative;display:positive,Yes,3,2025-05-02,22
R00570,P01,Zyra Nova 5G,Zyra,Smartphone,14999,3,Excellent photo quality,"Ordered this as a gift for my brother. Camera quality is really excellent, very happy with it. Low light shots are surprisingly clear. Also, loving the charging, it is reliable. However, battery backup is really below average, quite disappointed. Had to charge it twice a day. Go for it without a second thought.",English,positive,camera;charging;battery,camera:positive;charging:positive;battery:negative,Yes,1,2025-05-03,53
R00571,P01,Zyra Nova 5G,Zyra,Smartphone,14999,5,Romba nalla irukku,"Battery backup nalla irukku, no issues. Oru full day thaanga romba easy ah irukku.",Tanglish,positive,battery,battery:positive,Yes,3,2025-05-04,14
R00572,P06,Aerobeat Buds Air,Aerobeat,Headphones,2999,3,"Okay, not great",Upgraded from my old one. Not worth the price at all. But the battery backup turned out great. Easily lasts a full day with heavy use.,English,neutral,value_for_money;battery,value_for_money:negative;battery:positive,Yes,2,2025-05-04,26
R00573,P10,Orbix ProBook 15,Orbix,Laptop,45999,4,Kaasu ku worth,"Sale la vaangunen. Finish paravala, oru alavuku fine. Aana pa, support team romba helpful.",Tanglish,positive,build;customer_service,build:neutral;customer_service:positive,Yes,1,2025-05-04,14
R00574,P12,Kelto Gamer 16,Kelto,Laptop,72999,3,Semma product,"Friend recommend pannaan, vaangunen. Battery life super ah work aagudhu. Oru full day thaanga romba easy ah irukku. Aprm typing experience nalla irukku, no issues. Typing romba comfortable ah irukku. Confirm ah vaangalaam.",Tanglish,positive,battery;keyboard,battery:positive;keyboard:positive,Yes,8,2025-05-04,33
R00575,P07,Kelto SoundMax ANC,Kelto,Headphones,5999,4,Great audio quality,"Purchased on a friend's suggestion. Loving the sound, it is excellent. Bass is punchy wtihout drowning the vocals. Honestly the wearing comfort is very good for this price. That said, delivery took the usual time. Would buy again.",English,positive,sound;comfort;delivery,sound:positive;comfort:positive;delivery:neutral,Yes,8,2025-05-05,38
R00576,P06,Aerobeat Buds Air,Aerobeat,Headphones,2999,5,Vaangalaam,"Audio quality romba nalla irukku, worth it. Bass vera level, vocals um clear ah irukku.",Tanglish,positive,sound,sound:positive,Yes,6,2025-05-07,15
R00577,P06,Aerobeat Buds Air,Aerobeat,Headphones,2999,5,Great product,"Upgraded from my old one. Battery is really solid, very happy with it. 👍",English,positive,battery,battery:positive,Yes,2,2025-05-07,14
R00578,P06,Aerobeat Buds Air,Aerobeat,Headphones,2999,1,Poor quality,"Ordered this as a gift for my brother. Honestly the noise cancellation is below avreage for this price. Also, support kept giving generic replies. Save your money.",English,negative,noise_cancellation;customer_service,noise_cancellation:negative;customer_service:negative,Yes,3,2025-05-07,27
R00579,P09,Zephyr Air 14,Zephyr,Laptop,54999,3,Romba nalla irukku,"Friend recommend pannaan, vaangunen. Intha price ku worth illa, overpriced. Aana finish semma-ya irukku. Body romba durable ah theriyudhu. Screen vera level, price ku nalla irukku. Kaasu ku worth!!",Tanglish,positive,value_for_money;build;display,value_for_money:negative;build:positive;display:positive,Yes,4,2025-05-07,29
R00580,P10,Orbix ProBook 15,Orbix,Laptop,45999,5,Superb keyboard,The typing experience is excellent. Backlit keys are handy and the layout is well spaced.,English,positive,keyboard,keyboard:positive,Yes,2,2025-05-07,15
R00581,P12,Kelto Gamer 16,Kelto,Laptop,72999,3,Fine for basic use,Ordered this as a gift for my brother. Packaging was okay.,English,neutral,delivery,delivery:neutral,Yes,3,2025-05-07,11
R00582,P07,Kelto SoundMax ANC,Kelto,Headphones,5999,5,Excellent noise cancelling,"The noise cancelling turned out fantastic. Cuts out the metro noise almost completely. Also, battery life is really great, very happy with it. Easily lasts a full day with heavy use",English,positive,noise_cancellation;battery,noise_cancellation:positive;battery:positive,Yes,4,2025-05-08,31
R00583,P10,Orbix ProBook 15,Orbix,Laptop,45999,2,Waste of money,"Purchased on a friend's suggestion. Customer service was unhelpful and never replied properly. But the typing experience is okay, nohting special.",English,negative,customer_service;keyboard,customer_service:negative;keyboard:neutral,Yes,1,2025-05-08,21
R00584,P11,Vanta Slim 3,Vanta,Laptop,34999,1,Disappointed,"Friend recommend pannaan, vaangunen. Keyboard avlo nalla illa. Keys mushy ah irukku, typing feel illa. Aprm box damage ah vandhuchu. Return pannalaam nu irukken. 😡",Tanglish,negative,keyboard;delivery,keyboard:negative;delivery:negative,Yes,0,2025-05-08,25
R00585,P06,Aerobeat Buds Air,Aerobeat,Headphones,2999,5,Excellent connectivity,"Using it daily for a month. The pairing turned out amazing. Range is great, works across rooms. Overall very happy with the purchase.",English,positive,connectivity,connectivity:positive,Yes,9,2025-05-09,23
R00586,P07,Kelto SoundMax ANC,Kelto,Headphones,5999,5,Worth the money,"Ordered this as a gift for my brother. The support team was very helpful. Also, you get a lot for the money. Would buy again.",English,positive,customer_service;value_for_money,customer_service:positive;value_for_money:positive,Yes,4,2025-05-09,25
R00587,P13,Zyra QuickBlend 500W Mixer Grinder,Zyra,Kitchen,2499,4,Great cleaning,"Price is fair, neither cheap nor expensive. That said, ease of cleaning is really amazing, very happy with it. Very little effort to clean after use. Go for it without a second thought.",English,positive,value_for_money;cleaning,value_for_money:neutral;cleaning:positive,Yes,7,2025-05-09,33
R00588,P09,Zephyr Air 14,Zephyr,Laptop,54999,5,Romba nalla irukku,"gift ku vaangunen, ippo use pannitu irukken. build nalla irukku, no issues. body romba durable ah theriyudhu. aprm keyboard and trackpad vera level, price ku nalla irukku. backlight keyboard useful ah irukku. confirm ah vaangalaam",Tanglish,positive,build;keyboard,build:positive;keyboard:positive,Yes,11,2025-05-10,35
R00589,P16,Tunex Induction Cooktop,Tunex,Kitchen,2799,3,Average than,"power output romba nalla irukku, worth it. kadinamaana velaiyum seekiram mudikkudhu. aana packing sariya illa, delivery um late.",Tanglish,neutral,power;delivery,power:positive;delivery:negative,No,2,2025-05-10,18
R00590,P12,Kelto Gamer 16,Kelto,Laptop,72999,3,Average product,"Using it daily for six weeks. The screen quality turned out poor. Colors look dull and washed out. That said, the keyboard and trackpad is great. Decent for the price, nothing special",English,neutral,display;keyboard,display:negative;keyboard:positive,Yes,5,2025-05-11,32
R00591,P12,Kelto Gamer 16,Kelto,Laptop,72999,3,Semma product,"rendu vaaram use pannitu review podren. overall speed nalla irukku, no issues. games kooda smooth ah odudhu. aprm display vera level, price ku nalla irukku. scroll romba smooth ah irukku.",Tanglish,positive,performance;display,performance:positive;display:positive,Yes,11,2025-05-11,30
R00592,P14,Aerochef AirFry 4L Air Fryer,Aerochef,Kitchen,5499,2,Waste of money,"Sale la vaangunen. Finish normal ah irukku, special ah onnum illa. Aana power romba mosam.",Tanglish,negative,build;power,build:neutral;power:negative,Yes,0,2025-05-11,15
R00593,P18,Zyra Band 5,Zyra,Fitness Band,2499,5,Excellent tracking,The step tracking is reliable. Worth every rupee.,English,positive,tracking,tracking:positive,Yes,1,2025-05-11,8
R00594,P02,Kelto Pixel Lite,Kelto,Smartphone,21999,2,Paravala,"Friend recommend pannaan, vaangunen. Battery super ah work aagudhu. Oru charge la rendu naal odudhu. Aana pa, processing speed avlo nalla illa. Konjam apps open panna hang aagudhu. Basic use ku fine.",Tanglish,neutral,battery;performance,battery:positive;performance:negative,Yes,2,2025-05-12,32
R00595,P11,Vanta Slim 3,Vanta,Laptop,34999,5,Kaasu ku worth,"Build vera level, price ku nalla irukku. Overall worth it, recommend pannalaam.",Tanglish,positive,build,build:positive,Yes,3,2025-05-12,12
R00596,P14,Aerochef AirFry 4L Air Fryer,Aerochef,Kitchen,5499,3,Does the job,"Been using it for three months now. Noise level is really impressive, very happy with it. No rattling even at full speed. However, the cleanup is disappointing. Food sticks and takes real scrubbing. Fine, but there might be better options.",English,neutral,noise;cleaning,noise:positive;cleaning:negative,No,5,2025-05-12,40
R00597,P16,Tunex Induction Cooktop,Tunex,Kitchen,2799,4,Worth it bro,"Moonu maasam use pannitu review podren. Finish konjam problem ah irukku. Plastic cheap ah irukku, cracking sound varudhu. Aana delivery fast ah vandhuchu, packing nalla irundhuchu. Adhoda design super ah work aagudhu. Paakave stylish ah irukku, kitchen ku set aagudhu. Romba santhosham.",Tanglish,positive,build;delivery;design,build:negative;delivery:positive;design:positive,Yes,15,2025-05-12,42
R00598,P18,Zyra Band 5,Zyra,Fitness Band,2499,4,Worth it bro,"Online la vaangunen. Screen semma-ya irukku. Scroll romba smooth ah irukku. Tracking semma-ya irukku. Aana wearing comfort paravala, oru alavuku fine.",Tanglish,positive,display;tracking;comfort,display:positive;tracking:positive;comfort:neutral,Yes,10,2025-05-12,21
R00599,P06,Aerobeat Buds Air,Aerobeat,Headphones,2999,5,Highly recommended,"Battery backup is really very good, very happy with it. One charge gets me through two days of normal use. Also, loving the audio quality, it is reliable. Music sounds rich and detailed at every volume. Overall very happy with the purchase.",English,positive,battery;sound,battery:positive;sound:positive,Yes,6,2025-05-13,42
R00600,P09,Zephyr Air 14,Zephyr,Laptop,54999,5,Vaangalaam,"Keyboard super ah work aagudhu. Aprm build quality romba nalla irukku, worth it. Battery vera level, price ku nalla irukku.",Tanglish,positive,keyboard;build;battery,keyboard:positive;build:positive;battery:positive,Yes,1,2025-05-13,20
R00601,P13,Zyra QuickBlend 500W Mixer Grinder,Zyra,Kitchen,2499,4,Romba nalla irukku,"styling paravala, oru alavuku fine. aana cleaning super ah work aagudhu. adhoda finish romba nalla irukku, worth it. kaasu ku worth.",Tanglish,positive,design;cleaning;build,design:neutral;cleaning:positive;build:positive,Yes,3,2025-05-13,21
R00602,P16,Tunex Induction Cooktop,Tunex,Kitchen,2799,3,Romba mosam,"overall design super ah work aagudhu. aana pa, finish avlo nalla illa. aprm box damage ah vandhuchu. idhukku vera product vaangalaam.",Tanglish,negative,design;build;delivery,design:positive;build:negative;delivery:negative,No,0,2025-05-13,21
R00603,P19,Vanta Watch Active,Vanta,Fitness Band,4999,3,Price ku okay,"friend recommend pannaan, vaangunen. battery romba nalla irukku, worth it. oru charge la rendu naal odudhu. aana customer care reply-ye panala.",Tanglish,neutral,battery;customer_service,battery:positive;customer_service:negative,Yes,6,2025-05-13,21
R00604,P10,Orbix ProBook 15,Orbix,Laptop,45999,2,Disappointed,"Battery backup disappointing, ethirpaartha alavuku illa. Evening aagumbodhe charge theerndhu poiduthu. Intha price ku worth illa, overpriced. Anaalum performance okay okay, average than.",Tanglish,negative,battery;value_for_money;performance,battery:negative;value_for_money:negative;performance:neutral,Yes,2,2025-05-14,23
R00605,P18,Zyra Band 5,Zyra,Fitness Band,2499,3,Price ku okay,"Screen quality super ah work aagudhu. Scroll romba smooth ah irukku. Anaalum tracking accuracy waste, expect pannadhu kedaikala. Steps count thappa kaattudhu. Basic use ku fine.",Tanglish,neutral,display;tracking,display:positive;tracking:negative,Yes,8,2025-05-14,26
R00606,P02,Kelto Pixel Lite,Kelto,Smartphone,21999,5,Super ah irukku,"Gift ku vaangunen, ippo use pannitu irukken. Battery vera level, price ku nalla irukku. Oru full day thaanga romba easy ah irukku. Kaasu ku worth",Tanglish,positive,battery,battery:positive,Yes,4,2025-05-15,25
R00607,P06,Aerobeat Buds Air,Aerobeat,Headphones,2999,2,Fine for basic use,bought this five months ago. honestly the noise cancelling is below average for this price. still hear people talking around me with it on. but the audio quality is reliable. clear highs and a well balanced sound signature. okay for basic use,English,neutral,noise_cancellation;sound,noise_cancellation:negative;sound:positive,Yes,45,2025-05-15,42
R00608,P12,Kelto Gamer 16,Kelto,Laptop,72999,1,Poor battery,Bought this three months ago. The battery backup is poor. Had to charge it twice a day.,English,negative,battery,battery:negative,Yes,1,2025-05-15,17
R00609,P13,Zyra QuickBlend 500W Mixer Grinder,Zyra,Kitchen,2499,4,Super ah irukku,"Styling semma-ya irukku. Anaalum noise level romba mosam. Speed kootinaa rattle sound varudhu. Aana pa, build quality romba nalla irukku, worth it. Body romba durable ah theriyudhu.",Tanglish,positive,design;noise;build,design:positive;noise:negative;build:positive,Yes,3,2025-05-15,27
R00610,P12,Kelto Gamer 16,Kelto,Laptop,72999,3,Paravala,"Friend recommend pannaan, vaangunen. Overall speed semma-ya irukku. Games kooda smooth ah odudhu. Aana pa, screen quality avlo nalla illa. Colour dull ah theriyudhu. Price ku okay, vera option irundha paarunga.",Tanglish,neutral,performance;display,performance:positive;display:negative,Yes,7,2025-05-16,31
R00611,P14,Aerochef AirFry 4L Air Fryer,Aerochef,Kitchen,5499,5,Worth it bro,"sale la vaangunen. build vera level, price ku nalla irukku. body romba durable ah theriyudhu.",Tanglish,positive,build,build:positive,Yes,8,2025-05-16,15
R00612,P01,Zyra Nova 5G,Zyra,Smartphone,14999,3,"Okay, not great",Upgraded from my old one. The performance is decent but not outstanding. Wait for a discount before buying.,English,neutral,performance,performance:neutral,Yes,2,2025-05-18,18
R00613,P02,Kelto Pixel Lite,Kelto,Smartphone,21999,5,Happy with this,honestly the display is impressive for this price. the battery backup is excellent.,English,positive,display;battery,display:positive;battery:positive,Yes,0,2025-05-18,13
R00614,P02,Kelto Pixel Lite,Kelto,Smartphone,21999,4,Price ku okay,"Online la vaangunen. Screen okay okay, average than. Basic use ku fine.",Tanglish,neutral,display,display:neutral,Yes,2,2025-05-18,12
R00615,P14,Aerochef AirFry 4L Air Fryer,Aerochef,Kitchen,5499,3,Average product,"purchased on a friend's suggestion. finish is really great, very happy with it. feels sturdy and premium in hand. however, the box was damaged when it arrived. fine, but there might be better options",English,neutral,build;delivery,build:positive;delivery:negative,Yes,2,2025-05-18,34
R00616,P09,Zephyr Air 14,Zephyr,Laptop,54999,3,Average than,"Screen quality romba nalla irukku, worth it. Screen bright ah irukku, colours vivid ah theriyudhu. Aana build avlo nalla illa.",Tanglish,neutral,display;build,display:positive;build:negative,Yes,6,2025-05-19,20
R00617,P10,Orbix ProBook 15,Orbix,Laptop,45999,3,Does the job,"The typing experience is below average. That said, customer support resolved my query the same day. However, the performance is okay, nothing special.",English,neutral,keyboard;customer_service;performance,keyboard:negative;customer_service:positive;performance:neutral,Yes,8,2025-05-21,23
R00618,P12,Kelto Gamer 16,Kelto,Laptop,72999,4,Worth the money,"Display is neither great nor bad. That said, honestly the typing experience is superb for this price. Overall very happy with the purchase.",English,positive,display;keyboard,display:neutral;keyboard:positive,Yes,6,2025-05-21,23
R00619,P13,Zyra QuickBlend 500W Mixer Grinder,Zyra,Kitchen,2499,1,Disappointed,"Ordered this as a gift for my brother. Power output is really terrible, quite disappointed. Takes forever to heat up.",English,negative,power,power:negative,Yes,2,2025-05-21,20
R00620,P07,Kelto SoundMax ANC,Kelto,Headphones,5999,4,Excellent purchase,"Got this during a sale. Sound quality is fine, does the job. However, honestly the ANC is solid for this price. Honestly the battery is amazing for this price. Would buy again.",English,positive,sound;noise_cancellation;battery,sound:neutral;noise_cancellation:positive;battery:positive,Yes,1,2025-05-22,32
R00621,P13,Zyra QuickBlend 500W Mixer Grinder,Zyra,Kitchen,2499,3,Mixed feelings,"The power turned out terrible. Struggles with hard ingredients. That said, the stlying is excellent. Compact design saves counter space. Wait for a discount before buying",English,neutral,power;design,power:negative;design:positive,Yes,9,2025-05-22,26
R00622,P01,Zyra Nova 5G,Zyra,Smartphone,14999,3,Could be better,Display is neither great nor bad.,English,neutral,display,display:neutral,Yes,1,2025-05-23,6
R00623,P02,Kelto Pixel Lite,Kelto,Smartphone,21999,3,Price ku okay,"intha price ku semma product. aana pa, battery life konjam problem ah irukku",Tanglish,neutral,value_for_money;battery,value_for_money:positive;battery:negative,Yes,0,2025-05-23,13
R00624,P10,Orbix ProBook 15,Orbix,Laptop,45999,5,Excellent keyboard,Ordered this as a gift for my brother. The typing experience is amazing. Backlit keys are handy and the layout is well spaced,English,positive,keyboard,keyboard:positive,Yes,5,2025-05-23,23
R00625,P14,Aerochef AirFry 4L Air Fryer,Aerochef,Kitchen,5499,1,Not worth it,Honestly the power is poor for this price. Regret buying this.,English,negative,power,power:negative,Yes,0,2025-05-23,11
R00626,P02,Kelto Pixel Lite,Kelto,Smartphone,21999,5,Romba nalla irukku,"Delivery fast ah vandhuchu, packing nalla irundhuchu. Aprm camera quality super ah work aagudhu. Adhoda battery life super ah work aagudhu.",Tanglish,positive,delivery;camera;battery,delivery:positive;camera:positive;battery:positive,Yes,1,2025-05-25,21
R00627,P07,Kelto SoundMax ANC,Kelto,Headphones,5999,5,Good buy,Bought this five months ago. Honestly the battery life is fantastic for this price. Overall very happy with the purchase.,English,positive,battery,battery:positive,Yes,5,2025-05-25,20
R00628,P09,Zephyr Air 14,Zephyr,Laptop,54999,4,Great typing experience,The keyboard and trackpad turned out very good. The build quality turned out superb. But the processing speed is decent but not outstanding. Go for it without a second thought.,English,positive,keyboard;build;performance,keyboard:positive;build:positive;performance:neutral,Yes,11,2025-05-25,30
R00629,P11,Vanta Slim 3,Vanta,Laptop,34999,5,Worth the money,"Honestly the display is superb for this price. Plus, build quailty is really great, very happy with it. Plus, the battery turned out reliable",English,positive,display;build;battery,display:positive;build:positive;battery:positive,Yes,16,2025-05-25,24
R00630,P01,Zyra Nova 5G,Zyra,Smartphone,14999,2,Waste of money,"Loving the battery backup, it is reliable. But the charging is bad. Delivery was delayed by a week.",English,negative,battery;charging;delivery,battery:positive;charging:negative;delivery:negative,Yes,5,2025-05-26,18
R00631,P06,Aerobeat Buds Air,Aerobeat,Headphones,2999,5,Happy with this,Using it daily for two days. Honestly the sound quality is superb for this price. Clear highs and a well balanced sound signature. Go for it without a second thought,English,positive,sound,sound:positive,Yes,6,2025-05-26,30
R00632,P12,Kelto Gamer 16,Kelto,Laptop,72999,1,Ethirpaartha alavuku illa,"Processing speed konjam problem ah irukku. Romba heat aagi slow aagiduthu. Keyboard and trackpad waste, expect pannadhu kedaikala. Vaanga vendam nu solluven.",Tanglish,negative,performance;keyboard,performance:negative;keyboard:negative,Yes,2,2025-05-26,22
R00633,P14,Aerochef AirFry 4L Air Fryer,Aerochef,Kitchen,5499,1,Paisa waste,Sale la vaangunen. Styling romba mosam. Vaanga vendam nu solluven.,Tanglish,negative,design,design:negative,Yes,4,2025-05-26,10
R00634,P18,Zyra Band 5,Zyra,Fitness Band,2499,3,Average than,"friend recommend pannaan, vaangunen. battery backup disappointing, ethirpaartha alavuku illa. oru naalaikku rendu thadava charge pannanum. aana pa, screen vera level, price ku nalla irukku. scroll romba smooth ah irukku. discount la vaangina worth.",Tanglish,neutral,battery;display,battery:negative;display:positive,Yes,8,2025-05-26,34
R00635,P12,Kelto Gamer 16,Kelto,Laptop,72999,2,Poor processing speed,Honestly the processing speed is bad for this price. Hangs randomly and needs a restart. Sadly the screen is disappointing. Hard to read under sunlight.,English,negative,performance;display,performance:negative;display:negative,Yes,8,2025-05-27,25
R00636,P14,Aerochef AirFry 4L Air Fryer,Aerochef,Kitchen,5499,3,Not as expected,Been using it for a month now. Honestly the overall design is frustrating for this price. Looks nice in photos but dated in person. But the cleanup is decent but not outstanding. Would not recommend.,English,negative,design;cleaning,design:negative;cleaning:neutral,No,12,2025-05-27,35
R00637,P09,Zephyr Air 14,Zephyr,Laptop,54999,2,Regret buying,"Upgraded from my old one. Overall speed is really underwhelming, quite disappointed. Also, the finish turned out frustrating.",English,negative,performance;build,performance:negative;build:negative,Yes,0,2025-05-28,18
R00638,P10,Orbix ProBook 15,Orbix,Laptop,45999,3,Value for money,"Got this during a sale. Customer support resolved my query the same day. That said, not worth the price at all. But the build quality is fantastic. Go for it without a second thought.",English,positive,customer_service;value_for_money;build,customer_service:positive;value_for_money:negative;build:positive,No,1,2025-05-28,34
R00639,P10,Orbix ProBook 15,Orbix,Laptop,45999,5,Superb quality,totally worth the price!!,English,positive,value_for_money,value_for_money:positive,Yes,4,2025-05-28,4
R00640,P16,Tunex Induction Cooktop,Tunex,Kitchen,2799,3,Average product,Build is neither great nor bad.,English,neutral,build,build:neutral,No,1,2025-05-28,6
R00641,P01,Zyra Nova 5G,Zyra,Smartphone,14999,5,Excellent camera,Purchased on a friend's suggestion. The photo quality is solid. Portrait mode edge detection is very accurate. Would buy again.,English,positive,camera,camera:positive,Yes,0,2025-05-29,20
R00642,P02,Kelto Pixel Lite,Kelto,Smartphone,21999,1,Not worth it,"Using it daily for five months. Honestly the battery backup is poor for this price. Had to charge it twice a day. Overall speed is really frustrating, quite disappointed. Heats up and slows down after some time",English,negative,battery;performance,battery:negative;performance:negative,Yes,2,2025-05-29,37
R00643,P02,Kelto Pixel Lite,Kelto,Smartphone,21999,5,Good buy,"Charging is really superb, very happy with it. Also, the display turned out solid. Scrolling feels buttery smooth. Would buy again.",English,positive,charging;display,charging:positive;display:positive,Yes,1,2025-05-29,21
R00644,P07,Kelto SoundMax ANC,Kelto,Headphones,5999,5,Superb connectivity,"Got this during a sale. Honestly the connectivity is great for this price. Plus, the ANC is great. Blocks fan and traffic noise really well. Also, the support team was very helpful.",English,positive,connectivity;noise_cancellation;customer_service,connectivity:positive;noise_cancellation:positive;customer_service:positive,Yes,7,2025-05-29,32
R00645,P01,Zyra Nova 5G,Zyra,Smartphone,14999,3,Price ku okay,Rendu vaaram use pannitu review podren. Battery backup avlo nalla illa. Anaalum sonna naal ku munnadiye vandhuduthu.,Tanglish,neutral,battery;delivery,battery:negative;delivery:positive,Yes,0,2025-05-30,17
R00646,P01,Zyra Nova 5G,Zyra,Smartphone,14999,1,Poor camera,"Photo quality is really underwhelming, quite disappointed. Also, the box was damaged when it arrived. Thinking of returning it.",English,negative,camera;delivery,camera:negative;delivery:negative,Yes,1,2025-05-30,19
R00647,P18,Zyra Band 5,Zyra,Fitness Band,2499,5,Great product,Purchased on a friend's suggestion. Totally worth the price.,English,positive,value_for_money,value_for_money:positive,No,4,2025-05-30,9
R00648,P07,Kelto SoundMax ANC,Kelto,Headphones,5999,3,Fine for basic use,Bought this a week ago. The wearing comfort is poor. But delivery was quick and the packaging was neat.,English,neutral,comfort;delivery,comfort:negative;delivery:positive,Yes,4,2025-06-01,19
R00649,P12,Kelto Gamer 16,Kelto,Laptop,72999,5,Great product,Honestly the screen is superb for this price. Colors are vivid and it gets bright enough outdoors. Customer support resolved my query the same day. Would buy again.,English,positive,display;customer_service,display:positive;customer_service:positive,Yes,4,2025-06-01,28
R00650,P02,Kelto Pixel Lite,Kelto,Smartphone,21999,3,"Okay, not great","Bought this six weeks ago. Battery life is really underwhelming, quite disappointed. That said, honestly the camera quality is amazing for this price. Low light shots are surprisingly clear. However, packaging was okay. Wait for a discount before buying.",English,neutral,battery;camera;delivery,battery:negative;camera:positive;delivery:neutral,Yes,2,2025-06-02,39
R00651,P09,Zephyr Air 14,Zephyr,Laptop,54999,1,Disappointed,Oru maasam use pannitu review podren. Performance romba mosam. Paisa waste.,Tanglish,negative,performance,performance:negative,No,1,2025-06-02,11
R00652,P12,Kelto Gamer 16,Kelto,Laptop,72999,3,Decent for the price,"Using it daily for a week. The battery backup is great. That said, sadly the overall speed is disappointing. Lags badly when a few apps are open. Fine, but there might be better options.",English,neutral,battery;performance,battery:positive;performance:negative,No,2,2025-06-02,34
R00653,P13,Zyra QuickBlend 500W Mixer Grinder,Zyra,Kitchen,2499,5,Excellent power,"Upgraded from my old one. Power is really superb, very happy with it. Plenty of power for daily cooking. However, packaging was okay!!",English,positive,power;delivery,power:positive;delivery:neutral,No,7,2025-06-02,23
R00654,P13,Zyra QuickBlend 500W Mixer Grinder,Zyra,Kitchen,2499,3,Excellent purchase,"Build is average for this price. However, totally worth the price. Overall very happy with the purchase.",English,positive,build;value_for_money,build:neutral;value_for_money:positive,No,0,2025-06-02,17
R00655,P07,Kelto SoundMax ANC,Kelto,Headphones,5999,5,Good buy,You get a lot for the money. Would buy again.,English,positive,value_for_money,value_for_money:positive,Yes,1,2025-06-04,10
R00656,P10,Orbix ProBook 15,Orbix,Laptop,45999,5,Kaasu ku worth,"Display vera level, price ku nalla irukku. Screen bright ah irukku, colours vivid ah theriyudhu. Adhoda keyboard and trackpad nalla irukku, no issues. Typing romba comfortable ah irukku",Tanglish,positive,display;keyboard,display:positive;keyboard:positive,Yes,7,2025-06-05,28
R00657,P20,Orbix Fit Lite,Orbix,Fitness Band,1299,2,Expected better,"Support was okay, nothing special. But honestly the battery backup is below average for this price. Had to charge it twice a day. Regret buying this.",English,negative,customer_service;battery,customer_service:neutral;battery:negative,Yes,0,2025-06-05,26
R00658,P07,Kelto SoundMax ANC,Kelto,Headphones,5999,4,Value for money,"Been using it for five months now. Customer support resolved my query the same day. However, packaging was okay. But battery is really solid, very happy with it. Overall very happy with the purchase.",English,positive,customer_service;delivery;battery,customer_service:positive;delivery:neutral;battery:positive,No,3,2025-06-06,34
R00659,P13,Zyra QuickBlend 500W Mixer Grinder,Zyra,Kitchen,2499,1,Paravala,"Power output romba mosam. Aana design semma-ya irukku. Compact ah irukku, idam kammi ah edukkudhu. Discount la vaangina worth.",Tanglish,neutral,power;design,power:negative;design:positive,Yes,0,2025-06-06,19
R00660,P02,Kelto Pixel Lite,Kelto,Smartphone,21999,1,Poor overall speed,"ordered this as a gift for my brother. the processing speed turned out below average. plus, battery is really bad, quite disappointed. had to charge it twice a day. regret buying this.",English,negative,performance;battery,performance:negative;battery:negative,Yes,23,2025-06-07,32
R00661,P13,Zyra QuickBlend 500W Mixer Grinder,Zyra,Kitchen,2499,3,Decent for the price,"Loving the cleaning, it is very good. However, honestly the power output is underwhelming for this price. Struggles with hard ingredients.",English,neutral,cleaning;power,cleaning:positive;power:negative,Yes,1,2025-06-07,21
R00662,P01,Zyra Nova 5G,Zyra,Smartphone,14999,3,"Okay, not great","Been using it for two days now. Performance is really frustrating, quite disappointed. But the battery is superb. One charge gets me through two days of normal use. Fine, but there might be better options.",English,neutral,performance;battery,performance:negative;battery:positive,Yes,2,2025-06-09,35
R00663,P16,Tunex Induction Cooktop,Tunex,Kitchen,2799,5,Excellent purchase,"Got this during a sale. Honestly the power output is superb for this price. Heats up quickly and holds the temperature. Also, the overall design is great. Compact design saves counter space. Would buy again.",English,positive,power;design,power:positive;design:positive,Yes,9,2025-06-09,35
R00664,P16,Tunex Induction Cooktop,Tunex,Kitchen,2799,1,Expected better,"Upgraded from my old one. Sadly the build is disappointing. Plastic feels cheap and creaks when pressed. However, the operating noise is decent but not outstanding 😡",English,negative,build;noise,build:negative;noise:neutral,Yes,6,2025-06-11,27
R00665,P19,Vanta Watch Active,Vanta,Fitness Band,4999,4,Average than,"online la vaangunen. companion app paravala, oru alavuku fine. adhoda screen normal ah irukku, special ah onnum illa. basic use ku fine",Tanglish,neutral,app;display,app:neutral;display:neutral,Yes,6,2025-06-13,22
R00666,P02,Kelto Pixel Lite,Kelto,Smartphone,21999,5,Kaasu ku worth,"Screen quality semma-ya irukku. Adhoda charging speed romba nalla irukku, worth it. Fast charging nijamave fast ah irukku. Adhoda camera semma-ya irukku. Night mode kooda nalla work aagudhu. Overall worth it, recommend pannalaam.",Tanglish,positive,display;charging;camera,display:positive;charging:positive;camera:positive,Yes,1,2025-06-14,33
R00667,P07,Kelto SoundMax ANC,Kelto,Headphones,5999,5,Loved it,Purchased on a friend's suggestion. Customer support resolved my query the same day.,English,positive,customer_service,customer_service:positive,Yes,1,2025-06-14,13
R00668,P12,Kelto Gamer 16,Kelto,Laptop,72999,5,Semma product,"Gift ku vaangunen, ippo use pannitu irukken. Price ku romba worth. Support team romba helpful. Overall worth it, recommend pannalaam.",Tanglish,positive,value_for_money;customer_service,value_for_money:positive;customer_service:positive,Yes,2,2025-06-14,20
R00669,P12,Kelto Gamer 16,Kelto,Laptop,72999,4,"Okay, not great","using it daily for a week. the battery life is okay, nothing special.",English,neutral,battery,battery:neutral,Yes,3,2025-06-14,13
R00670,P13,Zyra QuickBlend 500W Mixer Grinder,Zyra,Kitchen,2499,5,Semma product,"online la vaangunen. cleanup romba nalla irukku, worth it. adhoda sonna naal ku munnadiye vandhuduthu. aana pa, customer care okay than.",Tanglish,positive,cleaning;delivery;customer_service,cleaning:positive;delivery:positive;customer_service:neutral,Yes,3,2025-06-14,21
R00671,P09,Zephyr Air 14,Zephyr,Laptop,54999,1,Waste of money,Sadly the processing speed is frustrating. Heats up and slows down after some time.,English,negative,performance,performance:negative,Yes,0,2025-06-15,14
R00672,P13,Zyra QuickBlend 500W Mixer Grinder,Zyra,Kitchen,2499,5,Excellent purchase,"Honestly the operating noise is amazing for this price. Much quieter than my previous one. Plus, arrived a day early and well packed.",English,positive,noise;delivery,noise:positive;delivery:positive,Yes,2,2025-06-15,23
R00673,P16,Tunex Induction Cooktop,Tunex,Kitchen,2799,5,Great product,The design is fantastic. Compact design saves counter space. Go for it without a second thought!!,English,positive,design,design:positive,Yes,2,2025-06-15,16
R00674,P10,Orbix ProBook 15,Orbix,Laptop,45999,5,Kaasu ku worth,"Performance vera level, price ku nalla irukku. Apps udane open aagudhu, lag ae illa. Kaasu ku worth.",Tanglish,positive,performance,performance:positive,Yes,2,2025-06-16,17
R00675,P13,Zyra QuickBlend 500W Mixer Grinder,Zyra,Kitchen,2499,1,Not worth it,"Sadly the finish is disappointing. Also, the power outupt is frustrating. The noise level turned out bad. Would not recommend",English,negative,build;power;noise,build:negative;power:negative;noise:negative,Yes,2,2025-06-16,20
R00676,P16,Tunex Induction Cooktop,Tunex,Kitchen,2799,2,Not as expected,"Upgraded from my old one. The finish is bad. A scratch appeared within the first week. Also, not worth the price at all.",English,negative,build;value_for_money,build:negative;value_for_money:negative,Yes,0,2025-06-16,23
R00677,P18,Zyra Band 5,Zyra,Fitness Band,2499,3,Could be better,"Battery is really poor, quite disappointed. Battery drops fast even when idle. That said, loving the screen, it is fantastic. Scrolling feels buttery smooth. Fine, but there might be better options.",English,neutral,battery;display,battery:negative;display:positive,Yes,6,2025-06-16,31
R00678,P09,Zephyr Air 14,Zephyr,Laptop,54999,5,Romba nalla irukku,"Online la vaangunen. Typing experience vera level, price ku nalla irukku. Delivery fast ah vandhuchu, packing nalla irundhuchu. Adhoda performance vera level, price ku nalla irukku. Overall worth it, recommend pannalaam.",Tanglish,positive,keyboard;delivery;performance,keyboard:positive;delivery:positive;performance:positive,Yes,2,2025-06-17,31
R00679,P01,Zyra Nova 5G,Zyra,Smartphone,14999,1,Regret buying,The battery life is underwhelming. Drains completely by evening. Thinking of returning it,English,negative,battery,battery:negative,Yes,0,2025-06-18,13
R00680,P12,Kelto Gamer 16,Kelto,Laptop,72999,2,Expected better,"Using it daily for six weeks. Finish is average for this price. However, customer service was unhelpful and never replied properly.",English,negative,build;customer_service,build:neutral;customer_service:negative,Yes,1,2025-06-18,21
R00681,P19,Vanta Watch Active,Vanta,Fitness Band,4999,3,Does the job,"Using it daily for a week. Tracking is neither great nor bad. Support was okay, nothing special",English,neutral,tracking;customer_service,tracking:neutral;customer_service:neutral,Yes,4,2025-06-18,17
R00682,P02,Kelto Pixel Lite,Kelto,Smartphone,21999,2,Waste of money,"Sale la vaangunen. Charging speed paravala, oru alavuku fine. Anaalum battery life konjam problem ah irukku. Return pannalaam nu irukken.",Tanglish,negative,charging;battery,charging:neutral;battery:negative,Yes,2,2025-06-19,20
R00683,P13,Zyra QuickBlend 500W Mixer Grinder,Zyra,Kitchen,2499,3,Price ku okay,customer care udane help pannaanga. aana power output avlo nalla illa. heat aaga romba neram aagudhu.,Tanglish,neutral,customer_service;power,customer_service:positive;power:negative,Yes,5,2025-06-19,16
R00684,P14,Aerochef AirFry 4L Air Fryer,Aerochef,Kitchen,5499,4,Worth the money,"Loving the noise level, it is superb. Runs very quietly, barely noticeable. Also, loving the power output, it is amazing. Customer support resolved my query the same day.",English,positive,noise;power;customer_service,noise:positive;power:positive;customer_service:positive,Yes,0,2025-06-19,28
R00685,P18,Zyra Band 5,Zyra,Fitness Band,2499,4,Superb fit,"The wearing comfort is superb. That said, the tracking is okay, nothing special.",English,positive,comfort;tracking,comfort:positive;tracking:neutral,Yes,1,2025-06-19,13
R00686,P06,Aerobeat Buds Air,Aerobeat,Headphones,2999,1,Do not buy,"Noise cancellation is really bad, quite disappointed. Adds a weird pressure feeling in the ears. Would not recommend.",English,negative,noise_cancellation,noise_cancellation:negative,Yes,0,2025-06-20,18
R00687,P12,Kelto Gamer 16,Kelto,Laptop,72999,5,Good buy,Ordered this as a gift for my brother. The battery backup is very good. Go for it without a second thought.,English,positive,battery,battery:positive,Yes,0,2025-06-20,21
R00688,P20,Orbix Fit Lite,Orbix,Fitness Band,1299,3,Fine for basic use,Using it daily for a month. Screen quality is neither great nor bad. Wait for a discount before buying.,English,neutral,display,display:neutral,Yes,1,2025-06-20,19
R00689,P07,Kelto SoundMax ANC,Kelto,Headphones,5999,3,Average than,Paisa waste-nu thonudhu. Anaalum bluetooth connectivity super ah work aagudhu. Basic use ku fine.,Tanglish,neutral,value_for_money;connectivity,value_for_money:negative;connectivity:positive,Yes,2,2025-06-21,14
R00690,P08,Tunex Neckband Z,Tunex,Headphones,1499,5,Excellent purchase,"Got this during a sale. Battery life is really amazing, very happy with it. The bluetooth connectivity is reliable. Worth every rupee.",English,positive,battery;connectivity,battery:positive;connectivity:positive,No,4,2025-06-21,22
R00691,P08,Tunex Neckband Z,Tunex,Headphones,1499,1,Paisa waste,"Online la vaangunen. Bluetooth connectivity disappointing, ethirpaartha alavuku illa. Call nadulla disconnect aagudhu.",Tanglish,negative,connectivity,connectivity:negative,Yes,1,2025-06-21,13
R00692,P07,Kelto SoundMax ANC,Kelto,Headphones,5999,5,Semma product,"battery backup romba nalla irukku, worth it. oru charge la rendu naal odudhu. sound super ah work aagudhu. bass vera level, vocals um clear ah irukku. kaasu ku worth.",Tanglish,positive,battery;sound,battery:positive;sound:positive,Yes,10,2025-06-22,29
R00693,P18,Zyra Band 5,Zyra,Fitness Band,2499,5,Superb companion app,"Loving the companion app, it is superb. Also, the support team was very helpful",English,positive,app;customer_service,app:positive;customer_service:positive,Yes,5,2025-06-23,14
R00694,P08,Tunex Neckband Z,Tunex,Headphones,1499,2,Disappointed,"Battery backup disappointing, ethirpaartha alavuku illa. Oru naalaikku rendu thadava charge pannanum. Adhoda delivery romba late ah vandhuchu. Aana sound quality normal ah irukku, special ah onnum illa.",Tanglish,negative,battery;delivery;sound,battery:negative;delivery:negative;sound:neutral,Yes,2,2025-06-24,28
R00695,P10,Orbix ProBook 15,Orbix,Laptop,45999,4,Superb quality,build is neither great nor bad. but honestly the keyboard is reliable for this price. typing feels comfortable with good key travel. worth every rupee.,English,positive,build;keyboard,build:neutral;keyboard:positive,No,1,2025-06-24,25
R00696,P08,Tunex Neckband Z,Tunex,Headphones,1499,4,Great product,"Honestly the battery life is poor for this price. Drains completely by evening. That said, the audio quality is fantastic. Also, delivery was quick and the packaging was neat. Would buy again.",English,positive,battery;sound;delivery,battery:negative;sound:positive;delivery:positive,Yes,7,2025-06-25,32
R00697,P07,Kelto SoundMax ANC,Kelto,Headphones,5999,5,Loved it,"Loving the battery, it is amazing. Barely drops overnight on standby. Would buy again.",English,positive,battery,battery:positive,Yes,1,2025-06-26,14
R00698,P14,Aerochef AirFry 4L Air Fryer,Aerochef,Kitchen,5499,3,Mixed feelings,Been using it for two weeks now. Honestly the noise level is below average for this price. But totally worth the price. Wait for a discount before buying.,English,neutral,noise;value_for_money,noise:negative;value_for_money:positive,Yes,8,2025-06-26,28
R00699,P07,Kelto SoundMax ANC,Kelto,Headphones,5999,1,Paisa waste,"Online la vaangunen. Pairing waste, expect pannadhu kedaikala. Pair aaga romba neram edukkudhu. Battery life waste, expect pannadhu kedaikala. Evening aagumbodhe charge theerndhu poiduthu. Return pannalaam nu irukken.",Tanglish,negative,connectivity;battery,connectivity:negative;battery:negative,No,9,2025-06-27,28
R00700,P08,Tunex Neckband Z,Tunex,Headphones,1499,1,Do not buy,Purchased on a friend's suggestion. Customer service was unhelpful and never replied properly. Expected much better for the price.,English,negative,customer_service,customer_service:negative,Yes,0,2025-06-27,19
R00701,P11,Vanta Slim 3,Vanta,Laptop,34999,3,Average than,"Finish nalla irukku, no issues. Body romba durable ah theriyudhu. Aana battery life normal ah irukku, special ah onnum illa. Aana pa, intha price ku worth illa, overpriced.",Tanglish,neutral,build;battery;value_for_money,build:positive;battery:neutral;value_for_money:negative,Yes,6,2025-06-28,28
R00702,P12,Kelto Gamer 16,Kelto,Laptop,72999,5,Excellent purchase,got this during a sale. the battery life turned out superb. one charge gets me through two days of normal use!!!,English,positive,battery,battery:positive,Yes,8,2025-06-28,21
R00703,P14,Aerochef AirFry 4L Air Fryer,Aerochef,Kitchen,5499,1,Ethirpaartha alavuku illa,"Power disappointing, ethirpaartha alavuku illa. Noise level avlo nalla illa. Speed kootinaa rattle sound varudhu. Vaanga vendam nu solluven.",Tanglish,negative,power;noise,power:negative;noise:negative,No,14,2025-06-28,19
R00704,P07,Kelto SoundMax ANC,Kelto,Headphones,5999,3,Fine for basic use,Totally worth the price. But sadly the audio quality is underwhelming.,English,neutral,value_for_money;sound,value_for_money:positive;sound:negative,Yes,0,2025-06-29,11
R00705,P10,Orbix ProBook 15,Orbix,Laptop,45999,3,Average than,"Moonu maasam use pannitu review podren. Typing experience romba mosam. Keys mushy ah irukku, typing feel illa. Aana delivery fast ah vandhuchu, packing nalla irundhuchu.",Tanglish,neutral,keyboard;delivery,keyboard:negative;delivery:positive,Yes,0,2025-06-29,25
R00706,P12,Kelto Gamer 16,Kelto,Laptop,72999,3,Okay okay,"gift ku vaangunen, ippo use pannitu irukken. build quality okay okay, average than. basic use ku fine.",Tanglish,neutral,build,build:neutral,Yes,6,2025-06-29,17
R00707,P14,Aerochef AirFry 4L Air Fryer,Aerochef,Kitchen,5499,2,Bad operating noise,"Using it daily for a week. Sadly the noise level is terrible. That said, the support team was very helpful. But design is really underwhelming, quite disappointed. The handle design is awkward. Thinking of returning it.",English,negative,noise;customer_service;design,noise:negative;customer_service:positive;design:negative,No,26,2025-06-29,36
R00708,P18,Zyra Band 5,Zyra,Fitness Band,2499,4,Average product,"Fit is neither great nor bad. Fine, but there might be better options",English,neutral,comfort,comfort:neutral,Yes,5,2025-06-29,13
R00709,P19,Vanta Watch Active,Vanta,Fitness Band,4999,2,Vaanga vendam,Online la vaangunen. Customer care reply-ye panala. Idhukku vera product vaangalaam.,Tanglish,negative,customer_service,customer_service:negative,Yes,3,2025-06-29,11
R00710,P02,Kelto Pixel Lite,Kelto,Smartphone,21999,5,Romba nalla irukku,"Processing speed super ah work aagudhu. Apps udane open aagudhu, lag ae illa.",Tanglish,positive,performance,performance:positive,Yes,1,2025-07-01,13
R00711,P07,Kelto SoundMax ANC,Kelto,Headphones,5999,5,Vaangalaam,"Delivery normal time la vandhuchu. Aana pa, wearing comfort nalla irukku, no issues. Romba light ah, fit um nalla irukku. Aprm sound quality semma-ya irukku. Songs kekka romba rich ah irukku.",Tanglish,positive,delivery;comfort;sound,delivery:neutral;comfort:positive;sound:positive,Yes,5,2025-07-01,31
R00712,P06,Aerobeat Buds Air,Aerobeat,Headphones,2999,4,Worth the money,"The audio quality is excellent. Also, customer support resolved my query the same day. However, ANC is neither great nor bad. Would buy again.",English,positive,sound;customer_service;noise_cancellation,sound:positive;customer_service:positive;noise_cancellation:neutral,Yes,1,2025-07-02,24
R00713,P11,Vanta Slim 3,Vanta,Laptop,34999,5,Excellent purchase,Been using it for two weeks now. Great value for money at this price. Customer support resolved my query the same day. Definitely recommend it.,English,positive,value_for_money;customer_service,value_for_money:positive;customer_service:positive,Yes,4,2025-07-02,25
R00714,P13,Zyra QuickBlend 500W Mixer Grinder,Zyra,Kitchen,2499,5,Happy with this,"The noise level is fantastic. Much quieter than my previous one. Plus, delivery was quick and the packaging was neat",English,positive,noise;delivery,noise:positive;delivery:positive,Yes,4,2025-07-02,20
R00715,P14,Aerochef AirFry 4L Air Fryer,Aerochef,Kitchen,5499,4,Worth it bro,Sonna naal ku munnadiye vandhuduthu. Adhoda build quality semma-ya irukku. Aprm customer care udane help pannaanga. Romba santhosham.,Tanglish,positive,delivery;build;customer_service,delivery:positive;build:positive;customer_service:positive,No,1,2025-07-02,18
R00716,P18,Zyra Band 5,Zyra,Fitness Band,2499,5,Vaangalaam,"Friend recommend pannaan, vaangunen. Companion app romba nalla irukku, worth it. Aana step tracking paravala, oru alavuku fine. Anaalum sonna naal ku munnadiye vandhuduthu.",Tanglish,positive,app;tracking;delivery,app:positive;tracking:neutral;delivery:positive,Yes,0,2025-07-02,24
R00717,P19,Vanta Watch Active,Vanta,Fitness Band,4999,2,Bad app connectivity,"Purchased on a friend's suggestion. The companion app is bad. However, battery is really reliable, very happy with it. One charge gets me through two days of normal use. That said, not worth the price at all.",English,negative,app;battery;value_for_money,app:negative;battery:positive;value_for_money:negative,Yes,7,2025-07-02,37
R00718,P02,Kelto Pixel Lite,Kelto,Smartphone,21999,3,Price ku okay,Price ku ok.,Tanglish,neutral,value_for_money,value_for_money:neutral,Yes,0,2025-07-03,3
R00719,P18,Zyra Band 5,Zyra,Fitness Band,2499,5,Romba nalla irukku,"Oru vaaram use pannitu review podren. Support team romba helpful. Overall worth it, recommend pannalaam.",Tanglish,positive,customer_service,customer_service:positive,Yes,5,2025-07-03,15
R00720,P19,Vanta Watch Active,Vanta,Fitness Band,4999,4,Excellent purchase,"Arrived a day early and well packed. Plus, great value for money at this price. However, the battery is below average.",English,positive,delivery;value_for_money;battery,delivery:positive;value_for_money:positive;battery:negative,Yes,1,2025-07-03,21
R00721,P08,Tunex Neckband Z,Tunex,Headphones,1499,5,Kaasu ku worth,Sale la vaangunen. Connectivity semma-ya irukku. Vera room la irundhaalum connect la irukku. Romba santhosham.,Tanglish,positive,connectivity,connectivity:positive,Yes,5,2025-07-04,15
R00722,P09,Zephyr Air 14,Zephyr,Laptop,54999,5,Superb quality,Honestly the battery life is amazing for this price. Barely drops overnight on standby.,English,positive,battery,battery:positive,Yes,2,2025-07-04,14
R00723,P11,Vanta Slim 3,Vanta,Laptop,34999,3,Paravala,"Friend recommend pannaan, vaangunen. Typing experience konjam problem ah irukku. Keys mushy ah irukku, typing feel illa. Anaalum performance super ah work aagudhu. Basic use ku fine.",Tanglish,neutral,keyboard;performance,keyboard:negative;performance:positive,Yes,9,2025-07-04,27
R00724,P12,Kelto Gamer 16,Kelto,Laptop,72999,1,Poor keyboard,Sadly the typing experience is frustrating. Backlight is too dim to be useful. Expected much better for the price.,English,negative,keyboard,keyboard:negative,Yes,4,2025-07-04,19
R00725,P13,Zyra QuickBlend 500W Mixer Grinder,Zyra,Kitchen,2499,3,Fine for basic use,"Purchased on a friend's suggestion. Honestly the build is excellent for this price. Solid body with no creaks or flex. But the power output turned out awful. Fine, but there might be better options.",English,neutral,build;power,build:positive;power:negative,Yes,0,2025-07-04,34
R00726,P16,Tunex Induction Cooktop,Tunex,Kitchen,2799,4,Super ah irukku,Price ku ok. Aana sonna naal ku munnadiye vandhuduthu.,Tanglish,positive,value_for_money;delivery,value_for_money:neutral;delivery:positive,Yes,1,2025-07-04,9
R00727,P20,Orbix Fit Lite,Orbix,Fitness Band,1299,3,"Okay, not great",Sadly the step tracking is below average. Heart rate readings jump around randomly. But the support team was very helpful. Okay for basic use.,English,neutral,tracking;customer_service,tracking:negative;customer_service:positive,Yes,1,2025-07-04,24
R00728,P08,Tunex Neckband Z,Tunex,Headphones,1499,3,Average than,"gift ku vaangunen, ippo use pannitu irukken. connectivity okay okay, average than. aprm wearing comfort paravala, oru alavuku fine.",Tanglish,neutral,connectivity;comfort,connectivity:neutral;comfort:neutral,Yes,4,2025-07-05,19
R00729,P19,Vanta Watch Active,Vanta,Fitness Band,4999,5,Loved it,"Honestly the comfort is impressive for this price. Cushions are soft and the fit is secure. Also, honestly the tracking is excellent for this price. Step count matches my phone almost exactly.",English,positive,comfort;tracking,comfort:positive;tracking:positive,No,13,2025-07-05,32
R00730,P19,Vanta Watch Active,Vanta,Fitness Band,4999,2,Regret buying,Upgraded from my old one. Honestly the step tracking is below average for this price. Heart rate readings jump around randomly. Save your money.,English,negative,tracking,tracking:negative,Yes,0,2025-07-05,24
R00731,P07,Kelto SoundMax ANC,Kelto,Headphones,5999,4,Romba nalla irukku,"battery life super ah work aagudhu. aana pa, noise cancellation normal ah irukku, special ah onnum illa. anaalum fit romba nalla irukku, worth it. romba light ah, fit um nalla irukku. confirm ah vaangalaam",Tanglish,positive,battery;noise_cancellation;comfort,battery:positive;noise_cancellation:neutral;comfort:positive,Yes,2,2025-07-06,34
R00732,P08,Tunex Neckband Z,Tunex,Headphones,1499,4,"Okay, not great","Honestly the pairing is terrible for this price. Disconnects randomly in the middle of calls. That said, totally worth the price.",English,neutral,connectivity;value_for_money,connectivity:negative;value_for_money:positive,Yes,7,2025-07-06,21
R00733,P08,Tunex Neckband Z,Tunex,Headphones,1499,3,Fine for basic use,"Sadly the fit is below average. Keeps slipping out during workouts. That said, great value for money at this price.",English,neutral,comfort;value_for_money,comfort:negative;value_for_money:positive,Yes,21,2025-07-07,20
R00734,P09,Zephyr Air 14,Zephyr,Laptop,54999,5,Great product,"Purchased on a friend's suggestion. Delivery was quick and the packaging was neat. Plus, the support team was very helpful. Go for it without a second thought.",English,positive,delivery;customer_service,delivery:positive;customer_service:positive,Yes,11,2025-07-07,27
R00735,P06,Aerobeat Buds Air,Aerobeat,Headphones,2999,2,Paisa waste,"Sale la vaangunen. Noise cancellation waste, expect pannadhu kedaikala. Comfort disappointing, ethirpaartha alavuku illa. Idhukku vera product vaangalaam.",Tanglish,negative,noise_cancellation;comfort,noise_cancellation:negative;comfort:negative,Yes,2,2025-07-08,18
R00736,P18,Zyra Band 5,Zyra,Fitness Band,2499,3,Price ku okay,"online la vaangunen. app connectivity avlo nalla illa. app crash aagitte irukku, sync aagala. aana screen quality romba nalla irukku, worth it. screen bright ah irukku, colours vivid ah theriyudhu. price ku okay, vera option irundha paarunga.",Tanglish,neutral,app;display,app:negative;display:positive,Yes,7,2025-07-08,37
R00737,P06,Aerobeat Buds Air,Aerobeat,Headphones,2999,1,Waste of money,Delivery was delayed by a week. Thinking of returning it.,English,negative,delivery,delivery:negative,No,0,2025-07-09,10
R00738,P06,Aerobeat Buds Air,Aerobeat,Headphones,2999,1,Expected better,Honestly the audio quality is disappointing for this price. 👎,English,negative,sound,sound:negative,Yes,4,2025-07-09,10
R00739,P09,Zephyr Air 14,Zephyr,Laptop,54999,4,Worth it bro,"Sale la vaangunen. Typing experience romba nalla irukku, worth it. Aprm screen super ah work aagudhu. Scroll romba smooth ah irukku.",Tanglish,positive,keyboard;display,keyboard:positive;display:positive,Yes,1,2025-07-09,21
R00740,P10,Orbix ProBook 15,Orbix,Laptop,45999,5,Romba nalla irukku,Kaasu ku ettha value.,Tanglish,positive,value_for_money,value_for_money:positive,Yes,4,2025-07-09,4
R00741,P13,Zyra QuickBlend 500W Mixer Grinder,Zyra,Kitchen,2499,5,Good buy,The styling is superb. Looks elegant and fits well in my kitchen.,English,positive,design,design:positive,Yes,4,2025-07-09,12
R00742,P19,Vanta Watch Active,Vanta,Fitness Band,4999,1,Disappointing step tracking,Upgraded from my old one. The tracking accuracy is frustrating. Heart rate reaidngs jump around randomly. Would not recommend.,English,negative,tracking,tracking:negative,Yes,5,2025-07-09,19
R00743,P02,Kelto Pixel Lite,Kelto,Smartphone,21999,4,Kaasu ku worth,"Friend recommend pannaan, vaangunen. Battery nalla irukku, no issues. Oru charge la rendu naal odudhu. Aprm screen romba nalla irukku, worth it.",Tanglish,positive,battery;display,battery:positive;display:positive,Yes,11,2025-07-10,22
R00744,P06,Aerobeat Buds Air,Aerobeat,Headphones,2999,5,Loved it,Honestly the sound quality is spuerb for this price.,English,positive,sound,sound:positive,Yes,1,2025-07-10,9
R00745,P07,Kelto SoundMax ANC,Kelto,Headphones,5999,1,Poor comfort,upgraded from my old one. the wearing comfort is disappointing. keeps slipping out during workouts. would not recommend.,English,negative,comfort,comfort:negative,Yes,0,2025-07-10,18
R00746,P08,Tunex Neckband Z,Tunex,Headphones,1499,5,Value for money,The battery is very good. One charge gets me through two days of normal use. Overall very happy with the purchase.,English,positive,battery,battery:positive,Yes,6,2025-07-10,21
R00747,P14,Aerochef AirFry 4L Air Fryer,Aerochef,Kitchen,5499,4,Great product,"ordered this as a gift for my brother. cleanup is average for this price. however, delivery was quick and the packaging was neat. go for it without a second thought",English,positive,cleaning;delivery,cleaning:neutral;delivery:positive,Yes,2,2025-07-11,30
R00748,P06,Aerobeat Buds Air,Aerobeat,Headphones,2999,1,Not as expected,Sadly the fit is bad. Starts hurting my ears after an hour.,English,negative,comfort,comfort:negative,Yes,9,2025-07-12,12
R00749,P13,Zyra QuickBlend 500W Mixer Grinder,Zyra,Kitchen,2499,2,Semma product,"Cleaning super ah work aagudhu. Aana operating noise normal ah irukku, special ah onnum illa.",Tanglish,positive,cleaning;noise,cleaning:positive;noise:neutral,Yes,1,2025-07-12,15
R00750,P19,Vanta Watch Active,Vanta,Fitness Band,4999,1,Romba mosam,Tracking accuracy konjam problem ah irukku,Tanglish,negative,tracking,tracking:negative,Yes,0,2025-07-12,6
R00751,P09,Zephyr Air 14,Zephyr,Laptop,54999,5,Romba nalla irukku,"Kaasu ku ettha value. Overall worth it, recommend pannalaam.",Tanglish,positive,value_for_money,value_for_money:positive,Yes,4,2025-07-13,9
R00752,P10,Orbix ProBook 15,Orbix,Laptop,45999,4,Worth it bro,"keyboard and trackpad vera level, price ku nalla irukku.",Tanglish,positive,keyboard,keyboard:positive,Yes,1,2025-07-13,9
R00753,P06,Aerobeat Buds Air,Aerobeat,Headphones,2999,3,Decent for the price,"Purchased on a friend's suggestion. The battery life is very good. That said, sadly the noise cancelling is disappointing. Okay for basic use.",English,neutral,battery;noise_cancellation,battery:positive;noise_cancellation:negative,Yes,2,2025-07-14,23
R00754,P11,Vanta Slim 3,Vanta,Laptop,34999,5,Worth it bro,"build vera level, price ku nalla irukku. adhoda screen quality semma-ya irukku. scroll romba smooth ah irukku.",Tanglish,positive,build;display,build:positive;display:positive,Yes,1,2025-07-14,17
R00755,P13,Zyra QuickBlend 500W Mixer Grinder,Zyra,Kitchen,2499,3,Average than,"Ease of cleaning super ah work aagudhu. Aana build quality waste, expect pannadhu kedaikala. Oru vaaramla scratch vandhuduthu. Discount la vaangina worth.",Tanglish,neutral,cleaning;build,cleaning:positive;build:negative,Yes,8,2025-07-14,22
R00756,P18,Zyra Band 5,Zyra,Fitness Band,2499,4,Vaangalaam,"Screen nalla irukku, no issues. Scroll romba smooth ah irukku. Aana tracking okay okay, average than. Aana app super ah work aagudhu. Notifications correct ah varudhu. Confirm ah vaangalaam.",Tanglish,positive,display;tracking;app,display:positive;tracking:neutral;app:positive,No,5,2025-07-14,29
R00757,P07,Kelto SoundMax ANC,Kelto,Headphones,5999,3,Highly recommended,"Bought this five months ago. Pairing is really superb, very happy with it. Range is great, works across rooms. Sound quality is really impressive, very happy with it. However, found cheaper alternatives with better features. Would buy again.",English,positive,connectivity;sound;value_for_money,connectivity:positive;sound:positive;value_for_money:negative,Yes,3,2025-07-15,38
R00758,P01,Zyra Nova 5G,Zyra,Smartphone,14999,4,Does the job,"Delivery took the usual time. Fine, but there might be better options.",English,neutral,delivery,delivery:neutral,Yes,4,2025-07-16,12
R00759,P12,Kelto Gamer 16,Kelto,Laptop,72999,5,Vaangalaam,"Sale la vaangunen. Build nalla irukku, no issues. Body romba durable ah theriyudhu. Aprm processing speed romba nalla irukku, worth it. Apps udane open aagudhu, lag ae illa.",Tanglish,positive,build;performance,build:positive;performance:positive,Yes,2,2025-07-16,28
R00760,P01,Zyra Nova 5G,Zyra,Smartphone,14999,5,Highly recommended,Bought this three months ago. Totally worth the price.,English,positive,value_for_money,value_for_money:positive,No,1,2025-07-17,9
R00761,P02,Kelto Pixel Lite,Kelto,Smartphone,21999,5,Semma product,"Sonna naal ku munnadiye vandhuduthu. Adhoda charging nalla irukku, no issues. Oru mani neram la full charge aagiduthu. Confirm ah vaangalaam.",Tanglish,positive,delivery;charging,delivery:positive;charging:positive,No,1,2025-07-17,21
R00762,P18,Zyra Band 5,Zyra,Fitness Band,2499,2,Disappointing companion app,"App is really underwhelming, quite disappointed. The app is cluttered and full of prompts. Would not recommend.",English,negative,app,app:negative,Yes,3,2025-07-17,17
R00763,P07,Kelto SoundMax ANC,Kelto,Headphones,5999,5,Loved it,"Upgraded from my old one. Great value for money at this price. Also, honestly the sound is reliable for this price. Would buy again.",English,positive,value_for_money;sound,value_for_money:positive;sound:positive,No,11,2025-07-18,24
R00764,P07,Kelto SoundMax ANC,Kelto,Headphones,5999,5,Excellent audio quality,The sound quality is fantastic. Bass is punchy without drowning the vocals. Would buy again.,English,positive,sound,sound:positive,Yes,1,2025-07-19,15
R00765,P08,Tunex Neckband Z,Tunex,Headphones,1499,1,Romba mosam,"Oru maasam use pannitu review podren. Sound quality waste, expect pannadhu kedaikala. Paisa waste.",Tanglish,negative,sound,sound:negative,Yes,6,2025-07-19,14
R00766,P13,Zyra QuickBlend 500W Mixer Grinder,Zyra,Kitchen,2499,3,Average than,"Friend recommend pannaan, vaangunen. Power avlo nalla illa. Aana pa, noise level semma-ya irukku. Munnadi vachirundhadhu vida romba amaidhi. Discount la vaangina worth.",Tanglish,neutral,power;noise,power:negative;noise:positive,Yes,3,2025-07-19,23
R00767,P06,Aerobeat Buds Air,Aerobeat,Headphones,2999,4,Average than,"online la vaangunen. wearing comfort paravala, oru alavuku fine. discount la vaangina worth.",Tanglish,neutral,comfort,comfort:neutral,Yes,2,2025-07-20,13
R00768,P06,Aerobeat Buds Air,Aerobeat,Headphones,2999,5,Superb battery backup,Ordered this as a gift for my brother. Honestly the battery is superb for this price. One charge gets me through two days of normal use. The sound quality is reliable. Definitely recommend it.,English,positive,battery;sound,battery:positive;sound:positive,Yes,2,2025-07-21,34
R00769,P10,Orbix ProBook 15,Orbix,Laptop,45999,1,Regret buying,bought this three months ago. the screen turned out terrible. noticed slight backlight bleed near the edges. 😡,English,negative,display,display:negative,Yes,5,2025-07-21,18
R00770,P10,Orbix ProBook 15,Orbix,Laptop,45999,4,Good buy,"The build quality is okay, nothing special. That said, loving the battery backup, it is amazing. One charge gets me through two days of normal use. The display is very good. Colors are vivid and it gets bright enough outdoors!!",English,positive,build;battery;display,build:neutral;battery:positive;display:positive,Yes,15,2025-07-21,40
R00771,P18,Zyra Band 5,Zyra,Fitness Band,2499,4,Good buy,The tracking accuracy turned out great. Step count matches my phone almost exactly. The comfort turned out amazing. But sadly the app is bad.,English,positive,tracking;comfort;app,tracking:positive;comfort:positive;app:negative,Yes,7,2025-07-21,24
R00772,P02,Kelto Pixel Lite,Kelto,Smartphone,21999,5,Very satisfied,"Bought this a week ago. Honestly the screen is superb for this price. Also, arrived a day early and well packed.",English,positive,display;delivery,display:positive;delivery:positive,Yes,0,2025-07-22,21
R00773,P10,Orbix ProBook 15,Orbix,Laptop,45999,5,Happy with this,"Upgraded from my old one. The battery backup turned out superb. One charge gets me through two days of normal use. Plus, the overall speed is great. Definitely recommend it.",English,positive,battery;performance,battery:positive;performance:positive,Yes,2,2025-07-22,30
R00774,P08,Tunex Neckband Z,Tunex,Headphones,1499,4,Good buy,You get a lot for the money. Go for it without a second thought.,English,positive,value_for_money,value_for_money:positive,Yes,6,2025-07-23,14
R00775,P08,Tunex Neckband Z,Tunex,Headphones,1499,5,Super ah irukku,"Friend recommend pannaan, vaangunen. Connectivity semma-ya irukku. Sonna naal ku munnadiye vandhuduthu. Adhoda support team romba helpful.",Tanglish,positive,connectivity;delivery;customer_service,connectivity:positive;delivery:positive;customer_service:positive,Yes,2,2025-07-23,17
R00776,P10,Orbix ProBook 15,Orbix,Laptop,45999,5,Happy with this,Using it daily for five months. The batetry is fantastic. Worth every rupee.,English,positive,battery,battery:positive,Yes,0,2025-07-23,13
R00777,P14,Aerochef AirFry 4L Air Fryer,Aerochef,Kitchen,5499,4,Excellent purchase,"Been using it for three months now. The design turned out underwhelming. Looks nice in photos but dated in person. However, noise level is really superb, very happy with it. Loving the build, it is amazing.",English,positive,design;noise;build,design:negative;noise:positive;build:positive,Yes,3,2025-07-23,36
R00778,P01,Zyra Nova 5G,Zyra,Smartphone,14999,3,"Okay, not great","Upgraded from my old one. The fast charging turned out amazing. Quick top-ups save me every morning. That said, performance is really disappointing, quite disappointed.",English,neutral,charging;performance,charging:positive;performance:negative,Yes,0,2025-07-25,25
R00779,P09,Zephyr Air 14,Zephyr,Laptop,54999,2,Regret buying,"Been using it for a month now. Typing experience is average for this price. That said, honestly the processing speed is below average for this price. Save your money.",English,negative,keyboard;performance,keyboard:neutral;performance:negative,Yes,2,2025-07-25,29
R00780,P12,Kelto Gamer 16,Kelto,Laptop,72999,5,Highly recommended,"The screen turned out solid. Viewing angles are great and text is sharp. Loving the build quality, it is excellent. Solid body with no creaks or flex",English,positive,display;build,display:positive;build:positive,Yes,15,2025-07-25,27
R00781,P14,Aerochef AirFry 4L Air Fryer,Aerochef,Kitchen,5499,4,"Okay, not great",Purchased on a friend's suggestion. The overall design is decent but not outstanding.,English,neutral,design,design:neutral,No,4,2025-07-25,13
R00782,P06,Aerobeat Buds Air,Aerobeat,Headphones,2999,1,Poor connectivity,"Bluetooth connectivity is really awful, quite disappointed. Audio lags behind video. Would not recommend",English,negative,connectivity,connectivity:negative,Yes,7,2025-07-26,14
R00783,P07,Kelto SoundMax ANC,Kelto,Headphones,5999,5,Super ah irukku,sale la vaangunen. battery backup semma-ya irukku. oru charge la rendu naal odudhu. adhoda pairing super ah work aagudhu. vera room la irundhaalum connect la irukku. 😍,Tanglish,positive,battery;connectivity,battery:positive;connectivity:positive,Yes,2,2025-07-26,27
R00784,P09,Zephyr Air 14,Zephyr,Laptop,54999,3,Waste of money,"Keyboard disappointing, ethirpaartha alavuku illa. Packing sariya illa, delivery um late. Anaalum price ku romba worth.",Tanglish,negative,keyboard;delivery;value_for_money,keyboard:negative;delivery:negative;value_for_money:positive,Yes,1,2025-07-26,16
R00785,P12,Kelto Gamer 16,Kelto,Laptop,72999,3,Fine for basic use,"Keyboard and trackpad is fine, does the job.",English,neutral,keyboard,keyboard:neutral,Yes,7,2025-07-26,8
R00786,P09,Zephyr Air 14,Zephyr,Laptop,54999,3,Okay okay,"Build disappointing, ethirpaartha alavuku illa. Aana pa, price ku romba worth.",Tanglish,neutral,build;value_for_money,build:negative;value_for_money:positive,Yes,8,2025-07-27,11
R00787,P14,Aerochef AirFry 4L Air Fryer,Aerochef,Kitchen,5499,5,Very satisfied,"loving the power output, it is amazing. plenty of power for daily cooking. worth every rupee",English,positive,power,power:positive,Yes,3,2025-07-27,16
R00788,P08,Tunex Neckband Z,Tunex,Headphones,1499,4,Kaasu ku worth,"Sale la vaangunen. Fit nalla irukku, no issues. Adhoda price ku romba worth. Aana pa, bluetooth connectivity normal ah irukku, special ah onnum illa. Romba santhosham.",Tanglish,positive,comfort;value_for_money;connectivity,comfort:positive;value_for_money:positive;connectivity:neutral,Yes,3,2025-07-28,26
R00789,P10,Orbix ProBook 15,Orbix,Laptop,45999,5,Excellent performance,Ordered this as a gift for my brother. The processing speed is excellent. Handles everything I throw at it without slowing down.,English,positive,performance,performance:positive,No,5,2025-07-28,22
R00790,P11,Vanta Slim 3,Vanta,Laptop,34999,5,Loved it,Upgraded from my old one. Totally worth the price. The finish turned out fantastic. Overall very happy with the purchase.,English,positive,value_for_money;build,value_for_money:positive;build:positive,No,5,2025-07-28,20
R00791,P18,Zyra Band 5,Zyra,Fitness Band,2499,5,Great comfort,"delivery took the usual time. that said, the comfort turned out very good.",English,positive,delivery;comfort,delivery:neutral;comfort:positive,Yes,1,2025-07-28,13
R00792,P07,Kelto SoundMax ANC,Kelto,Headphones,5999,3,Does the job,Sadly the noise cancelling is bad. Still hear people talking around me with it on. But the fit is excellent. Cushions are soft and the fit is secure.,English,neutral,noise_cancellation;comfort,noise_cancellation:negative;comfort:positive,Yes,0,2025-07-29,28
R00793,P08,Tunex Neckband Z,Tunex,Headphones,1499,3,Fine for basic use,"Been using it for a month now. The sound is underwhelming. Sounds tinny and flat. That said, delivery was quick and the packaging was neat. Wait for a discount before buying.",English,neutral,sound;delivery,sound:negative;delivery:positive,Yes,7,2025-07-29,31
R00794,P18,Zyra Band 5,Zyra,Fitness Band,2499,5,Excellent tracking accuracy,The step tracking turned out reliable. Sleep tracking gives useful details. Would buy again.,English,positive,tracking,tracking:positive,Yes,0,2025-07-29,14
R00795,P07,Kelto SoundMax ANC,Kelto,Headphones,5999,3,Fine for basic use,"Using it daily for two days. The connectivity is awful. Audio lags behind video. However, arrived a day early and well packed. Decent for the price, nothing special.",English,neutral,connectivity;delivery,connectivity:negative;delivery:positive,Yes,8,2025-07-30,28
R00796,P08,Tunex Neckband Z,Tunex,Headphones,1499,4,Superb quality,Honestly the battery life is impressive for this price. Barely drops overnight on standby. Delivery was quick and the packaging was neat. Would buy again!!!,English,positive,battery;delivery,battery:positive;delivery:positive,Yes,4,2025-07-30,25
R00797,P11,Vanta Slim 3,Vanta,Laptop,34999,5,Excellent purchase,The finish turned out reliable. Finish is excellent and it looks durable.,English,positive,build,build:positive,Yes,0,2025-07-31,12
R00798,P18,Zyra Band 5,Zyra,Fitness Band,2499,5,Semma product,"Step tracking romba nalla irukku, worth it. Overall worth it, recommend pannalaam.",Tanglish,positive,tracking,tracking:positive,Yes,1,2025-07-31,12
R00799,P10,Orbix ProBook 15,Orbix,Laptop,45999,4,Average than,screen konjam problem ah irukku. veyilla screen paakave mudiyala. anaalum customer care udane help pannaanga.,Tanglish,neutral,display;customer_service,display:negative;customer_service:positive,Yes,1,2025-08-01,15
R00800,P14,Aerochef AirFry 4L Air Fryer,Aerochef,Kitchen,5499,1,Bad ease of cleaning,"Sadly the ease of cleaning is awful. Plus, packaging was poor and delivery was late. Would not recommend.",English,negative,cleaning;delivery,cleaning:negative;delivery:negative,Yes,1,2025-08-01,18
R00801,P19,Vanta Watch Active,Vanta,Fitness Band,4999,4,Highly recommended,The tracking accuracy turned out very good. Would buy again,English,positive,tracking,tracking:positive,Yes,0,2025-08-01,10
R00802,P08,Tunex Neckband Z,Tunex,Headphones,1499,2,Expected better,The battery backup is decent but not outstanding. But not worth the price at all. Save your money.,English,negative,battery;value_for_money,battery:neutral;value_for_money:negative,Yes,5,2025-08-02,18
R00803,P18,Zyra Band 5,Zyra,Fitness Band,2499,5,Super ah irukku,"Tracking accuracy vera level, price ku nalla irukku. Heart rate reading accurate ah varudhu. Aprm app connectivity romba nalla irukku, worth it. App simple ah irukku, sync seekiram aagudhu. Kaasu ku worth!!",Tanglish,positive,tracking;app,tracking:positive;app:positive,Yes,6,2025-08-02,32
R00804,P18,Zyra Band 5,Zyra,Fitness Band,2499,3,Paravala,"gift ku vaangunen, ippo use pannitu irukken. tracking nalla irukku, no issues. heart rate reading accurate ah varudhu. aana wearing comfort paravala, oru alavuku fine. anaalum battery konjam problem ah irukku. basic use ku fine.",Tanglish,neutral,tracking;comfort;battery,tracking:positive;comfort:neutral;battery:negative,Yes,2,2025-08-02,35
R00805,P18,Zyra Band 5,Zyra,Fitness Band,2499,5,Kaasu ku worth,"App semma-ya irukku. Notifications correct ah varudhu. Aprm step tracking romba nalla irukku, worth it. Steps count correct ah irukku. Kaasu ku worth.",Tanglish,positive,app;tracking,app:positive;tracking:positive,Yes,2,2025-08-03,23
R00806,P20,Orbix Fit Lite,Orbix,Fitness Band,1299,3,Paravala,"App connectivity romba nalla irukku, worth it. App simple ah irukku, sync seekiram aagudhu. Anaalum tracking konjam problem ah irukku. Heart rate reading maaritte irukku. Price ku okay, vera option irundha paarunga.",Tanglish,neutral,app;tracking,app:positive;tracking:negative,Yes,1,2025-08-03,32
R00807,P07,Kelto SoundMax ANC,Kelto,Headphones,5999,5,Superb fit,"Loving the fit, it is solid. Light enough to wear for hours without any pain. Go for it without a second thought.",English,positive,comfort,comfort:positive,No,10,2025-08-04,22
R00808,P16,Tunex Induction Cooktop,Tunex,Kitchen,2799,1,Not worth it,"ordered this as a gift for my brother. support kept giving generic replies. also, delivery was delayed by a week.",English,negative,customer_service;delivery,customer_service:negative;delivery:negative,Yes,1,2025-08-04,20
R00809,P01,Zyra Nova 5G,Zyra,Smartphone,14999,3,Okay okay,"Friend recommend pannaan, vaangunen. Support team help pannala, waste. Aana pa, screen super ah work aagudhu.",Tanglish,neutral,customer_service;display,customer_service:negative;display:positive,Yes,6,2025-08-05,16
R00810,P02,Kelto Pixel Lite,Kelto,Smartphone,21999,1,Poor display,Ordered this as a gift for my brother. The screen is disappointing. Regret buying this.,English,negative,display,display:negative,Yes,0,2025-08-05,15
R00811,P06,Aerobeat Buds Air,Aerobeat,Headphones,2999,1,Disappointed,Upgraded from my old one. Overpriced for what you get. Save your money.,English,negative,value_for_money,value_for_money:negative,Yes,4,2025-08-05,13
R00812,P11,Vanta Slim 3,Vanta,Laptop,34999,5,Great battery life,"Great value for money at this price. Also, honestly the battery life is very good for this price. Barely drops overnight on standby. 😍",English,positive,value_for_money;battery,value_for_money:positive;battery:positive,Yes,5,2025-08-05,24
R00813,P18,Zyra Band 5,Zyra,Fitness Band,2499,5,Good buy,Been using it for two days now. Arrived a day early and well packed.,English,positive,delivery,delivery:positive,Yes,2,2025-08-05,14
R00814,P07,Kelto SoundMax ANC,Kelto,Headphones,5999,4,Worth it bro,"Gift ku vaangunen, ippo use pannitu irukken. Fit paravala, oru alavuku fine. Aana pa, noise cancelling semma-ya irukku. On pannina veliya sound kekkave illa. Romba santhosham!!!",Tanglish,positive,comfort;noise_cancellation,comfort:neutral;noise_cancellation:positive,No,1,2025-08-06,26
R00815,P08,Tunex Neckband Z,Tunex,Headphones,1499,3,Average than,"Oru vaaram use pannitu review podren. Comfort avlo nalla illa. Aana pa, audio quality romba nalla irukku, worth it. Anaalum delivery normal time la vandhuchu.",Tanglish,neutral,comfort;sound;delivery,comfort:negative;sound:positive;delivery:neutral,Yes,4,2025-08-06,25
R00816,P08,Tunex Neckband Z,Tunex,Headphones,1499,3,Fine for basic use,Honestly the sound is disappointing for this price. Sounds tinny and flat. But great value for money at this price. Wait for a discount before buying.,English,neutral,sound;value_for_money,sound:negative;value_for_money:positive,Yes,1,2025-08-06,26
R00817,P08,Tunex Neckband Z,Tunex,Headphones,1499,4,Romba nalla irukku,"Sale la vaangunen. Connectivity okay okay, average than. Aana pa, battery super ah work aagudhu. Oru charge la rendu naal odudhu. Romba santhosham.",Tanglish,positive,connectivity;battery,connectivity:neutral;battery:positive,Yes,13,2025-08-07,23
R00818,P06,Aerobeat Buds Air,Aerobeat,Headphones,2999,5,Loved it,"Bought this a week ago. Loving the battery backup, it is excellent. One charge gets me through two days of normal use. Honestly the sound quality is excellent for this price. Music sounds rich and detailed at every volume.",English,positive,battery;sound,battery:positive;sound:positive,Yes,4,2025-08-08,39
R00819,P16,Tunex Induction Cooktop,Tunex,Kitchen,2799,3,Could be better,"Delivery was quick and the packaging was neat. But the build quality is underwhelming. A scratch appeared within the first week. Decent for the price, nothing special.",English,neutral,delivery;build,delivery:positive;build:negative,Yes,4,2025-08-09,27
R00820,P18,Zyra Band 5,Zyra,Fitness Band,2499,1,Vaanga vendam,"Moonu maasam use pannitu review podren. App connectivity konjam problem ah irukku. App crash aagitte irukku, sync aagala.",Tanglish,negative,app,app:negative,No,2,2025-08-10,18
R00821,P08,Tunex Neckband Z,Tunex,Headphones,1499,1,Not as expected,"Upgraded from my old one. Sound is really below average, quite disappointed. Sound gets distorted at high volume.",English,negative,sound,sound:negative,Yes,0,2025-08-11,18
R00822,P13,Zyra QuickBlend 500W Mixer Grinder,Zyra,Kitchen,2499,3,Decent for the price,Got this during a sale. The power output is bad. But arrived a day early and well packed. Wait for a discount before buying.,English,neutral,power;delivery,power:negative;delivery:positive,Yes,7,2025-08-11,24
R00823,P18,Zyra Band 5,Zyra,Fitness Band,2499,3,Price ku okay,"moonu maasam use pannitu review podren. battery backup vera level, price ku nalla irukku. oru full day thaanga romba easy ah irukku. aana companion app romba mosam. app crash aagitte irukku, sync aagala. basic use ku fine",Tanglish,neutral,battery;app,battery:positive;app:negative,Yes,1,2025-08-11,37
R00824,P10,Orbix ProBook 15,Orbix,Laptop,45999,4,"Okay, not great","Bought this five months ago. Loving the build, it is solid. Feels sturdy and premium in hand. But the typing expeirence is frustrating. Trackpad is jumpy and misses clicks.",English,neutral,build;keyboard,build:positive;keyboard:negative,Yes,3,2025-08-12,29
R00825,P10,Orbix ProBook 15,Orbix,Laptop,45999,1,Waste of money,"Sale la vaangunen. Performance disappointing, ethirpaartha alavuku illa. Return pannalaam nu irukken.",Tanglish,negative,performance,performance:negative,Yes,7,2025-08-14,12
R00826,P13,Zyra QuickBlend 500W Mixer Grinder,Zyra,Kitchen,2499,5,Great build quality,"Been using it for a month now. Build quality is really excellent, very happy with it. Finish is excellent and it looks durable. Go for it without a sceond thought.",English,positive,build,build:positive,Yes,7,2025-08-14,30
R00827,P06,Aerobeat Buds Air,Aerobeat,Headphones,2999,5,Vaangalaam,"Online la vaangunen. Bluetooth connectivity super ah work aagudhu. Udane pair aagudhu, connection drop aagave illa. Aprm battery backup nalla irukku, no issues. Romba santhosham.",Tanglish,positive,connectivity;battery,connectivity:positive;battery:positive,Yes,1,2025-08-15,25
R00828,P06,Aerobeat Buds Air,Aerobeat,Headphones,2999,1,Disappointed,"Idha vida kammi price la nalla options irukku. Adhoda audio quality waste, expect pannadhu kedaikala. Bass mosam, sound distort aagudhu.",Tanglish,negative,value_for_money;sound,value_for_money:negative;sound:negative,Yes,2,2025-08-16,20
R00829,P08,Tunex Neckband Z,Tunex,Headphones,1499,2,Bad sound quality,"The sound quality is poor. However, comfort is fine, does the job.",English,negative,sound;comfort,sound:negative;comfort:neutral,Yes,0,2025-08-17,12
R00830,P08,Tunex Neckband Z,Tunex,Headphones,1499,1,Not worth it,"Ordered this as a gift for my brother. Battery is really underwhelming, quite disappointed. Battery drops fast even when idle. Also, the pairing is poor. Disconnects randomly in the middle of calls. Regret buying this.",English,negative,battery;connectivity,battery:negative;connectivity:negative,No,10,2025-08-18,35
R00831,P14,Aerochef AirFry 4L Air Fryer,Aerochef,Kitchen,5499,1,Paravala,"Noise level disappointing, ethirpaartha alavuku illa. Romba sound varudhu, pesave mudiyala. Aana pa, build vera level, price ku nalla irukku. Body romba durable ah theriyudhu. Discount la vaangina worth.",Tanglish,neutral,noise;build,noise:negative;build:positive,No,11,2025-08-18,29
R00832,P14,Aerochef AirFry 4L Air Fryer,Aerochef,Kitchen,5499,3,Does the job,"Upgraded from my old one. Loving the finish, it is excellent. However, noise level is really terrible, quite disappointed. Makes a rattling noise at high speed. That said, the design is decent but not outstanding.",English,neutral,build;noise;design,build:positive;noise:negative;design:neutral,Yes,10,2025-08-18,35
R00833,P18,Zyra Band 5,Zyra,Fitness Band,2499,5,Excellent fit,"Arrived a day early and well packed. Plus, honestly the fit is reliable for this price. Light enough to wear for hours without any pain. Overall very happy with the purchase.",English,positive,delivery;comfort,delivery:positive;comfort:positive,Yes,0,2025-08-18,31
R00834,P11,Vanta Slim 3,Vanta,Laptop,34999,5,Semma product,"Online la vaangunen. Keyboard romba nalla irukku, worth it. Backlight keyboard useful ah irukku. Overall worth it, recommend pannalaam!!",Tanglish,positive,keyboard,keyboard:positive,Yes,0,2025-08-19,19
R00835,P11,Vanta Slim 3,Vanta,Laptop,34999,5,Superb screen quality,"Display is really solid, very happy with it. Viewing angles are great and text is sharp. That said, delivery took the usual time. Definitely recommend it.",English,positive,display;delivery,display:positive;delivery:neutral,Yes,7,2025-08-19,26
R00836,P01,Zyra Nova 5G,Zyra,Smartphone,14999,5,Semma product,"camera vera level, price ku nalla irukku. night mode kooda nalla work aagudhu. aprm screen quality semma-ya irukku. intha price ku semma product. confirm ah vaangalaam.",Tanglish,positive,camera;display;value_for_money,camera:positive;display:positive;value_for_money:positive,Yes,3,2025-08-21,26
R00837,P02,Kelto Pixel Lite,Kelto,Smartphone,21999,4,Vaangalaam,"camera super ah work aagudhu. night mode kooda nalla work aagudhu. aana pa, fast charging normal ah irukku, special ah onnum illa. romba santhosham.",Tanglish,positive,camera;charging,camera:positive;charging:neutral,Yes,1,2025-08-22,24
R00838,P08,Tunex Neckband Z,Tunex,Headphones,1499,1,Disappointing bluetooth connectivity,"The pairing is frustrating. Pairing takes forever every single time. Plus, the sound is awful.",English,negative,connectivity;sound,connectivity:negative;sound:negative,Yes,1,2025-08-22,15
R00839,P07,Kelto SoundMax ANC,Kelto,Headphones,5999,5,Great product,Arrived a day early and well packed.,English,positive,delivery,delivery:positive,Yes,0,2025-08-23,7
R00840,P13,Zyra QuickBlend 500W Mixer Grinder,Zyra,Kitchen,2499,5,Romba nalla irukku,"Sale la vaangunen. Build vera level, price ku nalla irukku. Aprm design semma-ya irukku. Paakave stylish ah irukku, kitchen ku set aagudhu. Kaasu ku worth.",Tanglish,positive,build;design,build:positive;design:positive,Yes,5,2025-08-24,25
R00841,P13,Zyra QuickBlend 500W Mixer Grinder,Zyra,Kitchen,2499,5,Superb build quality,"The build is great. Solid body with no creaks or flex. Plus, honestly the operating noise is very good for this price. Much quieter than my previous one. Would buy again.",English,positive,build;noise,build:positive;noise:positive,Yes,12,2025-08-25,31
R00842,P16,Tunex Induction Cooktop,Tunex,Kitchen,2799,4,Worth the money,"The power output is impressive. Handles tough jobs in seconds. That said, design is average for this price. Go for it without a second thought",English,positive,power;design,power:positive;design:neutral,Yes,1,2025-08-25,25
R00843,P13,Zyra QuickBlend 500W Mixer Grinder,Zyra,Kitchen,2499,2,Decent for the price,"Loving the build, it is solid. Finish is excellent and it looks durable. That said, sadly the power is terrible. Feels underpowered after a few minutes of use. Fine, but there might be better options",English,neutral,build;power,build:positive;power:negative,Yes,9,2025-08-26,35
R00844,P06,Aerobeat Buds Air,Aerobeat,Headphones,2999,1,Disappointing comfort,The wearing comfort is disappointing. Feels heavy and the strap is uncomfortable. The pairing is bad.,English,negative,comfort;connectivity,comfort:negative;connectivity:negative,Yes,7,2025-08-27,16
R00845,P10,Orbix ProBook 15,Orbix,Laptop,45999,1,Romba mosam,"Friend recommend pannaan, vaangunen. Battery avlo nalla illa. Evening aagumbodhe charge theerndhu poiduthu. Paisa waste.",Tanglish,negative,battery,battery:negative,Yes,4,2025-08-27,15
R00846,P13,Zyra QuickBlend 500W Mixer Grinder,Zyra,Kitchen,2499,3,Fine for basic use,Using it daily for two days. Great value for money at this price. But support kept giving generic replies.,English,neutral,value_for_money;customer_service,value_for_money:positive;customer_service:negative,Yes,2,2025-08-27,19
R00847,P06,Aerobeat Buds Air,Aerobeat,Headphones,2999,5,Great battery,"Honestly the battery life is reliable for this price. Easily lasts a full day with heavy use. Plus, noise cancellation is really excellent, very happy with it. Cuts out the metro noise almost completely. Would buy again",English,positive,battery;noise_cancellation,battery:positive;noise_cancellation:positive,Yes,0,2025-08-28,37
R00848,P08,Tunex Neckband Z,Tunex,Headphones,1499,2,Waste of money,"Sale la vaangunen. Bluetooth connectivity normal ah irukku, special ah onnum illa. Anaalum sound quality waste, expect pannadhu kedaikala. Bass mosam, sound distort aagudhu. Vaanga vendam nu solluven.",Tanglish,negative,connectivity;sound,connectivity:neutral;sound:negative,Yes,8,2025-08-28,28
R00849,P02,Kelto Pixel Lite,Kelto,Smartphone,21999,3,Kaasu ku worth,"Idha vida kammi price la nalla options irukku. Anaalum charging speed semma-ya irukku. Fast charging nijamave fast ah irukku. Aprm battery romba nalla irukku, worth it. Romba santhosham.",Tanglish,positive,value_for_money;charging;battery,value_for_money:negative;charging:positive;battery:positive,Yes,2,2025-08-29,28
R00850,P10,Orbix ProBook 15,Orbix,Laptop,45999,3,Decent for the price,Honestly the battery backup is superb for this price. But honestly the screen quality is bad for this price.,English,neutral,battery;display,battery:positive;display:negative,Yes,4,2025-08-29,19
R00851,P13,Zyra QuickBlend 500W Mixer Grinder,Zyra,Kitchen,2499,5,Worth the money,"delivery was quick and the packaging was neat. also, styling is really reliable, very happy with it. colour and finish look really stylish",English,positive,delivery;design,delivery:positive;design:positive,Yes,5,2025-08-29,23
R00852,P19,Vanta Watch Active,Vanta,Fitness Band,4999,4,Paravala,"Price ku romba worth. Aana pa, tracking konjam problem ah irukku. Steps count thappa kaattudhu. Discount la vaangina worth",Tanglish,neutral,value_for_money;tracking,value_for_money:positive;tracking:negative,Yes,2,2025-08-30,19
R00853,P18,Zyra Band 5,Zyra,Fitness Band,2499,3,Okay okay,"Comfort nalla irukku, no issues. Romba light ah, fit um nalla irukku. Aana pa, display romba mosam. Colour dull ah theriyudhu.",Tanglish,neutral,comfort;display,comfort:positive;display:negative,Yes,9,2025-08-31,21
R00854,P20,Orbix Fit Lite,Orbix,Fitness Band,1299,3,Paravala,"Sale la vaangunen. Battery konjam problem ah irukku. Evening aagumbodhe charge theerndhu poiduthu. Anaalum fit nalla irukku, no issues. Romba light ah, fit um nalla irukku.",Tanglish,neutral,battery;comfort,battery:negative;comfort:positive,Yes,0,2025-08-31,26
R00855,P17,FitPulse S2 Band,FitPulse,Fitness Band,1999,3,Romba nalla irukku,"friend recommend pannaan, vaangunen. packing sariya illa, delivery um late. aana price ku romba worth. aprm app connectivity nalla irukku, no issues. confirm ah vaangalaam.",Tanglish,positive,delivery;value_for_money;app,delivery:negative;value_for_money:positive;app:positive,Yes,6,2025-09-01,25
R00856,P06,Aerobeat Buds Air,Aerobeat,Headphones,2999,4,Semma product,"Friend recommend pannaan, vaangunen. Support team romba helpful. Overall worth it, recommend pannalaam.",Tanglish,positive,customer_service,customer_service:positive,Yes,2,2025-09-02,13
R00857,P08,Tunex Neckband Z,Tunex,Headphones,1499,2,Disappointed,"Got this during a sale. The bluetooth connectivity is decent but not outstanding. That said, packaging was poor and delivery was late. Would not recommend.",English,negative,connectivity;delivery,connectivity:neutral;delivery:negative,No,0,2025-09-03,25
R00858,P10,Orbix ProBook 15,Orbix,Laptop,45999,1,Not worth it,"Display is really poor, quite disappointed. The processing speed turned out below average. Lags badly when a few apps are open.",English,negative,display;performance,display:negative;performance:negative,Yes,0,2025-09-03,21
R00859,P16,Tunex Induction Cooktop,Tunex,Kitchen,2799,3,Decent for the price,"Using it daily for three months. The noise level is okay, nothing special.",English,neutral,noise,noise:neutral,Yes,5,2025-09-03,13
R00860,P17,FitPulse S2 Band,FitPulse,Fitness Band,1999,3,Paravala,"sale la vaangunen. tracking nalla irukku, no issues. steps count correct ah irukku. anaalum display normal ah irukku, special ah onnum illa. aana pa, wearing comfort romba mosam. workout pannumbodhu vizhundhutte irukku. price ku okay, vera option irundha paarunga.",Tanglish,neutral,tracking;display;comfort,tracking:positive;display:neutral;comfort:negative,Yes,6,2025-09-03,39
R00861,P01,Zyra Nova 5G,Zyra,Smartphone,14999,1,Disappointed,"Performance waste, expect pannadhu kedaikala. Konjam apps open panna hang aagudhu. Vaanga vendam nu solluven.",Tanglish,negative,performance,performance:negative,Yes,3,2025-09-05,15
R00862,P12,Kelto Gamer 16,Kelto,Laptop,72999,2,Poor display,"Screen quality is really disappointing, quite disappointed. Noticed slight backlight bleed near the edges. That said, the overall speed is very good. No lag even with heavy games running. But battery life is really poor, quite disappointed. Drains completely by evening.",English,negative,display;performance;battery,display:negative;performance:positive;battery:negative,Yes,6,2025-09-05,41
R00863,P01,Zyra Nova 5G,Zyra,Smartphone,14999,1,Disappointing battery,"Upgraded from my old one. The box was damaged when it arrived. Plus, the battery life is frustrating.",English,negative,delivery;battery,delivery:negative;battery:negative,Yes,5,2025-09-06,18
R00864,P07,Kelto SoundMax ANC,Kelto,Headphones,5999,5,Excellent purchase,"Sound is really amazing, very happy with it. Bass is punchy without drowning the vocals. However, the battery is okay, nothing special. Would buy again!!!",English,positive,sound;battery,sound:positive;battery:neutral,No,10,2025-09-06,25
R00865,P14,Aerochef AirFry 4L Air Fryer,Aerochef,Kitchen,5499,5,Highly recommended,"Overall design is really superb, very happy with it.",English,positive,design,design:positive,No,2,2025-09-06,9
R00866,P18,Zyra Band 5,Zyra,Fitness Band,2499,5,Romba nalla irukku,"Comfort romba nalla irukku, worth it. Aprm display semma-ya irukku. Scroll romba smooth ah irukku",Tanglish,positive,comfort;display,comfort:positive;display:positive,Yes,1,2025-09-06,15
R00867,P17,FitPulse S2 Band,FitPulse,Fitness Band,1999,1,Regret buying,"Purchased on a friend's suggestion. Honestly the tracking accuracy is frustrating for this price. Also, the wearing comfort is disappointing. Feels heavy and the strap is uncomfortable. That said, loving the app connectivity, it is very good. Regret buying this.",English,negative,tracking;comfort;app,tracking:negative;comfort:negative;app:positive,Yes,10,2025-09-07,40
R00868,P02,Kelto Pixel Lite,Kelto,Smartphone,21999,2,Vaanga vendam,Processing speed konjam problem ah irukku. Paisa waste.,Tanglish,negative,performance,performance:negative,No,5,2025-09-08,8
R00869,P17,FitPulse S2 Band,FitPulse,Fitness Band,1999,3,Fine for basic use,"Step tracking is neither great nor bad. Also, display is average for this price.",English,neutral,tracking;display,tracking:neutral;display:neutral,Yes,1,2025-09-08,14
R00870,P18,Zyra Band 5,Zyra,Fitness Band,2499,2,Expected better,"Battery backup is really awful, quite disappointed. Battery drops fast even when idle. That said, fit is neither great nor bad. Expected much better for the price.",English,negative,battery;comfort,battery:negative;comfort:neutral,Yes,17,2025-09-08,27
R00871,P08,Tunex Neckband Z,Tunex,Headphones,1499,4,Superb quality,"The battery turned out amazing. But the sound quality is okay, nothing special. Worth every rupee.",English,positive,battery;sound,battery:positive;sound:neutral,Yes,0,2025-09-09,16
R00872,P16,Tunex Induction Cooktop,Tunex,Kitchen,2799,3,Decent for the price,"Upgraded from my old one. Operating noise is average for this price. Fine, but there might be better options.",English,neutral,noise,noise:neutral,Yes,0,2025-09-11,19
R00873,P08,Tunex Neckband Z,Tunex,Headphones,1499,4,Super ah irukku,"Battery super ah work aagudhu. Oru full day thaanga romba easy ah irukku. Aana sound normal ah irukku, special ah onnum illa. Kaasu ku worth.",Tanglish,positive,battery;sound,battery:positive;sound:neutral,Yes,19,2025-09-12,25
R00874,P14,Aerochef AirFry 4L Air Fryer,Aerochef,Kitchen,5499,5,Superb noise level,"Arrived a day early and well packed. Plus, operating noise is really amazing, very happy with it. Overall very happy with the purchase.",English,positive,delivery;noise,delivery:positive;noise:positive,Yes,7,2025-09-12,23
R00875,P09,Zephyr Air 14,Zephyr,Laptop,54999,3,Semma product,"Friend recommend pannaan, vaangunen. Box damage ah vandhuchu. Anaalum keyboard semma-ya irukku. Typing romba comfortable ah irukku. Aprm support team romba helpful!!",Tanglish,positive,delivery;keyboard;customer_service,delivery:negative;keyboard:positive;customer_service:positive,Yes,6,2025-09-13,22
R00876,P17,FitPulse S2 Band,FitPulse,Fitness Band,1999,5,Superb quality,"Using it daily for a month. Comfort is really solid, very happy with it. Light enough to wear for hours without any pain.",English,positive,comfort,comfort:positive,Yes,1,2025-09-13,23
R00877,P17,FitPulse S2 Band,FitPulse,Fitness Band,1999,1,Ethirpaartha alavuku illa,"Comfort waste, expect pannadhu kedaikala. Oru mani neram la kaadhu valikka aarambichiduthu.",Tanglish,negative,comfort,comfort:negative,Yes,0,2025-09-13,12
R00878,P17,FitPulse S2 Band,FitPulse,Fitness Band,1999,5,Superb comfort,"loving the fit, it is reliable. plus, the battery backup turned out very good. one charge gets me through two days of normal use. go for it without a second thought.",English,positive,comfort;battery,comfort:positive;battery:positive,Yes,6,2025-09-14,31
R00879,P01,Zyra Nova 5G,Zyra,Smartphone,14999,2,Expected better,Honestly the overall speed is disappointing for this price. Hangs randomly and needs a restart. But the battery life is decnet but not outstanding. Expected much better for the price.,English,negative,performance;battery,performance:negative;battery:neutral,Yes,2,2025-09-15,30
R00880,P11,Vanta Slim 3,Vanta,Laptop,34999,4,Vaangalaam,"delivery fast ah vandhuchu, packing nalla irundhuchu. aana display paravala, oru alavuku fine. overall worth it, recommend pannalaam!!",Tanglish,positive,delivery;display,delivery:positive;display:neutral,Yes,1,2025-09-15,18
R00881,P14,Aerochef AirFry 4L Air Fryer,Aerochef,Kitchen,5499,5,Semma product,"Online la vaangunen. Styling vera level, price ku nalla irukku. Paakave stylish ah irukku, kitchen ku set aagudhu. Kaasu ku worth",Tanglish,positive,design,design:positive,No,4,2025-09-15,21
R00882,P02,Kelto Pixel Lite,Kelto,Smartphone,21999,3,Romba mosam,"Gift ku vaangunen, ippo use pannitu irukken. Battery life waste, expect pannadhu kedaikala. Anaalum camera quality super ah work aagudhu. Night mode kooda nalla work aagudhu. Anaalum delivery romba late ah vandhuchu.",Tanglish,negative,battery;camera;delivery,battery:negative;camera:positive;delivery:negative,Yes,4,2025-09-16,32
R00883,P08,Tunex Neckband Z,Tunex,Headphones,1499,5,Worth the money,Using it daily for five months. The support team was very helpful. You get a lot for the money. Definitely recommend it.,English,positive,customer_service;value_for_money,customer_service:positive;value_for_money:positive,Yes,6,2025-09-16,22
R00884,P09,Zephyr Air 14,Zephyr,Laptop,54999,1,Bad overall speed,"Performance is really disappointing, quite disappointed. Hangs randomly and needs a restart.",English,negative,performance,performance:negative,Yes,2,2025-09-16,12
R00885,P09,Zephyr Air 14,Zephyr,Laptop,54999,3,Average product,"Loving the keyboard and trackpad, it is superb. Typing feels comfortable with good key travel. That said, the build is bad. A scratch appeared within the first week. Fine, but there might be better options.",English,neutral,keyboard;build,keyboard:positive;build:negative,Yes,6,2025-09-16,35
R00886,P13,Zyra QuickBlend 500W Mixer Grinder,Zyra,Kitchen,2499,5,Semma product,online la vaangunen. intha price ku semma product. adhoda build quality semma-ya irukku. kaasu ku worth.,Tanglish,positive,value_for_money;build,value_for_money:positive;build:positive,Yes,1,2025-09-17,16
R00887,P06,Aerobeat Buds Air,Aerobeat,Headphones,2999,3,Could be better,"Sound quality is really amazing, very happy with it. But the battery is decent but not outstanding. That said, the connectivity turned out terrible. Audio lags behind video. Decent for the price, nothing special.",English,neutral,sound;battery;connectivity,sound:positive;battery:neutral;connectivity:negative,Yes,13,2025-09-18,34
R00888,P12,Kelto Gamer 16,Kelto,Laptop,72999,5,Kaasu ku worth,"Display nalla irukku, no issues. Aprm price ku romba worth!!",Tanglish,positive,display;value_for_money,display:positive;value_for_money:positive,Yes,1,2025-09-18,10
R00889,P18,Zyra Band 5,Zyra,Fitness Band,2499,5,Worth it bro,"comfort romba nalla irukku, worth it. romba light ah, fit um nalla irukku.",Tanglish,positive,comfort,comfort:positive,Yes,3,2025-09-18,13
R00890,P02,Kelto Pixel Lite,Kelto,Smartphone,21999,4,Semma product,"friend recommend pannaan, vaangunen. battery life semma-ya irukku. aana camera quality normal ah irukku, special ah onnum illa. adhoda screen okay okay, average than",Tanglish,positive,battery;camera;display,battery:positive;camera:neutral;display:neutral,Yes,7,2025-09-19,24
R00891,P06,Aerobeat Buds Air,Aerobeat,Headphones,2999,1,Ethirpaartha alavuku illa,"Friend recommend pannaan, vaangunen. Connectivity konjam problem ah irukku. Adhoda noise cancellation avlo nalla illa. On pannaalum sound kekkudhu. Aana pa, comfort paravala, oru alavuku fine. Return pannalaam nu irukken.",Tanglish,negative,connectivity;noise_cancellation;comfort,connectivity:negative;noise_cancellation:negative;comfort:neutral,Yes,10,2025-09-19,30
R00892,P14,Aerochef AirFry 4L Air Fryer,Aerochef,Kitchen,5499,3,Price ku okay,"Styling romba mosam. Aana pa, build quality nalla irukku, no issues. Body romba durable ah theriyudhu.",Tanglish,neutral,design;build,design:negative;build:positive,Yes,6,2025-09-19,16
R00893,P02,Kelto Pixel Lite,Kelto,Smartphone,21999,2,Do not buy,The photo quality is disappointing. Would not recommend.,English,negative,camera,camera:negative,No,1,2025-09-20,8
R00894,P13,Zyra QuickBlend 500W Mixer Grinder,Zyra,Kitchen,2499,5,Excellent operating noise,"Honestly the operating noise is reliable for this price. Great value for money at this price. However, build is average for this price. Definitely recommend it",English,positive,noise;value_for_money;build,noise:positive;value_for_money:positive;build:neutral,Yes,7,2025-09-20,26
R00895,P14,Aerochef AirFry 4L Air Fryer,Aerochef,Kitchen,5499,3,Average product,"Support kept giving generic replies. That said, loving the build, it is excellent. Solid body with no creaks or flex. Decent for the price, nothing special.",English,neutral,customer_service;build,customer_service:negative;build:positive,Yes,8,2025-09-20,26
R00896,P08,Tunex Neckband Z,Tunex,Headphones,1499,3,Does the job,"Wearing comfort is really solid, very happy with it. Cushions are soft and the fit is secure. However, the connectivity is poor. Audio lags behind video. Fine, but there might be better options.",English,neutral,comfort;connectivity,comfort:positive;connectivity:negative,Yes,0,2025-09-21,33
R00897,P11,Vanta Slim 3,Vanta,Laptop,34999,2,Vaanga vendam,"Typing experience disappointing, ethirpaartha alavuku illa. Keys mushy ah irukku, typing feel illa. Aprm packing sariya illa, delivery um late. Anaalum battery backup nalla irukku, no issues. Oru charge la rendu naal odudhu.",Tanglish,negative,keyboard;delivery;battery,keyboard:negative;delivery:negative;battery:positive,Yes,0,2025-09-21,33
R00898,P18,Zyra Band 5,Zyra,Fitness Band,2499,3,Could be better,"Bought this six weeks ago. Tracking accuracy is average for this price. Plus, support was okay, nothing special. Fine, but there might be better options.",English,neutral,tracking;customer_service,tracking:neutral;customer_service:neutral,Yes,2,2025-09-22,25
R00899,P12,Kelto Gamer 16,Kelto,Laptop,72999,2,Expected better,"Got this during a sale. The finish turned out frustrating. Honestly the battery life is awful for this price. That said, arrived a day early and well packed.",English,negative,build;battery;delivery,build:negative;battery:negative;delivery:positive,Yes,1,2025-09-23,28
R00900,P07,Kelto SoundMax ANC,Kelto,Headphones,5999,4,Excellent audio quality,"The sound turned out impressive. Music sounds rich and detailed at every volume. Plus, battery is really superb, very happy with it. Barely drops overnight on standby. But customer service was unhelpful and never replied properly.",English,positive,sound;battery;customer_service,sound:positive;battery:positive;customer_service:negative,Yes,1,2025-09-24,36
R00901,P08,Tunex Neckband Z,Tunex,Headphones,1499,5,Good buy,Using it daily for two days. Totally worth the price.,English,positive,value_for_money,value_for_money:positive,Yes,2,2025-09-24,10
R00902,P13,Zyra QuickBlend 500W Mixer Grinder,Zyra,Kitchen,2499,4,Romba nalla irukku,"Sale la vaangunen. Styling romba nalla irukku, worth it. Compact ah irukku, idam kammi ah edukkudhu. Adhoda cleaning semma-ya irukku. Non-stick nalla work aagudhu. Adhoda kaasu ku ettha value.",Tanglish,positive,design;cleaning;value_for_money,design:positive;cleaning:positive;value_for_money:positive,Yes,3,2025-09-24,29
R00903,P06,Aerobeat Buds Air,Aerobeat,Headphones,2999,5,Vaangalaam,Battery backup semma-ya irukku.,Tanglish,positive,battery,battery:positive,Yes,8,2025-09-25,4
R00904,P08,Tunex Neckband Z,Tunex,Headphones,1499,5,Excellent fit,Purchased on a friend's suggestion. The comfort turned out amazing. Light enough to wear for hours without any pain.,English,positive,comfort,comfort:positive,Yes,7,2025-09-25,19
R00905,P10,Orbix ProBook 15,Orbix,Laptop,45999,5,Worth it bro,"friend recommend pannaan, vaangunen. finish vera level, price ku nalla irukku. body romba durable ah theriyudhu. confirm ah vaangalaam.",Tanglish,positive,build,build:positive,No,2,2025-09-25,19
R00906,P12,Kelto Gamer 16,Kelto,Laptop,72999,3,"Okay, not great","Purchased on a friend's suggestion. Build is fine, does the job. Decent for the price, nothing special.",English,neutral,build,build:neutral,Yes,6,2025-09-25,17
R00907,P18,Zyra Band 5,Zyra,Fitness Band,2499,5,Highly recommended,"Loving the screen, it is excellent. Colors are vivid and it gets bright enough outdoors. Plus, loving the comfort, it is reliable.",English,positive,display;comfort,display:positive;comfort:positive,No,4,2025-09-25,22
R00908,P10,Orbix ProBook 15,Orbix,Laptop,45999,3,Mixed feelings,"Ordered this as a gift for my brother. The overall speed is decent but not outstanding. Decent for the price, nothing special.",English,neutral,performance,performance:neutral,Yes,3,2025-09-26,22
R00909,P18,Zyra Band 5,Zyra,Fitness Band,2499,1,Expected better,The app is awful. The app is cluttered and full of prompts.,English,negative,app,app:negative,Yes,3,2025-09-26,12
R00910,P17,FitPulse S2 Band,FitPulse,Fitness Band,1999,3,Decent for the price,"Bought this two days ago. Loving the wearing comfort, it is excellent. Forgot I was wearing it during a long workout. That said, the battery life is frustrating. Drains completely by evening.",English,neutral,comfort;battery,comfort:positive;battery:negative,Yes,2,2025-09-27,32
R00911,P07,Kelto SoundMax ANC,Kelto,Headphones,5999,3,Okay okay,"sale la vaangunen. noise cancelling okay okay, average than. aana customer care udane help pannaanga. anaalum paisa waste-nu thonudhu. discount la vaangina worth.",Tanglish,neutral,noise_cancellation;customer_service;value_for_money,noise_cancellation:neutral;customer_service:positive;value_for_money:negative,Yes,8,2025-09-28,23
R00912,P07,Kelto SoundMax ANC,Kelto,Headphones,5999,5,Superb quality,"Been using it for a week now. Battery backup is really solid, very happy with it. One charge gets me through two days of normal use. Plus, loving the sound, it is amazing. Clear highs and a well balanced sound signature. Worth every rupee.",English,positive,battery;sound,battery:positive;sound:positive,No,13,2025-09-28,44
R00913,P13,Zyra QuickBlend 500W Mixer Grinder,Zyra,Kitchen,2499,5,Worth the money,"Been using it for two weeks now. Loving the noise level, it is solid. Plus, the overall design turned out great. Coluor and finish look really stylish. Would buy again.",English,positive,noise;design,noise:positive;design:positive,Yes,2,2025-09-28,30
R00914,P18,Zyra Band 5,Zyra,Fitness Band,2499,1,Disappointing app,Been using it for a week now. The app connectivity is disappointing. The app is cluttered and full of prompts.,English,negative,app,app:negative,Yes,0,2025-09-29,20
R00915,P11,Vanta Slim 3,Vanta,Laptop,34999,5,Worth the money,"The typing experience turned out great. Typing feels comfortable with good key travel. Plus, honestly the battery is fantastic for this price. Easily lasts a full day with heavy use. Would buy again.",English,positive,keyboard;battery,keyboard:positive;battery:positive,Yes,1,2025-10-01,33
R00916,P01,Zyra Nova 5G,Zyra,Smartphone,14999,2,Ethirpaartha alavuku illa,"Charging speed waste, expect pannadhu kedaikala. Full charge aaga moonu mani neram aagudhu. Aana pa, battery life paravala, oru alavuku fine.",Tanglish,negative,charging;battery,charging:negative;battery:neutral,Yes,0,2025-10-03,21
R00917,P08,Tunex Neckband Z,Tunex,Headphones,1499,5,Vaangalaam,"Battery romba nalla irukku, worth it. Adhoda pairing nalla irukku, no issues. Vera room la irundhaalum connect la irukku.",Tanglish,positive,battery;connectivity,battery:positive;connectivity:positive,Yes,5,2025-10-03,19
R00918,P08,Tunex Neckband Z,Tunex,Headphones,1499,3,Super ah irukku,"online la vaangunen. wearing comfort normal ah irukku, special ah onnum illa. aana kaasu ku ettha value. confirm ah vaangalaam.",Tanglish,positive,comfort;value_for_money,comfort:neutral;value_for_money:positive,Yes,0,2025-10-03,20
R00919,P06,Aerobeat Buds Air,Aerobeat,Headphones,2999,5,Semma product,"Rendu vaaram use pannitu review podren. Wearing comfort super ah work aagudhu. Romba light ah, fit um nalla irukku. Kaasu ku worth.",Tanglish,positive,comfort,comfort:positive,Yes,0,2025-10-05,22
R00920,P08,Tunex Neckband Z,Tunex,Headphones,1499,3,Could be better,"Got this during a sale. You get a lot for the money. However, sadly the connectivity is below average. However, the comfort is decent but not outstanding.",English,neutral,value_for_money;connectivity;comfort,value_for_money:positive;connectivity:negative;comfort:neutral,Yes,4,2025-10-08,27
R00921,P17,FitPulse S2 Band,FitPulse,Fitness Band,1999,5,Superb app,"Honestly the companion app is great for this price. Also, the battery life turned out excellent. Easliy lasts a full day with heavy use. Definitely recommend it.",English,positive,app;battery,app:positive;battery:positive,No,4,2025-10-09,27
R00922,P02,Kelto Pixel Lite,Kelto,Smartphone,21999,3,Mixed feelings,"Totally worth the price. That said, customer service was unhelpful and never replied properly.",English,neutral,value_for_money;customer_service,value_for_money:positive;customer_service:negative,Yes,1,2025-10-10,14
R00923,P18,Zyra Band 5,Zyra,Fitness Band,2499,1,Bad companion app,"Bought this five months ago. App connectivity is really below average, quite disappointed. The app keeps crashing and sync fails often.",English,negative,app,app:negative,Yes,1,2025-10-10,21
R00924,P17,FitPulse S2 Band,FitPulse,Fitness Band,1999,5,Worth it bro,"battery life nalla irukku, no issues. oru charge la rendu naal odudhu. screen vera level, price ku nalla irukku.",Tanglish,positive,battery;display,battery:positive;display:positive,Yes,5,2025-10-11,19
R00925,P17,FitPulse S2 Band,FitPulse,Fitness Band,1999,1,Disappointed,"Moonu maasam use pannitu review podren. Tracking accuracy waste, expect pannadhu kedaikala. Heart rate reading maaritte irukku. Adhoda paisa waste-nu thonudhu.",Tanglish,negative,tracking;value_for_money,tracking:negative;value_for_money:negative,Yes,2,2025-10-12,21
R00926,P08,Tunex Neckband Z,Tunex,Headphones,1499,5,Excellent purchase,The support team was very helpful. Worth every rupee.,English,positive,customer_service,customer_service:positive,Yes,7,2025-10-13,9
R00927,P11,Vanta Slim 3,Vanta,Laptop,34999,4,Vaangalaam,"Sale la vaangunen. Build semma-ya irukku. Aprm performance romba nalla irukku, worth it. Anaalum keyboard okay okay, average than.",Tanglish,positive,build;performance;keyboard,build:positive;performance:positive;keyboard:neutral,Yes,4,2025-10-13,19
R00928,P13,Zyra QuickBlend 500W Mixer Grinder,Zyra,Kitchen,2499,5,Super ah irukku,"Online la vaangunen. Overall design romba nalla irukku, worth it. Compact ah irukku, idam kammi ah edukkudhu.",Tanglish,positive,design,design:positive,Yes,6,2025-10-13,17
R00929,P17,FitPulse S2 Band,FitPulse,Fitness Band,1999,3,Average product,"Purchased on a friend's suggestion. Honestly the tracking is awful for this price. Sleep data seems unreliable. But fit is really reliable, very happy with it. Forgot I was wearing it during a long workout. Decent for the price, nothing special.",English,neutral,tracking;comfort,tracking:negative;comfort:positive,Yes,2,2025-10-13,41
R00930,P17,FitPulse S2 Band,FitPulse,Fitness Band,1999,3,Average product,"The support team was very helpful. That said, overpriced for what you get. Okay for basic use",English,neutral,customer_service;value_for_money,customer_service:positive;value_for_money:negative,No,2,2025-10-15,17
R00931,P08,Tunex Neckband Z,Tunex,Headphones,1499,1,Vaanga vendam,Customer care reply-ye panala.,Tanglish,negative,customer_service,customer_service:negative,Yes,5,2025-10-16,4
R00932,P11,Vanta Slim 3,Vanta,Laptop,34999,5,Kaasu ku worth,"gift ku vaangunen, ippo use pannitu irukken. build vera level, price ku nalla irukku. aprm battery backup vera level, price ku nalla irukku. aprm screen quality super ah work aagudhu. screen bright ah irukku, colours vivid ah theriyudhu.",Tanglish,positive,build;battery;display,build:positive;battery:positive;display:positive,Yes,5,2025-10-17,38
R00933,P12,Kelto Gamer 16,Kelto,Laptop,72999,5,Loved it,Totally worth the price. Definitely recommend it.,English,positive,value_for_money,value_for_money:positive,Yes,2,2025-10-17,7
R00934,P13,Zyra QuickBlend 500W Mixer Grinder,Zyra,Kitchen,2499,5,Semma product,"Price ku romba worth. Aprm cleanup romba nalla irukku, worth it. Clean pannradhu romba easy.",Tanglish,positive,value_for_money;cleaning,value_for_money:positive;cleaning:positive,Yes,5,2025-10-17,15
R00935,P14,Aerochef AirFry 4L Air Fryer,Aerochef,Kitchen,5499,3,Happy with this,Great value for money at this price. Go for it without a sceond thought.,English,positive,value_for_money,value_for_money:positive,Yes,4,2025-10-17,14
R00936,P14,Aerochef AirFry 4L Air Fryer,Aerochef,Kitchen,5499,3,"Okay, not great","Got this during a sale. Loving the build quality, it is amazing. But the power turned out awful. Feels underpowered after a few minutes of use. Wait for a discount before buying.",English,neutral,build;power,build:positive;power:negative,Yes,12,2025-10-17,32
R00937,P17,FitPulse S2 Band,FitPulse,Fitness Band,1999,5,Great companion app,The app connectivity turned out great. Would buy again,English,positive,app,app:positive,Yes,2,2025-10-18,9
R00938,P17,FitPulse S2 Band,FitPulse,Fitness Band,1999,5,Kaasu ku worth,"gift ku vaangunen, ippo use pannitu irukken. fit romba nalla irukku, worth it. romba light ah, fit um nalla irukku. support team romba helpful.",Tanglish,positive,comfort;customer_service,comfort:positive;customer_service:positive,Yes,1,2025-10-18,24
R00939,P02,Kelto Pixel Lite,Kelto,Smartphone,21999,5,Semma product,"gift ku vaangunen, ippo use pannitu irukken. fast charging vera level, price ku nalla irukku. fast charging nijamave fast ah irukku.",Tanglish,positive,charging,charging:positive,Yes,1,2025-10-20,21
R00940,P17,FitPulse S2 Band,FitPulse,Fitness Band,1999,1,Vaanga vendam,"Gift ku vaangunen, ippo use pannitu irukken. Box damage ah vandhuchu. Aana display normal ah irukku, special ah onnum illa. Anaalum fit waste, expect pannadhu kedaikala. Oru mani neram la kaadhu valikka aarambichiduthu. Vaanga vendam nu solluven.",Tanglish,negative,delivery;display;comfort,delivery:negative;display:neutral;comfort:negative,Yes,20,2025-10-20,37
R00941,P01,Zyra Nova 5G,Zyra,Smartphone,14999,3,Average product,"Upgraded from my old one. Sadly the charging speed is underwhelming. Gets warm while charging and the speed is slow. But loving the display, it is reliable. Colors are vivid and it gets bright enough outdoors. Okay for basic use.",English,neutral,charging;display,charging:negative;display:positive,Yes,1,2025-10-21,40
R00942,P13,Zyra QuickBlend 500W Mixer Grinder,Zyra,Kitchen,2499,5,Super ah irukku,Oru vaaram use pannitu review podren. Power output semma-ya irukku. Seekiram heat aagudhu. Confirm ah vaangalaam.,Tanglish,positive,power,power:positive,Yes,3,2025-10-21,16
R00943,P17,FitPulse S2 Band,FitPulse,Fitness Band,1999,3,Mixed feelings,"The screen quality is bad. Colors look dull and washed out. But honestly the companion app is superb for this price. The companion app is clean and syncs quickly. Decent for the price, nothing special.",English,neutral,display;app,display:negative;app:positive,No,6,2025-10-21,35
R00944,P18,Zyra Band 5,Zyra,Fitness Band,2499,4,Romba nalla irukku,"Gift ku vaangunen, ippo use pannitu irukken. Sonna naal ku munnadiye vandhuduthu. Kaasu ku worth.",Tanglish,positive,delivery,delivery:positive,Yes,3,2025-10-21,15
R00945,P12,Kelto Gamer 16,Kelto,Laptop,72999,4,Could be better,"Ordered this as a gift for my brother. Loving the build, it is excellent. However, the display is decent but not outstanding. But the typing experience is terrible. Fine, but there might be better options.",English,neutral,build;display;keyboard,build:positive;display:neutral;keyboard:negative,Yes,7,2025-10-22,35
R00946,P17,FitPulse S2 Band,FitPulse,Fitness Band,1999,4,"Okay, not great","Step tracking is really poor, quite disappointed. Heart rate readings jump around randomly. But battery is really superb, very happy with it. One charge gets me through two days of normal use.",English,neutral,tracking;battery,tracking:negative;battery:positive,Yes,13,2025-10-22,32
R00947,P17,FitPulse S2 Band,FitPulse,Fitness Band,1999,4,Great product,"Step tracking is average for this price. However, the fit turned out amazing. Overall very happy with the purchase. 😍",English,positive,tracking;comfort,tracking:neutral;comfort:positive,Yes,4,2025-10-22,20
R00948,P20,Orbix Fit Lite,Orbix,Fitness Band,1299,4,Superb quality,"Customer support reoslved my query the same day. However, battery life is average for this price 😍",English,positive,customer_service;battery,customer_service:positive;battery:neutral,Yes,12,2025-10-22,17
R00949,P08,Tunex Neckband Z,Tunex,Headphones,1499,5,Worth the money,"Wearing comfort is really amazing, very happy with it. Also, loving the bluetooth connectivity, it is great. Range is great, works across rooms. Great value for money at this price.",English,positive,comfort;connectivity;value_for_money,comfort:positive;connectivity:positive;value_for_money:positive,No,1,2025-10-23,30
R00950,P18,Zyra Band 5,Zyra,Fitness Band,2499,1,Poor quality,Found cheaper alternatives with better features.,English,negative,value_for_money,value_for_money:negative,Yes,1,2025-10-23,6
R00951,P17,FitPulse S2 Band,FitPulse,Fitness Band,1999,4,Very satisfied,"The app connectivity is excellent. Notifications show up reliably on the band. That said, tracking is fine, does the job. Would buy again!!",English,positive,app;tracking,app:positive;tracking:neutral,Yes,8,2025-10-24,23
R00952,P06,Aerobeat Buds Air,Aerobeat,Headphones,2999,2,Disappointed,"Sound quality is fine, does the job. That said, sadly the noise cancellation is underwhelming. Thinking of returning it.",English,negative,sound;noise_cancellation,sound:neutral;noise_cancellation:negative,Yes,3,2025-10-26,19
R00953,P16,Tunex Induction Cooktop,Tunex,Kitchen,2799,5,Worth it bro,"Operating noise nalla irukku, no issues. Sound romba kammi, gavanikkave mudiyala.",Tanglish,positive,noise,noise:positive,Yes,5,2025-10-26,11
R00954,P11,Vanta Slim 3,Vanta,Laptop,34999,3,Great product,Purchased on a friend's suggestion. The processing speed turned out solid. Apps open instantly and multitasking is smooth. Overall very happy with the purchase.,English,positive,performance,performance:positive,Yes,4,2025-10-27,24
R00955,P08,Tunex Neckband Z,Tunex,Headphones,1499,4,Average than,"Audio quality waste, expect pannadhu kedaikala. Sound flat ah irukku, feel illa. Aana pa, sonna naal ku munnadiye vandhuduthu",Tanglish,neutral,sound;delivery,sound:negative;delivery:positive,Yes,3,2025-10-28,19
R00956,P08,Tunex Neckband Z,Tunex,Headphones,1499,5,Semma product,"Gift ku vaangunen, ippo use pannitu irukken. Connectivity nalla irukku, no issues.",Tanglish,positive,connectivity,connectivity:positive,No,7,2025-10-28,12
R00957,P17,FitPulse S2 Band,FitPulse,Fitness Band,1999,3,Average than,"Battery life nalla irukku, no issues. Oru full day thaanga romba easy ah irukku. Anaalum fit waste, expect pannadhu kedaikala. Workout pannumbodhu vizhundhutte irukku.",Tanglish,neutral,battery;comfort,battery:positive;comfort:negative,Yes,28,2025-10-28,24
R00958,P18,Zyra Band 5,Zyra,Fitness Band,2499,2,Regret buying,"Got this during a sale. Not worth the price at all. However, app connectivity is average for this price. Expected much better for the price.",English,negative,value_for_money;app,value_for_money:negative;app:neutral,Yes,3,2025-10-28,25
R00959,P08,Tunex Neckband Z,Tunex,Headphones,1499,4,Excellent purchase,"Been using it for a week now. Fit is really reliable, very happy with it. Cushions are soft and the fit is secure. Also, the battery backup turned out very good. Barely drops overnight on standby. Go for it without a second thought.",English,positive,comfort;battery,comfort:positive;battery:positive,Yes,7,2025-10-29,43
R00960,P17,FitPulse S2 Band,FitPulse,Fitness Band,1999,4,Kaasu ku worth,"Oru maasam use pannitu review podren. Battery romba nalla irukku, worth it.",Tanglish,positive,battery,battery:positive,No,0,2025-10-30,12
R00961,P06,Aerobeat Buds Air,Aerobeat,Headphones,2999,3,Average than,"Wearing comfort nalla irukku, no issues. Aana ANC romba mosam. Periya difference onnum theriyala",Tanglish,neutral,comfort;noise_cancellation,comfort:positive;noise_cancellation:negative,Yes,0,2025-11-01,14
R00962,P13,Zyra QuickBlend 500W Mixer Grinder,Zyra,Kitchen,2499,2,Paravala,Delivery normal time la vandhuchu.,Tanglish,neutral,delivery,delivery:neutral,Yes,1,2025-11-01,5
R00963,P14,Aerochef AirFry 4L Air Fryer,Aerochef,Kitchen,5499,5,Good buy,Purchased on a friend's suggestion. Customer support resolved my query the same day. Worth every rupee.,English,positive,customer_service,customer_service:positive,Yes,6,2025-11-01,16
R00964,P17,FitPulse S2 Band,FitPulse,Fitness Band,1999,1,Paisa waste,Online la vaangunen. Screen konjam problem ah irukku. Veyilla screen paakave mudiyala. Idhukku vera product vaangalaam.,Tanglish,negative,display,display:negative,Yes,2,2025-11-01,16
R00965,P17,FitPulse S2 Band,FitPulse,Fitness Band,1999,4,Super ah irukku,"customer care okay than. anaalum tracking romba nalla irukku, worth it. romba santhosham.",Tanglish,positive,customer_service;tracking,customer_service:neutral;tracking:positive,Yes,2,2025-11-02,13
R00966,P14,Aerochef AirFry 4L Air Fryer,Aerochef,Kitchen,5499,5,Great product,purchased on a friend's suggestion. the cleaning turned out excellent. non-stick coating cleans up in seconds. definitely recommend it,English,positive,cleaning,cleaning:positive,Yes,10,2025-11-06,19
R00967,P07,Kelto SoundMax ANC,Kelto,Headphones,5999,4,"Okay, not great","Bought this a month ago. The battery life is great. However, not worth the price at all. Decent for the price, nothing special.",English,neutral,battery;value_for_money,battery:positive;value_for_money:negative,Yes,2,2025-11-08,23
R00968,P08,Tunex Neckband Z,Tunex,Headphones,1499,3,Paravala,"battery vera level, price ku nalla irukku. anaalum sound quality waste, expect pannadhu kedaikala. sound flat ah irukku, feel illa.",Tanglish,neutral,battery;sound,battery:positive;sound:negative,Yes,2,2025-11-08,20
R00969,P16,Tunex Induction Cooktop,Tunex,Kitchen,2799,3,Disappointed,"Styling is fine, does the job. That said, the noise level is frustrating. That said, the build is decent but not outstanding. Would not recommend.",English,negative,design;noise;build,design:neutral;noise:negative;build:neutral,Yes,9,2025-11-08,25
R00970,P17,FitPulse S2 Band,FitPulse,Fitness Band,1999,4,Super ah irukku,"Online la vaangunen. Fit vera level, price ku nalla irukku. Neram fulla pottukittu irundhaalum valikkave illa. Adhoda intha price ku semma product. Aana pa, step tracking okay okay, average than.",Tanglish,positive,comfort;value_for_money;tracking,comfort:positive;value_for_money:positive;tracking:neutral,Yes,6,2025-11-10,30
R00971,P01,Zyra Nova 5G,Zyra,Smartphone,14999,4,Happy with this,the battery is fantastic. barely drops overnight on standby. but packaging was okay.,English,positive,battery;delivery,battery:positive;delivery:neutral,No,0,2025-11-11,13
R00972,P13,Zyra QuickBlend 500W Mixer Grinder,Zyra,Kitchen,2499,4,Superb quality,"The operating noise is fantastic. Runs very quietly, barely noticeable. That said, styling is average for this price. Definitely recommend it.",English,positive,noise;design,noise:positive;design:neutral,No,1,2025-11-11,21
R00973,P13,Zyra QuickBlend 500W Mixer Grinder,Zyra,Kitchen,2499,2,Happy with this,"The support team was very helpful. That said, honestly the power output is disappointing for this price. However, great value for money at this price. Go for it without a second thought",English,positive,customer_service;power;value_for_money,customer_service:positive;power:negative;value_for_money:positive,Yes,7,2025-11-12,32
R00974,P01,Zyra Nova 5G,Zyra,Smartphone,14999,3,Paravala,"Sale la vaangunen. Processing speed super ah work aagudhu. Apps udane open aagudhu, lag ae illa. Anaalum camera romba mosam. Low light la photo blur ah varudhu. Discount la vaangina worth.",Tanglish,neutral,performance;camera,performance:positive;camera:negative,Yes,2,2025-11-13,31
R00975,P12,Kelto Gamer 16,Kelto,Laptop,72999,5,Romba nalla irukku,"Battery backup vera level, price ku nalla irukku. Oru charge la rendu naal odudhu. Adhoda screen quality vera level, price ku nalla irukku.",Tanglish,positive,battery;display,battery:positive;display:positive,Yes,12,2025-11-13,23
R00976,P13,Zyra QuickBlend 500W Mixer Grinder,Zyra,Kitchen,2499,5,Superb noise level,"delivery was quick and the packaging was neat. loving the operating noise, it is superb. much quieter than my previous one.",English,positive,delivery;noise,delivery:positive;noise:positive,Yes,3,2025-11-13,21
R00977,P14,Aerochef AirFry 4L Air Fryer,Aerochef,Kitchen,5499,2,Ethirpaartha alavuku illa,"Cleaning konjam problem ah irukku. Food ottikkudhu, clean panna kashtam. Anaalum build semma-ya irukku. Aana noise level konjam problem ah irukku. Vaanga vendam nu solluven.",Tanglish,negative,cleaning;build;noise,cleaning:negative;build:positive;noise:negative,Yes,3,2025-11-13,25
R00978,P17,FitPulse S2 Band,FitPulse,Fitness Band,1999,3,Decent for the price,"Honestly the app is very good for this price. Easy to set goals and view weekly reports. That said, support kept giving generic replies. Okay for basic use.",English,neutral,app;customer_service,app:positive;customer_service:negative,Yes,0,2025-11-13,28
R00979,P17,FitPulse S2 Band,FitPulse,Fitness Band,1999,2,Fine for basic use,Bought this a month ago. Honestly the tracking is terrible for this price. But great value for money at this price.,English,neutral,tracking;value_for_money,tracking:negative;value_for_money:positive,Yes,1,2025-11-13,21
R00980,P18,Zyra Band 5,Zyra,Fitness Band,2499,5,Very satisfied,Upgraded from my old one. The step tracking is great. Step count matches my phone almost exactly. Would buy again.,English,positive,tracking,tracking:positive,Yes,5,2025-11-13,20
R00981,P09,Zephyr Air 14,Zephyr,Laptop,54999,5,Vaangalaam,"Keyboard and trackpad super ah work aagudhu. Backlight keyboard useful ah irukku. Aana overall speed normal ah irukku, special ah onnum illa. Kaasu ku worth.",Tanglish,positive,keyboard;performance,keyboard:positive;performance:neutral,Yes,15,2025-11-14,25
R00982,P14,Aerochef AirFry 4L Air Fryer,Aerochef,Kitchen,5499,5,Great build quality,"Been using it for two weeks now. Honestly the build quality is great for this price. Also, operating noise is really amazing, very happy with it. The design is fantastic. Definitely recommend it.",English,positive,build;noise;design,build:positive;noise:positive;design:positive,No,14,2025-11-14,33
R00983,P18,Zyra Band 5,Zyra,Fitness Band,2499,5,Value for money,"Got this during a sale. Loving the wearing comfort, it is amazing. Forgot I was wearing it during a long workout. The app is amazing. The companion app is clean and syncs quickly. Would buy again.",English,positive,comfort;app,comfort:positive;app:positive,Yes,14,2025-11-14,36
R00984,P17,FitPulse S2 Band,FitPulse,Fitness Band,1999,4,Superb battery life,"Been using it for five months now. Price is fair, neither cheap nor expensive. That said, honestly the battery is amazing for this price!!",English,positive,value_for_money;battery,value_for_money:neutral;battery:positive,No,4,2025-11-17,24
R00985,P02,Kelto Pixel Lite,Kelto,Smartphone,21999,1,Could be better,Bought this two days ago. Packaging was okay.,English,neutral,delivery,delivery:neutral,Yes,2,2025-11-18,8
R00986,P18,Zyra Band 5,Zyra,Fitness Band,2499,5,Super ah irukku,"fit nalla irukku, no issues. neram fulla pottukittu irundhaalum valikkave illa. aprm app nalla irukku, no issues. app simple ah irukku, sync seekiram aagudhu. romba santhosham.",Tanglish,positive,comfort;app,comfort:positive;app:positive,No,3,2025-11-18,26
R00987,P01,Zyra Nova 5G,Zyra,Smartphone,14999,1,Bad camera,"Upgraded from my old one. The camera quality turned out poor. Also, the processing speed is underwhelming. Heats up and slows down after some time. Would not recommend.",English,negative,camera;performance,camera:negative;performance:negative,Yes,1,2025-11-19,28
R00988,P02,Kelto Pixel Lite,Kelto,Smartphone,21999,3,Fine for basic use,The camera quality is decent but not outstanding.,English,neutral,camera,camera:neutral,Yes,0,2025-11-19,8
R00989,P07,Kelto SoundMax ANC,Kelto,Headphones,5999,5,Superb wearing comfort,Using it daily for three months. Great value for money at this price. The wearing comfort is fantastic. Go for it without a second thought.,English,positive,value_for_money;comfort,value_for_money:positive;comfort:positive,Yes,5,2025-11-20,25
R00990,P07,Kelto SoundMax ANC,Kelto,Headphones,5999,3,Not worth it,"The battery life is bad. However, pairing is neither great nor bad.",English,negative,battery;connectivity,battery:negative;connectivity:neutral,Yes,5,2025-11-21,12
R00991,P11,Vanta Slim 3,Vanta,Laptop,34999,5,Superb quality,Been using it for three months now. The screen quality is impressive. Viewing angles are great and text is sharp. Overall very happy with the purchase!!,English,positive,display,display:positive,Yes,8,2025-11-21,26
R00992,P12,Kelto Gamer 16,Kelto,Laptop,72999,4,Worth the money,"Bought this two days ago. Loivng the display, it is amazing. Viewing angles are great and text is sharp. Would buy again.",English,positive,display,display:positive,Yes,2,2025-11-21,22
R00993,P01,Zyra Nova 5G,Zyra,Smartphone,14999,5,Worth it bro,"Online la vaangunen. Display nalla irukku, no issues. Screen bright ah irukku, colours vivid ah theriyudhu. Romba santhosham.",Tanglish,positive,display,display:positive,Yes,3,2025-11-22,18
R00994,P06,Aerobeat Buds Air,Aerobeat,Headphones,2999,5,Semma product,"gift ku vaangunen, ippo use pannitu irukken. bluetooth connectivity vera level, price ku nalla irukku. vera room la irundhaalum connect la irukku. aprm sound quality semma-ya irukku. bass vera level, vocals um clear ah irukku.",Tanglish,positive,connectivity;sound,connectivity:positive;sound:positive,Yes,0,2025-11-23,35
R00995,P17,FitPulse S2 Band,FitPulse,Fitness Band,1999,5,Excellent purchase,Customer support resolved my query the same day. Arrived a day early and well packed. Overall very happy with the purchase.,English,positive,customer_service;delivery,customer_service:positive;delivery:positive,No,5,2025-11-26,21
R00996,P08,Tunex Neckband Z,Tunex,Headphones,1499,5,Worth it bro,"Online la vaangunen. Connectivity normal ah irukku, special ah onnum illa. Aana wearing comfort nalla irukku, no issues. Overall worth it, recommend pannalaam.",Tanglish,positive,connectivity;comfort,connectivity:neutral;comfort:positive,No,2,2025-11-27,23
R00997,P19,Vanta Watch Active,Vanta,Fitness Band,4999,2,Average than,"rendu vaaram use pannitu review podren. comfort super ah work aagudhu. aana step tracking konjam problem ah irukku. steps count thappa kaattudhu. price ku okay, vera option irundha paarunga.",Tanglish,neutral,comfort;tracking,comfort:positive;tracking:negative,Yes,1,2025-11-27,29
R00998,P08,Tunex Neckband Z,Tunex,Headphones,1499,3,Price ku okay,"sale la vaangunen. battery okay okay, average than. aprm pairing paravala, oru alavuku fine. basic use ku fine.",Tanglish,neutral,battery;connectivity,battery:neutral;connectivity:neutral,Yes,0,2025-11-28,18
R00999,P10,Orbix ProBook 15,Orbix,Laptop,45999,4,Vaangalaam,"Screen quality vera level, price ku nalla irukku. Scroll romba smooth ah irukku. Aprm build quality romba nalla irukku, worth it. Build romba strong ah, premium feel irukku. Kaasu ku worth.",Tanglish,positive,display;build,display:positive;build:positive,No,14,2025-11-28,31
R01000,P17,FitPulse S2 Band,FitPulse,Fitness Band,1999,1,Ethirpaartha alavuku illa,Display romba mosam. Colour dull ah theriyudhu. Paisa waste.,Tanglish,negative,display,display:negative,Yes,2,2025-11-28,9
R01001,P12,Kelto Gamer 16,Kelto,Laptop,72999,5,Superb quality,Got this during a sale. Honestly the keyboard is great for this price. Typing feels comfortable with good key travel. Definitely recommend it.,English,positive,keyboard,keyboard:positive,Yes,8,2025-12-02,23
R01002,P17,FitPulse S2 Band,FitPulse,Fitness Band,1999,5,Romba nalla irukku,"Online la vaangunen. Battery life romba nalla irukku, worth it. Oru charge la rendu naal odudhu. Confirm ah vaangalaam",Tanglish,positive,battery,battery:positive,Yes,9,2025-12-02,19
R01003,P18,Zyra Band 5,Zyra,Fitness Band,2499,5,Great product,The screen is very good. Scrolling feels buttery smooth. Definitely recommend it.,English,positive,display,display:positive,Yes,3,2025-12-02,12
R01004,P18,Zyra Band 5,Zyra,Fitness Band,2499,4,Worth the money,"Bought this two weeks ago. Battery backup is really solid, very happy with it. One charge gets me through two days of normal use. Plus, the tracking accuracy turned out excellent. Sleep tracking gives useful details. Would buy again.",English,positive,battery;tracking,battery:positive;tracking:positive,Yes,5,2025-12-03,39
R01005,P17,FitPulse S2 Band,FitPulse,Fitness Band,1999,1,Vaanga vendam,Step tracking romba mosam. Steps count thappa kaattudhu. Aprm display romba mosam. Colour dull ah theriyudhu.,Tanglish,negative,tracking;display,tracking:negative;display:negative,Yes,0,2025-12-08,16
R01006,P08,Tunex Neckband Z,Tunex,Headphones,1499,4,Average than,"Delivery romba late ah vandhuchu. Anaalum fit super ah work aagudhu. Romba light ah, fit um nalla irukku. Discount la vaangina worth.",Tanglish,neutral,delivery;comfort,delivery:negative;comfort:positive,Yes,2,2025-12-11,22
R01007,P09,Zephyr Air 14,Zephyr,Laptop,54999,3,Kaasu ku worth,"Gift ku vaangunen, ippo use pannitu irukken. Processing speed konjam problem ah irukku. Aana pa, screen romba nalla irukku, worth it. Adhoda build vera level, price ku nalla irukku. Kaasu ku worth.",Tanglish,positive,performance;display;build,performance:negative;display:positive;build:positive,Yes,1,2025-12-11,32
R01008,P16,Tunex Induction Cooktop,Tunex,Kitchen,2799,1,Disappointed,sale la vaangunen. paisa waste-nu thonudhu.,Tanglish,negative,value_for_money,value_for_money:negative,No,4,2025-12-11,6
R01009,P17,FitPulse S2 Band,FitPulse,Fitness Band,1999,4,Kaasu ku worth,"Sonna naal ku munnadiye vandhuduthu. Aprm companion app nalla irukku, no issues. Notifications correct ah varudhu. Anaalum display disappointing, ethirpaartha alavuku illa. Colour dull ah theriyudhu. Overall worth it, recommend pannalaam.",Tanglish,positive,delivery;app;display,delivery:positive;app:positive;display:negative,Yes,3,2025-12-11,31
R01010,P08,Tunex Neckband Z,Tunex,Headphones,1499,4,Happy with this,"The battery is okay, nothing special. That said, great value for money at this price. Would buy again.",English,positive,battery;value_for_money,battery:neutral;value_for_money:positive,Yes,2,2025-12-13,18
R01011,P01,Zyra Nova 5G,Zyra,Smartphone,14999,2,Expected better,"Priced about right for what it offers. That said, honestly the photo quality is awful for this price. Colors look oversaturated and fake. Also, the battery backup is poor. Thinking of returning it. 👎",English,negative,value_for_money;camera;battery,value_for_money:neutral;camera:negative;battery:negative,Yes,7,2025-12-14,34
R01012,P08,Tunex Neckband Z,Tunex,Headphones,1499,3,Average than,Sale la vaangunen. Sound quality semma-ya irukku. Songs kekka romba rich ah irukku. Anaalum customer care reply-ye panala.,Tanglish,neutral,sound;customer_service,sound:positive;customer_service:negative,Yes,7,2025-12-14,18
R01013,P16,Tunex Induction Cooktop,Tunex,Kitchen,2799,1,Romba mosam,Box damage ah vandhuchu. Idhukku vera product vaangalaam.,Tanglish,negative,delivery,delivery:negative,Yes,0,2025-12-16,8
R01014,P17,FitPulse S2 Band,FitPulse,Fitness Band,1999,3,Fine for basic use,"Using it daily for five months. The screen quality is okay, nothing special. Okay for basic use.",English,neutral,display,display:neutral,Yes,8,2025-12-17,17
R01015,P08,Tunex Neckband Z,Tunex,Headphones,1499,1,Not worth it,"Been using it for six weeks now. Sound quality is fine, does the job. However, sadly the pairing is frustrating. Audio lags behind video.",English,negative,sound;connectivity,sound:neutral;connectivity:negative,No,5,2025-12-18,24
R01016,P06,Aerobeat Buds Air,Aerobeat,Headphones,2999,4,Loved it,"Bought this three months ago. The battery turned out very good. Easily lasts a full day with heavy use. That said, ANC is fine, does the job. Go for it without a second thought.",English,positive,battery;noise_cancellation,battery:positive;noise_cancellation:neutral,Yes,1,2025-12-19,34
R01017,P17,FitPulse S2 Band,FitPulse,Fitness Band,1999,4,Worth it bro,"Sale la vaangunen. Battery backup nalla irukku, no issues. Kaasu ku worth.",Tanglish,positive,battery,battery:positive,No,3,2025-12-19,12
R01018,P13,Zyra QuickBlend 500W Mixer Grinder,Zyra,Kitchen,2499,3,"Okay, not great","Overall design is really reliable, very happy with it. Looks elegant and fits well in my kitchen. That said, sadly the noise level is below average. Extremely loud, hard to talk nearby. Wait for a discount before buying.",English,neutral,design;noise,design:positive;noise:negative,Yes,15,2025-12-21,38
R01019,P08,Tunex Neckband Z,Tunex,Headphones,1499,4,Romba nalla irukku,"Battery nalla irukku, no issues. Oru charge la rendu naal odudhu. Adhoda fit semma-ya irukku. Romba light ah, fit um nalla irukku. Aprm sonna naal ku munnadiye vandhuduthu!!!",Tanglish,positive,battery;comfort;delivery,battery:positive;comfort:positive;delivery:positive,No,4,2025-12-22,28
R01020,P08,Tunex Neckband Z,Tunex,Headphones,1499,3,Decent for the price,"the battery life turned out reliable. barely drops overnight on standby. that said, the audio quality is bad. bass is muddy and vocals sound distant.",English,neutral,battery;sound,battery:positive;sound:negative,Yes,3,2025-12-24,25
R01021,P10,Orbix ProBook 15,Orbix,Laptop,45999,5,Excellent purchase,"Purchased on a friend's suggestion. Arrived a day early and well packed. Also, totally worth the price.",English,positive,delivery;value_for_money,delivery:positive;value_for_money:positive,Yes,1,2025-12-24,17
R01022,P17,FitPulse S2 Band,FitPulse,Fitness Band,1999,2,Disappointed,Honestly the tracking accuracy is frustrating for this price. Sleep data seems unreliable. Found cheaper alternatives with better features. Regret buying this.,English,negative,tracking;value_for_money,tracking:negative;value_for_money:negative,Yes,16,2025-12-26,22
R01023,P17,FitPulse S2 Band,FitPulse,Fitness Band,1999,3,Worth the money,"Been using it for a week now. The support team was very helpful. Also, totally worth the price",English,positive,customer_service;value_for_money,customer_service:positive;value_for_money:positive,Yes,1,2025-12-26,18
R01024,P18,Zyra Band 5,Zyra,Fitness Band,2499,5,Super ah irukku,"battery life vera level, price ku nalla irukku. kaasu ku ettha value!!",Tanglish,positive,battery;value_for_money,battery:positive;value_for_money:positive,Yes,3,2025-12-26,12
R01025,P02,Kelto Pixel Lite,Kelto,Smartphone,21999,5,Worth it bro,"Gift ku vaangunen, ippo use pannitu irukken. Battery nalla irukku, no issues. Oru charge la rendu naal odudhu.",Tanglish,positive,battery,battery:positive,Yes,4,2025-12-27,18
R01026,P02,Kelto Pixel Lite,Kelto,Smartphone,21999,5,Superb quality,Been using it for five months now. Honestly the processing speed is great for this price. Handles everything I throw at it without slowing down.,English,positive,performance,performance:positive,Yes,7,2025-12-28,25
R01027,P11,Vanta Slim 3,Vanta,Laptop,34999,5,Worth it bro,sonna naal ku munnadiye vandhuduthu.,Tanglish,positive,delivery,delivery:positive,Yes,2,2025-12-28,5
R01028,P12,Kelto Gamer 16,Kelto,Laptop,72999,4,Happy with this,"The processing speed is superb. Plus, display is really great, very happy with it. Go for it without a second thought.",English,positive,performance;display,performance:positive;display:positive,Yes,5,2025-12-28,21
R01029,P17,FitPulse S2 Band,FitPulse,Fitness Band,1999,2,Poor fit,Sadly the wearing comfort is disappointing. But screen is average for this price.,English,negative,comfort;display,comfort:negative;display:neutral,Yes,2,2025-12-28,13
R01030,P20,Orbix Fit Lite,Orbix,Fitness Band,1299,3,Price ku okay,"sale la vaangunen. wearing comfort romba nalla irukku, worth it. romba light ah, fit um nalla irukku. aana pa, support team help pannala, waste.",Tanglish,neutral,comfort;customer_service,comfort:positive;customer_service:negative,No,2,2025-12-28,24
R01031,P08,Tunex Neckband Z,Tunex,Headphones,1499,3,Could be better,"Using it daily for three months. The audio quality is underwhelming. Sound gets distorted at high volume. However, arrived a day early and well packed.",English,neutral,sound;delivery,sound:negative;delivery:positive,Yes,6,2025-12-30,25
R01032,P01,Zyra Nova 5G,Zyra,Smartphone,14999,3,"Okay, not great","Customer support resolved my query the same day. But the battery backup turned out poor. Battery drops fast even when idle. Fine, but there might be better options",English,neutral,customer_service;battery,customer_service:positive;battery:negative,No,3,2026-01-01,28
R01033,P14,Aerochef AirFry 4L Air Fryer,Aerochef,Kitchen,5499,3,Waste of money,"Styling is really excellent, very happy with it. However, the ease of cleaning turned out poor. Also, found cheaper alternatives with better features.",English,negative,design;cleaning;value_for_money,design:positive;cleaning:negative;value_for_money:negative,Yes,3,2026-01-03,23
R01034,P18,Zyra Band 5,Zyra,Fitness Band,2499,5,Semma product,Intha price ku semma product. Aprm step tracking semma-ya irukku. Confirm ah vaangalaam.,Tanglish,positive,value_for_money;tracking,value_for_money:positive;tracking:positive,Yes,3,2026-01-03,13
R01035,P14,Aerochef AirFry 4L Air Fryer,Aerochef,Kitchen,5499,5,Semma product,"support team romba helpful. aprm finish romba nalla irukku, worth it. adhoda noise level semma-ya irukku. overall worth it, recommend pannalaam.",Tanglish,positive,customer_service;build;noise,customer_service:positive;build:positive;noise:positive,Yes,0,2026-01-05,21
R01036,P17,FitPulse S2 Band,FitPulse,Fitness Band,1999,1,Paisa waste,"fit waste, expect pannadhu kedaikala. workout pannumbodhu vizhundhutte irukku. adhoda delivery romba late ah vandhuchu. paisa waste",Tanglish,negative,comfort;delivery,comfort:negative;delivery:negative,Yes,7,2026-01-05,17
R01037,P11,Vanta Slim 3,Vanta,Laptop,34999,1,Romba mosam,"Build quality waste, expect pannadhu kedaikala. Oru vaaramla scratch vandhuduthu.",Tanglish,negative,build,build:negative,Yes,2,2026-01-06,10
R01038,P17,FitPulse S2 Band,FitPulse,Fitness Band,1999,5,Kaasu ku worth,"Oru vaaram use pannitu review podren. Wearing comfort romba nalla irukku, worth it. Romba light ah, fit um nalla irukku. Adhoda app connectivity semma-ya irukku. App simple ah irukku, sync seekiram aagudhu. Overall worth it, recommend pannalaam.",Tanglish,positive,comfort;app,comfort:positive;app:positive,Yes,7,2026-01-07,37
R01039,P17,FitPulse S2 Band,FitPulse,Fitness Band,1999,1,Ethirpaartha alavuku illa,"Oru maasam use pannitu review podren. Tracking accuracy waste, expect pannadhu kedaikala.",Tanglish,negative,tracking,tracking:negative,Yes,3,2026-01-08,12
R01040,P18,Zyra Band 5,Zyra,Fitness Band,2499,4,Kaasu ku worth,"Sale la vaangunen. Step tracking romba nalla irukku, worth it. Heart rate reading accurate ah varudhu.",Tanglish,positive,tracking,tracking:positive,Yes,6,2026-01-10,16
R01041,P18,Zyra Band 5,Zyra,Fitness Band,2499,1,Vaanga vendam,"Friend recommend pannaan, vaangunen. Support team help pannala, waste. Anaalum tracking normal ah irukku, special ah onnum illa. Aana fit konjam problem ah irukku.",Tanglish,negative,customer_service;tracking;comfort,customer_service:negative;tracking:neutral;comfort:negative,Yes,0,2026-01-16,24
R01042,P13,Zyra QuickBlend 500W Mixer Grinder,Zyra,Kitchen,2499,5,Excellent build,Got this duirng a sale. The finish is great.,English,positive,build,build:positive,Yes,2,2026-01-17,9
R01043,P08,Tunex Neckband Z,Tunex,Headphones,1499,2,Average product,"Bought this five months ago. The box was damaged when it arrived. However, honestly the battery is great for this price. One charge gets me through two days of normal use",English,neutral,delivery;battery,delivery:negative;battery:positive,Yes,2,2026-01-19,31
R01044,P13,Zyra QuickBlend 500W Mixer Grinder,Zyra,Kitchen,2499,1,Not as expected,"Bought this a week ago. The power output is decent but not outstanding. That said, customer service was unhelpful and never replied properly. Regret buying this.",English,negative,power;customer_service,power:neutral;customer_service:negative,Yes,2,2026-01-22,26
R01045,P14,Aerochef AirFry 4L Air Fryer,Aerochef,Kitchen,5499,1,Regret buying,"Bought this six weeks ago. Support kept giving generic replies. Also, sadly the design is below average. The handle design is awkward. Plus, honestly the ease of cleaning is below average for this price. Coating started peeling after a few washes. Expected much better for the price.",English,negative,customer_service;design;cleaning,customer_service:negative;design:negative;cleaning:negative,Yes,7,2026-01-24,47
R01046,P10,Orbix ProBook 15,Orbix,Laptop,45999,4,Romba nalla irukku,"Screen nalla irukku, no issues. Romba santhosham",Tanglish,positive,display,display:positive,Yes,1,2026-01-25,7
R01047,P07,Kelto SoundMax ANC,Kelto,Headphones,5999,5,Kaasu ku worth,"Friend recommend pannaan, vaangunen. Bluetooth connectivity nalla irukku, no issues. Vera room la irundhaalum connect la irukku.",Tanglish,positive,connectivity,connectivity:positive,Yes,4,2026-01-29,17
R01048,P14,Aerochef AirFry 4L Air Fryer,Aerochef,Kitchen,5499,1,Disappointed,"cleaning konjam problem ah irukku. food ottikkudhu, clean panna kashtam.",Tanglish,negative,cleaning,cleaning:negative,Yes,1,2026-01-30,10
R01049,P17,FitPulse S2 Band,FitPulse,Fitness Band,1999,5,Great screen,"You get a lot for the money. Plus, screen is really superb, very happy with it. Scrolling feels buttery smooth",English,positive,value_for_money;display,value_for_money:positive;display:positive,Yes,1,2026-01-31,20
R01050,P17,FitPulse S2 Band,FitPulse,Fitness Band,1999,4,Happy with this,"Been using it for a week now. App is really fantastic, very happy with it. Easy to set goals and view weekly reports. That said, the comfort is decent but not outstanding. Plus, price is fair, neither cheap nor expensive. Definitely recommend it",English,positive,app;comfort;value_for_money,app:positive;comfort:neutral;value_for_money:neutral,Yes,8,2026-01-31,43
R01051,P13,Zyra QuickBlend 500W Mixer Grinder,Zyra,Kitchen,2499,4,Romba nalla irukku,"sale la vaangunen. noise level semma-ya irukku. sound romba kammi, gavanikkave mudiyala. overall worth it, recommend pannalaam.",Tanglish,positive,noise,noise:positive,No,6,2026-02-01,17
R01052,P02,Kelto Pixel Lite,Kelto,Smartphone,21999,4,Great display,Using it daily for a month. Honestly the display is impressive for this price. Viewing angles are great and text is sharp. Go for it without a second thought,English,positive,display,display:positive,Yes,5,2026-02-02,29
R01053,P17,FitPulse S2 Band,FitPulse,Fitness Band,1999,5,Semma product,"wearing comfort nalla irukku, no issues. neram fulla pottukittu irundhaalum valikkave illa. aprm sonna naal ku munnadiye vandhuduthu.",Tanglish,positive,comfort;delivery,comfort:positive;delivery:positive,No,3,2026-02-02,18
R01054,P05,Sonaro BassPro 300,Sonaro,Headphones,1999,2,Romba mosam,"Bluetooth connectivity okay okay, average than. Anaalum customer care reply-ye panala.",Tanglish,negative,connectivity;customer_service,connectivity:neutral;customer_service:negative,No,4,2026-02-03,11
R01055,P05,Sonaro BassPro 300,Sonaro,Headphones,1999,4,Kaasu ku worth,"Bluetooth connectivity super ah work aagudhu. Overall worth it, recommend pannalaam.",Tanglish,positive,connectivity,connectivity:positive,Yes,3,2026-02-05,11
R01056,P05,Sonaro BassPro 300,Sonaro,Headphones,1999,3,"Okay, not great","Got this during a sale. Customer service was unhelpful and never replied properly. However, audio quality is really solid, very happy with it. Music sounds rich and detailed at every volume.",English,neutral,customer_service;sound,customer_service:negative;sound:positive,Yes,11,2026-02-05,31
R01057,P18,Zyra Band 5,Zyra,Fitness Band,2499,4,Value for money,"The screen quality is great. Plus, honestly the battery backup is superb for this price. Easily lasts a full day with heavy use. However, customer service was unhelpful and never replied properly.",English,positive,display;battery;customer_service,display:positive;battery:positive;customer_service:negative,Yes,9,2026-02-05,32
R01058,P05,Sonaro BassPro 300,Sonaro,Headphones,1999,5,Good buy,"Upgraded from my old one. Loving the connectivity, it is impressive.",English,positive,connectivity,connectivity:positive,Yes,0,2026-02-06,11
R01059,P05,Sonaro BassPro 300,Sonaro,Headphones,1999,5,Super ah irukku,"Sale la vaangunen. Support team romba helpful. Adhoda pairing nalla irukku, no issues. Udane pair aagudhu, connection drop aagave illa.",Tanglish,positive,customer_service;connectivity,customer_service:positive;connectivity:positive,Yes,11,2026-02-06,20
R01060,P13,Zyra QuickBlend 500W Mixer Grinder,Zyra,Kitchen,2499,5,Worth the money,"Loving the design, it is great. Looks elegant and fits well in my kitchen. Also, the noise level turned out solid. No rattling even at full speed. Overall very happy with the purchase.",English,positive,design;noise,design:positive;noise:positive,Yes,17,2026-02-06,33
R01061,P17,FitPulse S2 Band,FitPulse,Fitness Band,1999,4,Superb quality,purchased on a friend's suggestion. the fit is bad. but the support team was very helpful. arrived a day early and well packed. overall very happy with the purchase.,English,positive,comfort;customer_service;delivery,comfort:negative;customer_service:positive;delivery:positive,Yes,0,2026-02-06,29
R01062,P01,Zyra Nova 5G,Zyra,Smartphone,14999,3,Mixed feelings,"Purchased on a friend's suggestion. The battery backup turned out awful. Battery drops fast even when idle. That said, the charging is great. Quick top-ups save me every morning. Wait for a discount before buying",English,neutral,battery;charging,battery:negative;charging:positive,Yes,1,2026-02-07,35
R01063,P05,Sonaro BassPro 300,Sonaro,Headphones,1999,4,Romba nalla irukku,"friend recommend pannaan, vaangunen. kaasu ku ettha value. aana pa, fit okay okay, average than. overall worth it, recommend pannalaam.",Tanglish,positive,value_for_money;comfort,value_for_money:positive;comfort:neutral,Yes,1,2026-02-08,20
R01064,P05,Sonaro BassPro 300,Sonaro,Headphones,1999,5,Very satisfied,"The fit is amazing. Forgot I was wearing it during a long workout. Plus, arrived a day early and well packed. Overall very happy with the purchase.",English,positive,comfort;delivery,comfort:positive;delivery:positive,Yes,2,2026-02-09,27
R01065,P05,Sonaro BassPro 300,Sonaro,Headphones,1999,4,Vaangalaam,"Friend recommend pannaan, vaangunen. Bluetooth connectivity romba mosam. Call nadulla disconnect aagudhu. Aana pa, fit romba nalla irukku, worth it. Neram fulla pottukittu irundhaalum valikkave illa. Adhoda sonna naal ku munnadiye vandhuduthu. Confirm ah vaangalaam.",Tanglish,positive,connectivity;comfort;delivery,connectivity:negative;comfort:positive;delivery:positive,Yes,6,2026-02-09,35
R01066,P13,Zyra QuickBlend 500W Mixer Grinder,Zyra,Kitchen,2499,3,Semma product,"Ease of cleaning paravala, oru alavuku fine. Aana overall design romba nalla irukku, worth it. Paakave stylish ah irukku, kitchen ku set aagudhu. Overall worth it, recommend pannalaam.",Tanglish,positive,cleaning;design,cleaning:neutral;design:positive,Yes,11,2026-02-09,28
R01067,P17,FitPulse S2 Band,FitPulse,Fitness Band,1999,4,Average product,"Got this during a sale. Loving the app, it is very good. The companion app is clean and syncs quickly. However, the tracking accuracy is awful. Okay for basic use.",English,neutral,app;tracking,app:positive;tracking:negative,Yes,0,2026-02-09,30
R01068,P09,Zephyr Air 14,Zephyr,Laptop,54999,2,Bad screen quality,"Ordered this as a gift for my brother. The screen quality turned out bad. Hard to read under sunlight. The overall speed is frustrating. Hangs randomly and needs a restart. However, honestly the battery life is solid for this price. Expected much better for the price.",English,negative,display;performance;battery,display:negative;performance:negative;battery:positive,Yes,1,2026-02-11,46
R01069,P05,Sonaro BassPro 300,Sonaro,Headphones,1999,5,Worth it bro,"Gift ku vaangunen, ippo use pannitu irukken. Battery life nalla irukku, no issues. Oru full day thaanga romba easy ah irukku. Adhoda fit vera level, price ku nalla irukku. Neram fulla pottukittu irundhaalum valikkave illa. Romba santhosham.",Tanglish,positive,battery;comfort,battery:positive;comfort:positive,Yes,8,2026-02-13,37
R01070,P17,FitPulse S2 Band,FitPulse,Fitness Band,1999,5,Semma product,"Friend recommend pannaan, vaangunen. Price ku romba worth. Aprm battery nalla irukku, no issues. Companion app super ah work aagudhu. Kaasu ku worth.",Tanglish,positive,value_for_money;battery;app,value_for_money:positive;battery:positive;app:positive,Yes,2,2026-02-14,23
R01071,P05,Sonaro BassPro 300,Sonaro,Headphones,1999,5,Romba nalla irukku,"Friend recommend pannaan, vaangunen. Battery life romba nalla irukku, worth it. Oru charge la rendu naal odudhu. Adhoda sonna naal ku munnadiye vandhuduthu.",Tanglish,positive,battery;delivery,battery:positive;delivery:positive,No,0,2026-02-15,23
R01072,P05,Sonaro BassPro 300,Sonaro,Headphones,1999,4,Worth it bro,"Online la vaangunen. Audio quality semma-ya irukku. Bass vera level, vocals um clear ah irukku. Aana battery backup paravala, oru alavuku fine.",Tanglish,positive,sound;battery,sound:positive;battery:neutral,Yes,9,2026-02-17,22
R01073,P05,Sonaro BassPro 300,Sonaro,Headphones,1999,3,Fine for basic use,Uprgaded from my old one. Battery life is average for this price.,English,neutral,battery,battery:neutral,Yes,4,2026-02-17,12
R01074,P16,Tunex Induction Cooktop,Tunex,Kitchen,2799,3,Price ku okay,"sale la vaangunen. power paravala, oru alavuku fine. discount la vaangina worth.",Tanglish,neutral,power,power:neutral,Yes,0,2026-02-17,12
R01075,P17,FitPulse S2 Band,FitPulse,Fitness Band,1999,5,Super ah irukku,"online la vaangunen. companion app vera level, price ku nalla irukku. app simple ah irukku, sync seekiram aagudhu. overall worth it, recommend pannalaam",Tanglish,positive,app,app:positive,No,4,2026-02-17,23
R01076,P07,Kelto SoundMax ANC,Kelto,Headphones,5999,3,Vaangalaam,"anc nalla irukku, no issues. adhoda sound quality vera level, price ku nalla irukku. bass vera level, vocals um clear ah irukku. anaalum paisa waste-nu thonudhu.",Tanglish,positive,noise_cancellation;sound;value_for_money,noise_cancellation:positive;sound:positive;value_for_money:negative,Yes,6,2026-02-18,26
R01077,P17,FitPulse S2 Band,FitPulse,Fitness Band,1999,5,Vaangalaam,"comfort romba nalla irukku, worth it. neram fulla pottukittu irundhaalum valikkave illa. confirm ah vaangalaam",Tanglish,positive,comfort,comfort:positive,No,2,2026-02-18,15
R01078,P18,Zyra Band 5,Zyra,Fitness Band,2499,5,Good buy,"Using it daily for two weeks. The companion app turned out fantastic. Also, delivery was quick and the packaging was neat. The step tracking is excellent. Definitely recommend it.",English,positive,app;delivery;tracking,app:positive;delivery:positive;tracking:positive,Yes,10,2026-02-19,29
R01079,P15,Steelo Cookware Set (5 pcs),Steelo,Kitchen,3299,4,Happy with this,"Build quality is fine, does the job. That said, the cleaning turned out amazing. Very little effort to clean after use. Overall very happy with the purchase.",English,positive,build;cleaning,build:neutral;cleaning:positive,Yes,0,2026-02-21,27
R01080,P07,Kelto SoundMax ANC,Kelto,Headphones,5999,1,Expected better,The pairing is underwhelming,English,negative,connectivity,connectivity:negative,Yes,3,2026-02-23,4
R01081,P18,Zyra Band 5,Zyra,Fitness Band,2499,4,Excellent display,"purchased on a friend's suggestion. screen quality is really reliable, very happy with it.",English,positive,display,display:positive,Yes,11,2026-02-23,14
R01082,P04,Vanta X7 Pro,Vanta,Smartphone,32999,1,Waste of money,"Upgraded from my old one. Processing speed is really frustrating, quite disappointed. Also, not worth the price at all. That said, the screen is decent but not outstanding. Regret buying this.",English,negative,performance;value_for_money;display,performance:negative;value_for_money:negative;display:neutral,Yes,3,2026-02-24,31
R01083,P18,Zyra Band 5,Zyra,Fitness Band,2499,2,Not as expected,"Been using it for six weeks now. The battery backup turned out terrible. That said, honestly the step tracking is superb for this price. However, app connectivity is really bad, quite disappointed. The app keeps crashing and sync fails often.",English,negative,battery;tracking;app,battery:negative;tracking:positive;app:negative,Yes,4,2026-02-24,40
R01084,P14,Aerochef AirFry 4L Air Fryer,Aerochef,Kitchen,5499,5,Very satisfied,Bought this a week ago. Honestly the finish is solid for this price. Finish is excellent and it looks durable. Definitely recommend it.,English,positive,build,build:positive,Yes,11,2026-02-25,23
R01085,P15,Steelo Cookware Set (5 pcs),Steelo,Kitchen,3299,3,Loved it,"Got this during a sale. Great value for money at this price. Plus, the cleaning turned out very good. However, the box was damaged when it arrived.",English,positive,value_for_money;cleaning;delivery,value_for_money:positive;cleaning:positive;delivery:negative,Yes,1,2026-02-25,27
R01086,P03,Orbix M14,Orbix,Smartphone,10999,1,Paisa waste,Camera konjam problem ah irukku. Low light la photo blur ah varudhu. Idhukku vera product vaangalaam.,Tanglish,negative,camera,camera:negative,Yes,0,2026-02-26,16
R01087,P04,Vanta X7 Pro,Vanta,Smartphone,32999,3,Super ah irukku,"sale la vaangunen. photo quality normal ah irukku, special ah onnum illa. aana pa, screen nalla irukku, no issues. screen bright ah irukku, colours vivid ah theriyudhu.",Tanglish,positive,camera;display,camera:neutral;display:positive,Yes,5,2026-02-26,27
R01088,P05,Sonaro BassPro 300,Sonaro,Headphones,1999,3,Vaangalaam,"Intha price ku semma product. Aana battery backup disappointing, ethirpaartha alavuku illa. Anaalum connectivity romba nalla irukku, worth it. Overall worth it, recommend pannalaam.",Tanglish,positive,value_for_money;battery;connectivity,value_for_money:positive;battery:negative;connectivity:positive,No,0,2026-02-26,24
R01089,P12,Kelto Gamer 16,Kelto,Laptop,72999,4,Vaangalaam,"Delivery fast ah vandhuchu, packing nalla irundhuchu. Aana pa, typing experience paravala, oru alavuku fine. Kaasu ku worth.",Tanglish,positive,delivery;keyboard,delivery:positive;keyboard:neutral,Yes,2,2026-02-26,18
R01090,P04,Vanta X7 Pro,Vanta,Smartphone,32999,5,Vaangalaam,"sonna naal ku munnadiye vandhuduthu. aprm performance vera level, price ku nalla irukku. aprm photo quality super ah work aagudhu. photos clear ah, colour um nalla varudhu. overall worth it, recommend pannalaam!! 😍",Tanglish,positive,delivery;performance;camera,delivery:positive;performance:positive;camera:positive,Yes,6,2026-02-27,33
R01091,P05,Sonaro BassPro 300,Sonaro,Headphones,1999,3,Okay okay,"Battery romba mosam. Anaalum bluetooth connectivity romba nalla irukku, worth it. Vera room la irundhaalum connect la irukku. Price ku okay, vera option irundha paarunga.",Tanglish,neutral,battery;connectivity,battery:negative;connectivity:positive,Yes,8,2026-02-27,25
R01092,P05,Sonaro BassPro 300,Sonaro,Headphones,1999,1,Waste of money,Support kept giving generic replies. Thinking of retruning it.,English,negative,customer_service,customer_service:negative,Yes,5,2026-02-27,9
R01093,P05,Sonaro BassPro 300,Sonaro,Headphones,1999,4,Average product,"Got this during a sale. Comfort is really excellent, very happy with it. Forgot I was wearing it during a long workout. However, customer service was unhelpful and never replied properly. Wait for a discount before buying",English,neutral,comfort;customer_service,comfort:positive;customer_service:negative,Yes,1,2026-02-27,37
R01094,P03,Orbix M14,Orbix,Smartphone,10999,4,Paravala,Camera super ah work aagudhu. Night mode kooda nalla work aagudhu. Aana customer care reply-ye panala.,Tanglish,neutral,camera;customer_service,camera:positive;customer_service:negative,Yes,0,2026-02-28,16
R01095,P04,Vanta X7 Pro,Vanta,Smartphone,32999,3,Excellent purchase,"Upgraded from my old one. You get a lot for the money. The camera quality turned out excellent. However, the screen turned out bad. Would buy again.",English,positive,value_for_money;camera;display,value_for_money:positive;camera:positive;display:negative,Yes,2,2026-02-28,27
R01096,P15,Steelo Cookware Set (5 pcs),Steelo,Kitchen,3299,5,Great cleaning,Purchased on a friend's suggestion. The ease of cleaning is reliable. Parts are easy to wipe down and wash. Definitely recomemnd it.,English,positive,cleaning,cleaning:positive,Yes,28,2026-02-28,22
R01097,P15,Steelo Cookware Set (5 pcs),Steelo,Kitchen,3299,4,Excellent purchase,"The support team was very helpful. But the overall design is okay, nothing special. But the build is solid.",English,positive,customer_service;design;build,customer_service:positive;design:neutral;build:positive,Yes,4,2026-02-28,19
R01098,P03,Orbix M14,Orbix,Smartphone,10999,5,Value for money,"Processing speed is really fantastic, very happy with it.",English,positive,performance,performance:positive,No,0,2026-03-03,9
R01099,P04,Vanta X7 Pro,Vanta,Smartphone,32999,4,Kaasu ku worth,"Battery vera level, price ku nalla irukku. Oru full day thaanga romba easy ah irukku. Aana pa, fast charging okay okay, average than. Overall worth it, recommend pannalaam.",Tanglish,positive,battery;charging,battery:positive;charging:neutral,Yes,7,2026-03-03,28
R01100,P10,Orbix ProBook 15,Orbix,Laptop,45999,3,Decent for the price,Using it daily for six weeks. The performnace is disappointing. Heats up and slows down after some time. But honestly the battery is amazing for this price. Barely drops overnight on standby.,English,neutral,performance;battery,performance:negative;battery:positive,Yes,4,2026-03-04,32
R01101,P04,Vanta X7 Pro,Vanta,Smartphone,32999,5,Kaasu ku worth,"Online la vaangunen. Camera quality semma-ya irukku. Night mode kooda nalla work aagudhu. Charging vera level, price ku nalla irukku. Overall worth it, recommend pannalaam.",Tanglish,positive,camera;charging,camera:positive;charging:positive,Yes,2,2026-03-05,25
R01102,P08,Tunex Neckband Z,Tunex,Headphones,1499,4,Very satisfied,"Purchased on a friend's suggestion. The battery backup is decent but not outstanding. However, arrived a day early and well packed. Overall very happy with the purchase.",English,positive,battery;delivery,battery:neutral;delivery:positive,Yes,0,2026-03-05,27
R01103,P20,Orbix Fit Lite,Orbix,Fitness Band,1299,1,Regret buying,Been using it for two days now. The battery is bad. Thinking of returning it,English,negative,battery,battery:negative,Yes,4,2026-03-05,15
R01104,P20,Orbix Fit Lite,Orbix,Fitness Band,1299,5,Happy with this,"The tracking turned out superb. Sleep tracking gives useful details. Plus, comfort is really solid, very happy with it. Light enough to wear for hours without any pain. Overall very happy with the purchase.",English,positive,tracking;comfort,tracking:positive;comfort:positive,Yes,4,2026-03-05,34
R01105,P05,Sonaro BassPro 300,Sonaro,Headphones,1999,1,Do not buy,"The battery life is underwhelming. Drains completely by evening. Plus, honestly the bluetooth connectivity is poor for this price. Save your money",English,negative,battery;connectivity,battery:negative;connectivity:negative,Yes,0,2026-03-06,22
R01106,P10,Orbix ProBook 15,Orbix,Laptop,45999,1,Waste of money,"Oru maasam use pannitu review podren. Overall speed waste, expect pannadhu kedaikala. Paisa waste-nu thonudhu. Aana keyboard okay okay, average than. Idhukku vera product vaangalaam.",Tanglish,negative,performance;value_for_money;keyboard,performance:negative;value_for_money:negative;keyboard:neutral,Yes,4,2026-03-06,25
R01107,P15,Steelo Cookware Set (5 pcs),Steelo,Kitchen,3299,5,Superb build,"The build turned out very good. Feels sturdy and premium in hand. Plus, the ease of cleaning is reliable. Very little effort to clean after use. Worth every rupee.",English,positive,build;cleaning,build:positive;cleaning:positive,Yes,1,2026-03-06,29
R01108,P04,Vanta X7 Pro,Vanta,Smartphone,32999,5,Super ah irukku,"Camera quality romba nalla irukku, worth it. Night mode kooda nalla work aagudhu. Overall worth it, recommend pannalaam.",Tanglish,positive,camera,camera:positive,Yes,1,2026-03-07,18
R01109,P12,Kelto Gamer 16,Kelto,Laptop,72999,5,Superb quality,"Been using it for two days now. Overall speed is average for this price. But the battery backup is great. Easily lasts a full day with heavy use. However, keyboard and trackpad is neither great nor bad. Overall very happy with the purchase.",English,positive,performance;battery;keyboard,performance:neutral;battery:positive;keyboard:neutral,Yes,12,2026-03-07,43
R01110,P03,Orbix M14,Orbix,Smartphone,10999,5,Good buy,"Purchased on a friend's suggestion. Honestly the overall speed is solid for this price. Handles everything I throw at it without slowing down. Plus, the screen is excellent. Viewing angles are great and text is sharp. Would buy again.",English,positive,performance;display,performance:positive;display:positive,Yes,5,2026-03-08,39
R01111,P04,Vanta X7 Pro,Vanta,Smartphone,32999,3,"Okay, not great","The processing speed is amazing. That said, overpriced for what you get. That said, battery is neither great nor bad. Decent for the price, nothing special.",English,neutral,performance;value_for_money;battery,performance:positive;value_for_money:negative;battery:neutral,Yes,2,2026-03-08,26
R01112,P05,Sonaro BassPro 300,Sonaro,Headphones,1999,5,Superb comfort,"The fit is great. Cushions are soft and the fit is secure. Plus, totally worth the price. Definitely recommend it.",English,positive,comfort;value_for_money,comfort:positive;value_for_money:positive,Yes,0,2026-03-08,20
R01113,P05,Sonaro BassPro 300,Sonaro,Headphones,1999,1,Poor quality,"Upgraded from my old one. Connectivity is really terrible, quite disappointed. Regret buying this.",English,negative,connectivity,connectivity:negative,Yes,0,2026-03-08,14
R01114,P14,Aerochef AirFry 4L Air Fryer,Aerochef,Kitchen,5499,5,Value for money,Upgraded from my old one. The cleanup is fantastic. Very little effort to clean after use,English,positive,cleaning,cleaning:positive,No,4,2026-03-08,16
R01115,P18,Zyra Band 5,Zyra,Fitness Band,2499,3,Worth it bro,"Oru maasam use pannitu review podren. Screen vera level, price ku nalla irukku. Anaalum battery life romba mosam. Oru naalaikku rendu thadava charge pannanum. Aana step tracking super ah work aagudhu. Heart rate reading accurate ah varudhu. Overall worth it, recommend pannalaam.",Tanglish,positive,display;battery;tracking,display:positive;battery:negative;tracking:positive,Yes,5,2026-03-08,42
R01116,P17,FitPulse S2 Band,FitPulse,Fitness Band,1999,1,Waste of money,"fit disappointing, ethirpaartha alavuku illa. oru mani neram la kaadhu valikka aarambichiduthu. idhukku vera product vaangalaam 😡",Tanglish,negative,comfort,comfort:negative,No,0,2026-03-09,17
R01117,P15,Steelo Cookware Set (5 pcs),Steelo,Kitchen,3299,3,Could be better,"Bought this a month ago. Overall design is really below average, quite disappointed. However, great value for money at this price. Decent for the price, nothing special.",English,neutral,design;value_for_money,design:negative;value_for_money:positive,No,2,2026-03-10,27
R01118,P15,Steelo Cookware Set (5 pcs),Steelo,Kitchen,3299,5,Romba nalla irukku,Finish semma-ya irukku. Romba santhosham.,Tanglish,positive,build,build:positive,Yes,1,2026-03-10,5
R01119,P13,Zyra QuickBlend 500W Mixer Grinder,Zyra,Kitchen,2499,5,Great finish,Honestly the build is excellent for this price. Feels sturdy and premium in hand. Overall very happy with the purchase.,English,positive,build,build:positive,No,2,2026-03-11,20
R01120,P15,Steelo Cookware Set (5 pcs),Steelo,Kitchen,3299,3,Worth the money,"Using it daily for two days. Delivery was quick and the packaging was neat. Plus, loving the cleaning, it is amazing. That said, overpriced for what you get. Would buy again.",English,positive,delivery;cleaning;value_for_money,delivery:positive;cleaning:positive;value_for_money:negative,Yes,14,2026-03-11,31
R01121,P15,Steelo Cookware Set (5 pcs),Steelo,Kitchen,3299,3,Great build quality,"build is really amazing, very happy with it. finish is excellent and it looks durable. but styling is fine, does the job. go for it without a second thought.",English,positive,build;design,build:positive;design:neutral,Yes,6,2026-03-11,29
R01122,P18,Zyra Band 5,Zyra,Fitness Band,2499,3,Average than,"Companion app waste, expect pannadhu kedaikala. Aana fit super ah work aagudhu. Price ku okay, vera option irundha paarunga.",Tanglish,neutral,app;comfort,app:negative;comfort:positive,Yes,1,2026-03-11,19
R01123,P04,Vanta X7 Pro,Vanta,Smartphone,32999,5,Romba nalla irukku,"Display nalla irukku, no issues. Screen bright ah irukku, colours vivid ah theriyudhu!!",Tanglish,positive,display,display:positive,Yes,1,2026-03-12,13
R01124,P05,Sonaro BassPro 300,Sonaro,Headphones,1999,3,Semma product,"sale la vaangunen. delivery fast ah vandhuchu, packing nalla irundhuchu. aprm comfort romba nalla irukku, worth it. neram fulla pottukittu irundhaalum valikkave illa. confirm ah vaangalaam.",Tanglish,positive,delivery;comfort,delivery:positive;comfort:positive,Yes,1,2026-03-12,26
R01125,P17,FitPulse S2 Band,FitPulse,Fitness Band,1999,4,Loved it,"Bought this a month ago. Loving the wearing comfort, it is solid. Cushions are soft and the fit is secure. Plus, delivery was quick and the packaging was neat. However, honestly the tracking is frustrating for this price. Step count is way off and counts steps while driving.",English,positive,comfort;delivery;tracking,comfort:positive;delivery:positive;tracking:negative,No,5,2026-03-12,48
R01126,P04,Vanta X7 Pro,Vanta,Smartphone,32999,4,Average than,"Online la vaangunen. Screen konjam problem ah irukku. Veyilla screen paakave mudiyala. Aana kaasu ku ettha value. Price ku okay, vera option irundha paarunga.",Tanglish,neutral,display;value_for_money,display:negative;value_for_money:positive,Yes,1,2026-03-13,24
R01127,P05,Sonaro BassPro 300,Sonaro,Headphones,1999,3,Okay okay,"rendu naal use pannitu review podren. customer care reply-ye panala. aana battery backup nalla irukku, no issues. oru full day thaanga romba easy ah irukku. discount la vaangina worth.",Tanglish,neutral,customer_service;battery,customer_service:negative;battery:positive,Yes,22,2026-03-13,29
R01128,P15,Steelo Cookware Set (5 pcs),Steelo,Kitchen,3299,5,Super ah irukku,"Ease of cleaning nalla irukku, no issues. Non-stick nalla work aagudhu.",Tanglish,positive,cleaning,cleaning:positive,Yes,3,2026-03-13,11
R01129,P17,FitPulse S2 Band,FitPulse,Fitness Band,1999,5,Superb battery life,"Purchased on a friend's suggestion. Battery life is really excellent, very happy with it. Definitely recommend it.",English,positive,battery,battery:positive,Yes,18,2026-03-13,17
R01130,P03,Orbix M14,Orbix,Smartphone,10999,1,Not as expected,"using it daily for three months. battery backup is really frustrating, quite disappointed.",English,negative,battery,battery:negative,Yes,0,2026-03-15,13
R01131,P15,Steelo Cookware Set (5 pcs),Steelo,Kitchen,3299,3,Okay okay,"oru maasam use pannitu review podren. styling nalla irukku, no issues. paakave stylish ah irukku, kitchen ku set aagudhu. aana ease of cleaning konjam problem ah irukku. konjam naal la coating pogudhu. price ku okay, vera option irundha paarunga.",Tanglish,neutral,design;cleaning,design:positive;cleaning:negative,Yes,1,2026-03-15,39
R01132,P07,Kelto SoundMax ANC,Kelto,Headphones,5999,1,Regret buying,Honestly the ANC is bad for this price. Adds a weird pressure feeling in the ears.,English,negative,noise_cancellation,noise_cancellation:negative,Yes,4,2026-03-16,16
R01133,P15,Steelo Cookware Set (5 pcs),Steelo,Kitchen,3299,5,Superb finish,"Loving the finish, it is excellent. Worth every rupee.",English,positive,build,build:positive,No,2,2026-03-16,9
R01134,P14,Aerochef AirFry 4L Air Fryer,Aerochef,Kitchen,5499,5,Great power,Using it daily for five months. The power output turned out very good. Would buy again.,English,positive,power,power:positive,No,3,2026-03-17,16
R01135,P05,Sonaro BassPro 300,Sonaro,Headphones,1999,5,Super ah irukku,"Sale la vaangunen. Sound nalla irukku, no issues. Bass vera level, vocals um clear ah irukku. Overall worth it, recommend pannalaam.",Tanglish,positive,sound,sound:positive,Yes,3,2026-03-18,21
R01136,P15,Steelo Cookware Set (5 pcs),Steelo,Kitchen,3299,5,Worth it bro,Build super ah work aagudhu. Body romba durable ah theriyudhu.,Tanglish,positive,build,build:positive,Yes,1,2026-03-18,10
R01137,P03,Orbix M14,Orbix,Smartphone,10999,5,Romba nalla irukku,"Rendu vaaram use pannitu review podren. Screen quality nalla irukku, no issues. Aana pa, customer care okay than. Aana battery backup romba nalla irukku, worth it.",Tanglish,positive,display;customer_service;battery,display:positive;customer_service:neutral;battery:positive,Yes,5,2026-03-19,26
R01138,P03,Orbix M14,Orbix,Smartphone,10999,5,Loved it,"Got this during a sale. Loving the camera quality, it is reliable. The screen quality turned out fantastic. Also, loving the battery backup, it is very good. Baerly drops overnight on standby. Definitely recommend it.",English,positive,camera;display;battery,camera:positive;display:positive;battery:positive,No,5,2026-03-19,35
R01139,P17,FitPulse S2 Band,FitPulse,Fitness Band,1999,5,Happy with this,"Purchased on a friend's suggestion. Wearing comfort is really very good, very happy with it. Forgot I was wearing it during a long workout.",English,positive,comfort,comfort:positive,Yes,4,2026-03-19,24
R01140,P02,Kelto Pixel Lite,Kelto,Smartphone,21999,5,Excellent charging speed,The charging speed turned out solid. Quick top-ups save me every morning. Go for it without a second thought,English,positive,charging,charging:positive,Yes,0,2026-03-20,19
R01141,P03,Orbix M14,Orbix,Smartphone,10999,5,Semma product,"Support team romba helpful. Display romba nalla irukku, worth it. Scroll romba smooth ah irukku!!!",Tanglish,positive,customer_service;display,customer_service:positive;display:positive,Yes,2,2026-03-21,15
R01142,P04,Vanta X7 Pro,Vanta,Smartphone,32999,1,Waste of money,Upgraded from my old one. The battery life turned out disappointing. Had to charge it twice a day. Save your money,English,negative,battery,battery:negative,Yes,3,2026-03-21,21
R01143,P18,Zyra Band 5,Zyra,Fitness Band,2499,2,Could be better,"Loving the app, it is fantastic. Easy to set goals and view weekly reports. That said, battery backup is really underwhelming, quite disappointed. Battery drops fast even when idle.",English,neutral,app;battery,app:positive;battery:negative,Yes,1,2026-03-21,29
R01144,P02,Kelto Pixel Lite,Kelto,Smartphone,21999,4,Good buy,"Been using it for two days now. The overall speed turned out disappointing. That said, the charging speed is reliable. Fast charging really works as advertised. Great value for money at this price. Definitely recommend it.",English,positive,performance;charging;value_for_money,performance:negative;charging:positive;value_for_money:positive,Yes,9,2026-03-22,36
R01145,P11,Vanta Slim 3,Vanta,Laptop,34999,5,Romba nalla irukku,"typing experience romba nalla irukku, worth it. typing romba comfortable ah irukku. romba santhosham.",Tanglish,positive,keyboard,keyboard:positive,No,6,2026-03-22,14
R01146,P17,FitPulse S2 Band,FitPulse,Fitness Band,1999,3,Fine for basic use,"Using it daily for a month. Totally worth the price. However, the battery backup turned out disappointing. Had to charge it twice a day.",English,neutral,value_for_money;battery,value_for_money:positive;battery:negative,Yes,2,2026-03-22,24
R01147,P19,Vanta Watch Active,Vanta,Fitness Band,4999,5,Worth the money,"customer support resolved my query the same day. plus, the battery is great. definitely recommend it.",English,positive,customer_service;battery,customer_service:positive;battery:positive,Yes,0,2026-03-23,16
R01148,P05,Sonaro BassPro 300,Sonaro,Headphones,1999,3,"Okay, not great","Upgraded from my old one. The sound quality turned out impressive. Music sounds rich and detailed at every volume. That said, customer service was unhelpful and never replied properly. Wait for a discount before buying.",English,neutral,sound;customer_service,sound:positive;customer_service:negative,Yes,1,2026-03-24,35
R01149,P17,FitPulse S2 Band,FitPulse,Fitness Band,1999,5,Romba nalla irukku,"sale la vaangunen. battery life romba nalla irukku, worth it. oru charge la rendu naal odudhu. aprm kaasu ku ettha value. romba santhosham.",Tanglish,positive,battery;value_for_money,battery:positive;value_for_money:positive,Yes,0,2026-03-24,23
R01150,P02,Kelto Pixel Lite,Kelto,Smartphone,21999,5,Worth the money,"Using it daily for a week. The photo quality is fantastic. Low light shots are surprisingly clear. Plus, the battery backup is very good. Fast charging is really amazing, very happy with it. Fast charging really works as advertised.",English,positive,camera;battery;charging,camera:positive;battery:positive;charging:positive,Yes,1,2026-03-25,39
R01151,P04,Vanta X7 Pro,Vanta,Smartphone,32999,5,Excellent purchase,Using it daily for five months. Great value for money at this price.,English,positive,value_for_money,value_for_money:positive,Yes,2,2026-03-25,13
R01152,P08,Tunex Neckband Z,Tunex,Headphones,1499,5,Romba nalla irukku,Online la vaangunen. Customer care udane help pannaanga. Confirm ah vaangalaam.,Tanglish,positive,customer_service,customer_service:positive,Yes,5,2026-03-25,11
R01153,P07,Kelto SoundMax ANC,Kelto,Headphones,5999,5,Very satisfied,sound is neither great nor bad. but delivery was quick and the packaging was neat. go for it without a second thought,English,positive,sound;delivery,sound:neutral;delivery:positive,Yes,4,2026-03-26,22
R01154,P18,Zyra Band 5,Zyra,Fitness Band,2499,5,Very satisfied,"Totally worth the price. Loving the display, it is solid. Colors are vivid and it gets bright enough outdoors. Overall very happy with the purchase.",English,positive,value_for_money;display,value_for_money:positive;display:positive,Yes,7,2026-03-26,25
R01155,P04,Vanta X7 Pro,Vanta,Smartphone,32999,3,Okay okay,"photo quality avlo nalla illa. aana battery backup vera level, price ku nalla irukku. oru charge la rendu naal odudhu. basic use ku fine.",Tanglish,neutral,camera;battery,camera:negative;battery:positive,Yes,4,2026-03-27,24
R01156,P17,FitPulse S2 Band,FitPulse,Fitness Band,1999,5,Worth it bro,"Gift ku vaangunen, ippo use pannitu irukken. Customer care okay than. Anaalum display vera level, price ku nalla irukku. Scroll romba smooth ah irukku. Kaasu ku worth.",Tanglish,positive,customer_service;display,customer_service:neutral;display:positive,No,0,2026-03-27,27
R01157,P04,Vanta X7 Pro,Vanta,Smartphone,32999,4,Romba nalla irukku,"Screen avlo nalla illa. Colour dull ah theriyudhu. Anaalum overall speed vera level, price ku nalla irukku. Charging speed semma-ya irukku. Overall worth it, recommend pannalaam.",Tanglish,positive,display;performance;charging,display:negative;performance:positive;charging:positive,Yes,9,2026-03-28,26
R01158,P08,Tunex Neckband Z,Tunex,Headphones,1499,5,Worth the money,"Audio quality is average for this price. However, great value for money at this price. Plus, the connectivity is excellent. Pairs instantly and the connection never drops.",English,positive,sound;value_for_money;connectivity,sound:neutral;value_for_money:positive;connectivity:positive,Yes,0,2026-03-28,27
R01159,P03,Orbix M14,Orbix,Smartphone,10999,5,Good buy,"Loving the processing speed, it is amazing. No lag even with heavy games running. The fast charging is reliable. Fast charging really works as advertised. Also, the battery life is excellent. One charge gets me through two days of normal use. Overall very happy with the purchase.",English,positive,performance;charging;battery,performance:positive;charging:positive;battery:positive,Yes,15,2026-03-30,47
R01160,P07,Kelto SoundMax ANC,Kelto,Headphones,5999,5,Vaangalaam,"connectivity nalla irukku, no issues. udane pair aagudhu, connection drop aagave illa. kaasu ku worth.",Tanglish,positive,connectivity,connectivity:positive,Yes,5,2026-03-31,15
R01161,P04,Vanta X7 Pro,Vanta,Smartphone,32999,3,Fine for basic use,"Got this during a sale. Photo quality is really fantastic, very happy with it. But the battery is bad. Drains completely by evening.",English,neutral,camera;battery,camera:positive;battery:negative,No,0,2026-04-01,23
R01162,P15,Steelo Cookware Set (5 pcs),Steelo,Kitchen,3299,1,Poor quality,Using it daily for two days. Honestly the styling is below average for this price. The handle design is awkward. Thinking of returning it.,English,negative,design,design:negative,Yes,17,2026-04-01,24
R01163,P15,Steelo Cookware Set (5 pcs),Steelo,Kitchen,3299,5,Worth it bro,Online la vaangunen. Intha price ku semma product.,Tanglish,positive,value_for_money,value_for_money:positive,Yes,0,2026-04-02,8
R01164,P18,Zyra Band 5,Zyra,Fitness Band,2499,5,Worth it bro,"App romba nalla irukku, worth it. App simple ah irukku, sync seekiram aagudhu. Adhoda fit vera level, price ku nalla irukku.",Tanglish,positive,app;comfort,app:positive;comfort:positive,Yes,3,2026-04-02,21
R01165,P15,Steelo Cookware Set (5 pcs),Steelo,Kitchen,3299,5,Superb quality,Been using it for two days now. The cleaning is superb. Non-stick coating cleans up in seconds.,English,positive,cleaning,cleaning:positive,No,6,2026-04-03,17
R01166,P15,Steelo Cookware Set (5 pcs),Steelo,Kitchen,3299,5,Highly recommended,"Ordered this as a gift for my brother. Ease of cleaning is really impressive, very happy with it. Also, customer support resolved my query the same day. Go for it without a second thought.",English,positive,cleaning;customer_service,cleaning:positive;customer_service:positive,Yes,10,2026-04-03,34
R01167,P03,Orbix M14,Orbix,Smartphone,10999,3,Fine for basic use,"Support was okay, nothing special. Fine, but there might be better options.",English,neutral,customer_service,customer_service:neutral,Yes,1,2026-04-04,12
R01168,P05,Sonaro BassPro 300,Sonaro,Headphones,1999,5,Super ah irukku,"fit romba nalla irukku, worth it. romba light ah, fit um nalla irukku.",Tanglish,positive,comfort,comfort:positive,No,3,2026-04-04,13
R01169,P12,Kelto Gamer 16,Kelto,Laptop,72999,5,Worth it bro,"Gift ku vaangunen, ippo use pannitu irukken. Battery semma-ya irukku. Oru full day thaanga romba easy ah irukku. Kaasu ku worth.",Tanglish,positive,battery,battery:positive,Yes,3,2026-04-04,21
R01170,P05,Sonaro BassPro 300,Sonaro,Headphones,1999,3,Fine for basic use,"Overpriced for what you get. But the connectivity turned out superb. Range is great, works across rooms. Wait for a discount before buying.",English,neutral,value_for_money;connectivity,value_for_money:negative;connectivity:positive,No,4,2026-04-05,23
R01171,P15,Steelo Cookware Set (5 pcs),Steelo,Kitchen,3299,5,Good buy,Bought this five months ago. The support team was very helpful.,English,positive,customer_service,customer_service:positive,Yes,1,2026-04-05,11
R01172,P18,Zyra Band 5,Zyra,Fitness Band,2499,5,Semma product,"gift ku vaangunen, ippo use pannitu irukken. companion app semma-ya irukku. app simple ah irukku, sync seekiram aagudhu. overall worth it, recommend pannalaam.",Tanglish,positive,app,app:positive,Yes,3,2026-04-05,23
R01173,P09,Zephyr Air 14,Zephyr,Laptop,54999,4,Happy with this,"bought this a week ago. performance is really terrible, quite disappointed. however, the screen turned out very good. loving the build, it is fantastic.",English,positive,performance;display;build,performance:negative;display:positive;build:positive,Yes,2,2026-04-06,24
R01174,P15,Steelo Cookware Set (5 pcs),Steelo,Kitchen,3299,2,"Okay, not great","Ease of cleaning is neither great nor bad. Fine, but there might be better options.",English,neutral,cleaning,cleaning:neutral,Yes,4,2026-04-06,15
R01175,P17,FitPulse S2 Band,FitPulse,Fitness Band,1999,3,Vaangalaam,"screen quality avlo nalla illa. aana pa, sonna naal ku munnadiye vandhuduthu. aprm battery life nalla irukku, no issues. kaasu ku worth",Tanglish,positive,display;delivery;battery,display:negative;delivery:positive;battery:positive,Yes,2,2026-04-06,22
R01176,P03,Orbix M14,Orbix,Smartphone,10999,5,Very satisfied,Great value for money at this price.,English,positive,value_for_money,value_for_money:positive,Yes,2,2026-04-07,7
R01177,P03,Orbix M14,Orbix,Smartphone,10999,1,Not worth it,Upgraded from my old one. The battery turned out awful. Had to charge it twice a day. Support kept giving generic replies. Would not recommend.,English,negative,battery;customer_service,battery:negative;customer_service:negative,Yes,2,2026-04-08,25
R01178,P04,Vanta X7 Pro,Vanta,Smartphone,32999,3,Mixed feelings,"Got this during a sale. Support was okay, nothing special. Fine, but there might be better options.",English,neutral,customer_service,customer_service:neutral,No,16,2026-04-08,17
R01179,P05,Sonaro BassPro 300,Sonaro,Headphones,1999,5,Worth it bro,"Friend recommend pannaan, vaangunen. Fit semma-ya irukku.",Tanglish,positive,comfort,comfort:positive,Yes,2,2026-04-08,7
R01180,P17,FitPulse S2 Band,FitPulse,Fitness Band,1999,5,Kaasu ku worth,"Sale la vaangunen. Customer care udane help pannaanga. Adhoda battery life romba nalla irukku, worth it. Adhoda screen quality romba nalla irukku, worth it. Confirm ah vaangalaam.",Tanglish,positive,customer_service;battery;display,customer_service:positive;battery:positive;display:positive,Yes,2,2026-04-08,27
R01181,P03,Orbix M14,Orbix,Smartphone,10999,1,Expected better,Upgraded from my old one. The battery is below average. Battery drops fast even when idle. The processing speed is below average.,English,negative,battery;performance,battery:negative;performance:negative,Yes,4,2026-04-09,22
R01182,P03,Orbix M14,Orbix,Smartphone,10999,5,Great product,"Bouhgt this a week ago. Loving the screen quality, it is very good. Scrolling feels buttery smooth. The photo quality turned out excellent. Low light shots are surprisingly clear. Overall very happy with the purchase.",English,positive,display;camera,display:positive;camera:positive,Yes,17,2026-04-09,35
R01183,P05,Sonaro BassPro 300,Sonaro,Headphones,1999,4,Highly recommended,"The battery backup is okay, nothing special. Also, connectivity is neither great nor bad. But arrived a day early and well packed. Overall very happy with the purchase. 👍",English,positive,battery;connectivity;delivery,battery:neutral;connectivity:neutral;delivery:positive,Yes,0,2026-04-09,29
R01184,P04,Vanta X7 Pro,Vanta,Smartphone,32999,5,Very satisfied,The overall speed is fantastic. The photo quality is superb. Daylight photos come out sharp with great colors. Would buy again.,English,positive,performance;camera,performance:positive;camera:positive,Yes,1,2026-04-12,21
R01185,P15,Steelo Cookware Set (5 pcs),Steelo,Kitchen,3299,2,Waste of money,"Rendu vaaram use pannitu review podren. Build quality waste, expect pannadhu kedaikala. Aana pa, cleaning paravala, oru alavuku fine. Paisa waste.",Tanglish,negative,build;cleaning,build:negative;cleaning:neutral,Yes,0,2026-04-13,21
R01186,P15,Steelo Cookware Set (5 pcs),Steelo,Kitchen,3299,3,Fine for basic use,"Ordered this as a gift for my brother. Loving the cleaning, it is amazing. But not worth the price at all. That said, styling is avreage for this price",English,neutral,cleaning;value_for_money;design,cleaning:positive;value_for_money:negative;design:neutral,Yes,3,2026-04-13,29
R01187,P03,Orbix M14,Orbix,Smartphone,10999,3,Mixed feelings,"Upgraded from my old one. The camera quality turned out superb. However, honestly the battery is below average for this price. Had to charge it twice a day. Okay for basic use",English,neutral,camera;battery,camera:positive;battery:negative,Yes,1,2026-04-14,32
R01188,P03,Orbix M14,Orbix,Smartphone,10999,4,Average product,"Ordered this as a gift for my brother. Sadly the charging speed is awful. But honestly the overall speed is fantastic for this price. Apps open instantly and multitasking is smooth. Decent for the price, nothing special.",English,neutral,charging;performance,charging:negative;performance:positive,Yes,6,2026-04-15,37
R01189,P15,Steelo Cookware Set (5 pcs),Steelo,Kitchen,3299,1,Waste of money,"Using it daily for a week. Not worth the price at all. However, the fiinsh is okay, nothing special. Would not recommend",English,negative,value_for_money;build,value_for_money:negative;build:neutral,Yes,2,2026-04-15,22
R01190,P03,Orbix M14,Orbix,Smartphone,10999,2,Decent for the price,"The photo quality is decent but not outstanding. Decent for the price, nothing special.",English,neutral,camera,camera:neutral,Yes,4,2026-04-16,14
R01191,P15,Steelo Cookware Set (5 pcs),Steelo,Kitchen,3299,1,Disappointing build quality,Upgraded from my old one. Honestly the build quality is terrible for this price. Save your money.,English,negative,build,build:negative,Yes,1,2026-04-17,17
R01192,P15,Steelo Cookware Set (5 pcs),Steelo,Kitchen,3299,3,Could be better,"Got this during a sale. Cleaning is really great, very happy with it. That said, customer service was unhelpful and never replied properly. Decent for the price, nothing special.",English,neutral,cleaning;customer_service,cleaning:positive;customer_service:negative,Yes,5,2026-04-17,29
R01193,P07,Kelto SoundMax ANC,Kelto,Headphones,5999,5,Super ah irukku,"friend recommend pannaan, vaangunen. anc semma-ya irukku. on pannina veliya sound kekkave illa. sound quality semma-ya irukku. bass vera level, vocals um clear ah irukku. adhoda connectivity vera level, price ku nalla irukku. udane pair aagudhu, connection drop aagave illa.",Tanglish,positive,noise_cancellation;sound;connectivity,noise_cancellation:positive;sound:positive;connectivity:positive,Yes,1,2026-04-19,40
R01194,P15,Steelo Cookware Set (5 pcs),Steelo,Kitchen,3299,5,Romba nalla irukku,cleanup super ah work aagudhu. clean pannradhu romba easy. adhoda support team romba helpful.,Tanglish,positive,cleaning;customer_service,cleaning:positive;customer_service:positive,Yes,4,2026-04-19,14
R01195,P15,Steelo Cookware Set (5 pcs),Steelo,Kitchen,3299,1,Waste of money,Build avlo nalla illa. Paisa waste.,Tanglish,negative,build,build:negative,Yes,4,2026-04-19,6
R01196,P03,Orbix M14,Orbix,Smartphone,10999,5,Highly recommended,Honestly the battery life is very good for this price. One charge gets me through two days of normal use.,English,positive,battery,battery:positive,No,5,2026-04-21,20
R01197,P08,Tunex Neckband Z,Tunex,Headphones,1499,4,Great comfort,"The comfort turned out solid. Light enough to wear for hours without any pain. However, the audio quality is decent but not outstanding.",English,positive,comfort;sound,comfort:positive;sound:neutral,Yes,0,2026-04-21,23
R01198,P15,Steelo Cookware Set (5 pcs),Steelo,Kitchen,3299,4,Highly recommended,"Got this during a sale. Price is fair, neither cheap nor expensive. However, the cleanup is superb. Non-stick coating cleans up in seconds. Also, the support team was very helpful.",English,positive,value_for_money;cleaning;customer_service,value_for_money:neutral;cleaning:positive;customer_service:positive,Yes,6,2026-04-22,30
R01199,P18,Zyra Band 5,Zyra,Fitness Band,2499,3,Average than,"Moonu maasam use pannitu review podren. App connectivity super ah work aagudhu. App simple ah irukku, sync seekiram aagudhu. Aana battery okay okay, average than. Anaalum tracking romba mosam. Basic use ku fine.",Tanglish,neutral,app;battery;tracking,app:positive;battery:neutral;tracking:negative,Yes,0,2026-04-22,33
R01200,P03,Orbix M14,Orbix,Smartphone,10999,5,Super ah irukku,"Gift ku vaangunen, ippo use pannitu irukken. Kaasu ku ettha value.",Tanglish,positive,value_for_money,value_for_money:positive,Yes,0,2026-04-23,11
R01201,P04,Vanta X7 Pro,Vanta,Smartphone,32999,1,Romba mosam,sale la vaangunen. screen romba mosam. idhukku vera product vaangalaam,Tanglish,negative,display,display:negative,Yes,3,2026-04-24,10
R01202,P15,Steelo Cookware Set (5 pcs),Steelo,Kitchen,3299,5,Vaangalaam,"Oru maasam use pannitu review podren. Customer care udane help pannaanga. Overall worth it, recommend pannalaam.",Tanglish,positive,customer_service,customer_service:positive,Yes,3,2026-04-24,16
R01203,P15,Steelo Cookware Set (5 pcs),Steelo,Kitchen,3299,5,Super ah irukku,Sale la vaangunen. Finish semma-ya irukku. Confirm ah vaangalaam. 😍,Tanglish,positive,build,build:positive,Yes,2,2026-04-24,10
R01204,P17,FitPulse S2 Band,FitPulse,Fitness Band,1999,3,Decent for the price,"Upgraded from my old one. App is really superb, very happy with it. That said, sadly the screen is below average. Noticed slight backlight bleed near the edges.",English,neutral,app;display,app:positive;display:negative,Yes,2,2026-04-24,28
R01205,P17,FitPulse S2 Band,FitPulse,Fitness Band,1999,2,Waste of money,Got this during a sale. Sadly the battery is terrible. Battery drops fast even when idle. Expected much better for the price.,English,negative,battery,battery:negative,Yes,0,2026-04-24,22
R01206,P04,Vanta X7 Pro,Vanta,Smartphone,32999,3,Does the job,"Support kept giving generic replies. However, honestly the overall speed is excellent for this price. Fine, but there might be better options.",English,neutral,customer_service;performance,customer_service:negative;performance:positive,Yes,3,2026-04-25,22
R01207,P05,Sonaro BassPro 300,Sonaro,Headphones,1999,1,Disappointed,oru vaaram use pannitu review podren. paisa waste-nu thonudhu,Tanglish,negative,value_for_money,value_for_money:negative,Yes,5,2026-04-25,9
R01208,P05,Sonaro BassPro 300,Sonaro,Headphones,1999,3,Okay okay,"Sale la vaangunen. Battery avlo nalla illa. Oru naalaikku rendu thadava charge pannanum. Aana pa, wearing comfort super ah work aagudhu. Romba light ah, fit um nalla irukku. Discount la vaangina worth.",Tanglish,neutral,battery;comfort,battery:negative;comfort:positive,Yes,8,2026-04-25,32
R01209,P03,Orbix M14,Orbix,Smartphone,10999,1,Disappointed,Sale la vaangunen. Display avlo nalla illa. Veyilla screen paakave mudiyala. Return pannalaam nu irukken.,Tanglish,negative,display,display:negative,Yes,1,2026-04-26,15
R01210,P13,Zyra QuickBlend 500W Mixer Grinder,Zyra,Kitchen,2499,1,Disappointing cleanup,Been using it for two weeks now. Honestly the ease of cleaning is below average for this price. Expected much better for the price.,English,negative,cleaning,cleaning:negative,Yes,2,2026-04-27,24
R01211,P15,Steelo Cookware Set (5 pcs),Steelo,Kitchen,3299,5,Super ah irukku,rendu vaaram use pannitu review podren. support team romba helpful. adhoda intha price ku semma product. kaasu ku worth.,Tanglish,positive,customer_service;value_for_money,customer_service:positive;value_for_money:positive,Yes,5,2026-04-27,19
R01212,P01,Zyra Nova 5G,Zyra,Smartphone,14999,5,Value for money,"Got this during a sale. Performance is really solid, very happy with it. Would buy again. 😍",English,positive,performance,performance:positive,Yes,4,2026-04-28,17
R01213,P03,Orbix M14,Orbix,Smartphone,10999,4,Great battery life,"The support team was very helpful. Battery backup is really superb, very happy with it. However, the fast charging turned out underwhelming. The fast charging claim feels exaggerated. Worth every rupee.",English,positive,customer_service;battery;charging,customer_service:positive;battery:positive;charging:negative,No,6,2026-04-29,31
R01214,P15,Steelo Cookware Set (5 pcs),Steelo,Kitchen,3299,1,Bad styling,Upgraded from my old one. Honestly the design is disappointing for this price. Looks nice in photos but dated in person. But priced about right for what it offers. Expected much better for the price.,English,negative,design;value_for_money,design:negative;value_for_money:neutral,Yes,14,2026-04-29,35
R01215,P15,Steelo Cookware Set (5 pcs),Steelo,Kitchen,3299,2,Not as expected,"Spuport was okay, nothing special. However, the overall design is poor. The handle design is awkward. Regret buying this.",English,negative,customer_service;design,customer_service:neutral;design:negative,Yes,1,2026-04-29,19
R01216,P18,Zyra Band 5,Zyra,Fitness Band,2499,1,Disappointing app,Sadly the companion app is awful.,English,negative,app,app:negative,No,1,2026-04-29,6
R01217,P08,Tunex Neckband Z,Tunex,Headphones,1499,3,Price ku okay,"Gift ku vaangunen, ippo use pannitu irukken. Battery life semma-ya irukku. Aana pa, audio quality konjam problem ah irukku. Aana pa, connectivity paravala, oru alavuku fine. Basic use ku fine.",Tanglish,neutral,battery;sound;connectivity,battery:positive;sound:negative;connectivity:neutral,Yes,4,2026-04-30,30
R01218,P04,Vanta X7 Pro,Vanta,Smartphone,32999,4,Loved it,"Performance is really superb, very happy with it.",English,positive,performance,performance:positive,Yes,0,2026-05-02,8
R01219,P19,Vanta Watch Active,Vanta,Fitness Band,4999,3,Mixed feelings,"Honestly the tracking is impressive for this price. Sleep tracking gives useful details. However, honestly the screen is disappointing for this price. Colors look dull and washed out.",English,neutral,tracking;display,tracking:positive;display:negative,No,2,2026-05-02,28
R01220,P04,Vanta X7 Pro,Vanta,Smartphone,32999,3,Highly recommended,"Bought this five months ago. Honestly the charging is impressive for this price. Fast charging really works as advertised. However, sadly the camera is below average. Autofocus keeps hunting and pictures come out blurry. That said, delivery was quick and the packaging was neat.",English,positive,charging;camera;delivery,charging:positive;camera:negative;delivery:positive,Yes,0,2026-05-03,44
R01221,P04,Vanta X7 Pro,Vanta,Smartphone,32999,1,Ethirpaartha alavuku illa,"gift ku vaangunen, ippo use pannitu irukken. charging avlo nalla illa. idhukku vera product vaangalaam.",Tanglish,negative,charging,charging:negative,Yes,5,2026-05-04,15
R01222,P05,Sonaro BassPro 300,Sonaro,Headphones,1999,5,Great sound,"The sound is reliable. Also, the fit turned out superb. Light enough to wear for hours without any pain.",English,positive,sound;comfort,sound:positive;comfort:positive,Yes,9,2026-05-04,19
R01223,P15,Steelo Cookware Set (5 pcs),Steelo,Kitchen,3299,5,Romba nalla irukku,"gift ku vaangunen, ippo use pannitu irukken. customer care udane help pannaanga. aprm finish vera level, price ku nalla irukku. overall design nalla irukku, no issues. paakave stylish ah irukku, kitchen ku set aagudhu. overall worth it, recommend pannalaam.",Tanglish,positive,customer_service;build;design,customer_service:positive;build:positive;design:positive,Yes,33,2026-05-04,39
R01224,P03,Orbix M14,Orbix,Smartphone,10999,3,Does the job,"Not worth the price at all. But honestly the overall speed is great for this price. However, the fast charging is decent but not outstanding. Wait for a discount before buying.",English,neutral,value_for_money;performance;charging,value_for_money:negative;performance:positive;charging:neutral,No,4,2026-05-05,31
R01225,P05,Sonaro BassPro 300,Sonaro,Headphones,1999,1,Bad connectivity,Been using it for three months now. The bluetooth conenctivity is terrible. Pairing takes forever every single time 😡,English,negative,connectivity,connectivity:negative,Yes,4,2026-05-05,19
R01226,P05,Sonaro BassPro 300,Sonaro,Headphones,1999,3,"Okay, not great","Bought this five months ago. Loving the connectivity, it is great. However, fit is neither great nor bad. But support kept giving generic replies. Fine, but there might be better options.",English,neutral,connectivity;comfort;customer_service,connectivity:positive;comfort:neutral;customer_service:negative,Yes,1,2026-05-05,31
R01227,P04,Vanta X7 Pro,Vanta,Smartphone,32999,1,Waste of money,"Charging speed waste, expect pannadhu kedaikala.",Tanglish,negative,charging,charging:negative,No,4,2026-05-06,6
R01228,P03,Orbix M14,Orbix,Smartphone,10999,2,Paisa waste,Sale la vaangunen. Overall speed konjam problem ah irukku. Romba heat aagi slow aagiduthu. Adhoda paisa waste-nu thonudhu. Idhukku vera product vaangalaam.,Tanglish,negative,performance;value_for_money,performance:negative;value_for_money:negative,Yes,14,2026-05-07,22
R01229,P04,Vanta X7 Pro,Vanta,Smartphone,32999,5,Superb quality,"You get a lot for the money. Also, the support team was very helpful. Plus, deilvery was quick and the packaging was neat. 👍",English,positive,value_for_money;customer_service;delivery,value_for_money:positive;customer_service:positive;delivery:positive,Yes,3,2026-05-07,24
R01230,P17,FitPulse S2 Band,FitPulse,Fitness Band,1999,2,Okay okay,"Battery backup nalla irukku, no issues. Oru full day thaanga romba easy ah irukku. Aana tracking accuracy konjam problem ah irukku. Steps count thappa kaattudhu.",Tanglish,neutral,battery;tracking,battery:positive;tracking:negative,Yes,0,2026-05-07,25
R01231,P05,Sonaro BassPro 300,Sonaro,Headphones,1999,5,Excellent battery life,Been using it for two days now. The battery backup is excellent,English,positive,battery,battery:positive,Yes,1,2026-05-08,12
R01232,P05,Sonaro BassPro 300,Sonaro,Headphones,1999,4,Worth the money,"Upgraded from my old one. Honestly the wearing comfort is amazing for this price. The sound is solid. Plus, honestly the connectivity is superb for this price.",English,positive,comfort;sound;connectivity,comfort:positive;sound:positive;connectivity:positive,Yes,4,2026-05-09,27
R01233,P15,Steelo Cookware Set (5 pcs),Steelo,Kitchen,3299,4,Does the job,"Ordered this as a gift for my brother. Overall design is neither great nor bad. But honestly the build quality is bad for this price. Plastic feels cheap and creaks when pressed. However, delivery was quick and the packaging was neat.",English,neutral,design;build;delivery,design:neutral;build:negative;delivery:positive,Yes,6,2026-05-09,41
R01234,P15,Steelo Cookware Set (5 pcs),Steelo,Kitchen,3299,3,Could be better,"Sadly the overall design is terrible. The handle design is awkward. However, delivery was quick and the packaging was neat. Decent for the price, nothing special.",English,neutral,design;delivery,design:negative;delivery:positive,Yes,2,2026-05-09,26
R01235,P04,Vanta X7 Pro,Vanta,Smartphone,32999,4,Average product,"The support team was very helpful. However, screen quality is really disappointing, quite disappointed. Decent for the price, nothnig special.",English,neutral,customer_service;display,customer_service:positive;display:negative,Yes,1,2026-05-10,20
R01236,P15,Steelo Cookware Set (5 pcs),Steelo,Kitchen,3299,5,Good buy,Using it daily for five months. Honestly the cleanup is excellent for this price. Non-stick coating cleans up in seconds.,English,positive,cleaning,cleaning:positive,Yes,8,2026-05-10,20
R01237,P15,Steelo Cookware Set (5 pcs),Steelo,Kitchen,3299,4,Value for money,"Using it daily for a month. Loving the build quality, it is superb. Plus, the cleanup turned out impressive. Parts are easy to wipe down and wash. Overall very happy with the purchase!!!",English,positive,build;cleaning,build:positive;cleaning:positive,Yes,1,2026-05-10,33
R01238,P05,Sonaro BassPro 300,Sonaro,Headphones,1999,5,Great audio quality,"Loving the sound, it is impressive. Clear highs and a well balanced sound signature. Plus, the support team was very helpful. Plus, comfort is really excellent, very happy with it. Would buy again",English,positive,sound;customer_service;comfort,sound:positive;customer_service:positive;comfort:positive,No,0,2026-05-12,33
R01239,P03,Orbix M14,Orbix,Smartphone,10999,1,Expected better,"Ordered this as a gift for my brother. The charging speed is below average. Plus, the battery life turned out terrible. Battery drops fast even when idle. Save your money.",English,negative,charging;battery,charging:negative;battery:negative,Yes,5,2026-05-13,30
R01240,P03,Orbix M14,Orbix,Smartphone,10999,5,Excellent battery life,"Battery is really superb, very happy with it. One charge gets me through two days of normal use. Also, arrived a day early and well packed. Worth every rupee.",English,positive,battery;delivery,battery:positive;delivery:positive,Yes,3,2026-05-13,29
R01241,P05,Sonaro BassPro 300,Sonaro,Headphones,1999,4,Semma product,"fit super ah work aagudhu. romba light ah, fit um nalla irukku. anaalum sound normal ah irukku, special ah onnum illa. romba santhosham.",Tanglish,positive,comfort;sound,comfort:positive;sound:neutral,Yes,1,2026-05-14,23
R01242,P17,FitPulse S2 Band,FitPulse,Fitness Band,1999,3,Average product,"Purchased on a friend's suggestion. Sadly the screen is underwhelming. However, honestly the app is great for this price. Wait for a discount before buying.",English,neutral,display;app,display:negative;app:positive,Yes,1,2026-05-14,25
R01243,P03,Orbix M14,Orbix,Smartphone,10999,1,Romba mosam,idha vida kammi price la nalla options irukku. idhukku vera product vaangalaam.,Tanglish,negative,value_for_money,value_for_money:negative,Yes,6,2026-05-15,12
R01244,P04,Vanta X7 Pro,Vanta,Smartphone,32999,3,Do not buy,"Battery backup is fine, does the job. However, the screen turned out bad. Noticed slight backlight bleed near the edges. Thinking of returning it.",English,negative,battery;display,battery:neutral;display:negative,Yes,3,2026-05-16,24
R01245,P05,Sonaro BassPro 300,Sonaro,Headphones,1999,3,Semma product,"Gift ku vaangunen, ippo use pannitu irukken. Pairing vera level, price ku nalla irukku. Aprm intha price ku semma product.",Tanglish,positive,connectivity;value_for_money,connectivity:positive;value_for_money:positive,Yes,2,2026-05-16,20
R01246,P17,FitPulse S2 Band,FitPulse,Fitness Band,1999,5,Happy with this,"Been using it for five months now. Loving the screen quality, it is reliable. Worth every rupee.",English,positive,display,display:positive,Yes,3,2026-05-16,17
R01247,P04,Vanta X7 Pro,Vanta,Smartphone,32999,3,Average product,ordered this as a gift for my brother. the camera is impressive. low light shots are surprisingly clear. but honestly the screen quality is terrible for this price. hard to read under sunlight. wait for a discount before buying.,English,neutral,camera;display,camera:positive;display:negative,Yes,11,2026-05-17,39
R01248,P15,Steelo Cookware Set (5 pcs),Steelo,Kitchen,3299,3,Semma product,"cleaning okay okay, average than. aana build quality romba nalla irukku, worth it. build romba strong ah, premium feel irukku.",Tanglish,positive,cleaning;build,cleaning:neutral;build:positive,Yes,1,2026-05-17,20
R01249,P17,FitPulse S2 Band,FitPulse,Fitness Band,1999,3,Very satisfied,"Sadly the display is awful. But arrived a day early and well packed. Plus, great value for money at this price. Overall very happy with the purchase.",English,positive,display;delivery;value_for_money,display:negative;delivery:positive;value_for_money:positive,Yes,0,2026-05-18,27
R01250,P03,Orbix M14,Orbix,Smartphone,10999,4,Fine for basic use,"The fast charging is poor. The fast charging claim feels exaggerated. However, loving the screen quality, it is great. Viewing angles are great and text is sharp. Fine, but there might be better options.",English,neutral,charging;display,charging:negative;display:positive,No,6,2026-05-20,34
R01251,P18,Zyra Band 5,Zyra,Fitness Band,2499,5,Worth the money,"Ordered this as a gift for my brother. Loving the step tracking, it is amazing. Definitely recommend it.",English,positive,tracking,tracking:positive,Yes,5,2026-05-20,18
R01252,P15,Steelo Cookware Set (5 pcs),Steelo,Kitchen,3299,4,Does the job,"Been using it for a month now. Loving the finish, it is solid. Solid body with no creaks or flex. That said, the design turned out bad. Fine, but there might be better options.",English,neutral,build;design,build:positive;design:negative,No,1,2026-05-22,34
R01253,P03,Orbix M14,Orbix,Smartphone,10999,4,Semma product,"Overall speed vera level, price ku nalla irukku. Games kooda smooth ah odudhu. Romba santhosham.",Tanglish,positive,performance,performance:positive,Yes,2,2026-05-23,15
R01254,P02,Kelto Pixel Lite,Kelto,Smartphone,21999,3,Could be better,"Sadly the performance is terrible. Heats up and slows down after some time. That said, loving the battery, it is great. Barely drops overnight on standby.",English,neutral,performance;battery,performance:negative;battery:positive,Yes,4,2026-05-25,26
R01255,P15,Steelo Cookware Set (5 pcs),Steelo,Kitchen,3299,3,Mixed feelings,"Styling is really awful, quite disappointed. However, the ease of cleaning turned out solid. Wait for a discount before buying.",English,neutral,design;cleaning,design:negative;cleaning:positive,No,10,2026-05-26,20
R01256,P03,Orbix M14,Orbix,Smartphone,10999,3,Average than,"Gift ku vaangunen, ippo use pannitu irukken. Price paravala, average than. Basic use ku fine.",Tanglish,neutral,value_for_money,value_for_money:neutral,Yes,0,2026-05-27,15
R01257,P15,Steelo Cookware Set (5 pcs),Steelo,Kitchen,3299,3,Does the job,"Bought this five months ago. The ease of cleaning is very good. Parts are easy to wipe down and wash. However, the build quality turned out frustrating. Plastic feels cheap and creaks when pressed.",English,neutral,cleaning;build,cleaning:positive;build:negative,Yes,0,2026-05-28,34
R01258,P04,Vanta X7 Pro,Vanta,Smartphone,32999,2,Waste of money,"Charging romba nalla irukku, worth it. Aana processing speed konjam problem ah irukku. Romba heat aagi slow aagiduthu. Adhoda screen quality konjam problem ah irukku. Colour dull ah theriyudhu. Vaanga vendam nu solluven 👎",Tanglish,negative,charging;performance;display,charging:positive;performance:negative;display:negative,Yes,16,2026-05-29,34
R01259,P04,Vanta X7 Pro,Vanta,Smartphone,32999,1,Disappointing display,Honestly the screen quality is disappointing for this price. Noticed slight backlight bleed near the edges.,English,negative,display,display:negative,Yes,1,2026-05-29,16
R01260,P04,Vanta X7 Pro,Vanta,Smartphone,32999,5,Very satisfied,Using it daily for a week. Honestly the charging speed is superb for this price. Charges from 0 to 100 in under an hour. Worth every rupee!!,English,positive,charging,charging:positive,Yes,5,2026-05-29,27
R01261,P05,Sonaro BassPro 300,Sonaro,Headphones,1999,4,Value for money,"The sound quality is reliable. Also, the battery life truned out excellent. One charge gets me through two days of normal use. Fit is really reliable, very happy with it. Worth every rupee.",English,positive,sound;battery;comfort,sound:positive;battery:positive;comfort:positive,Yes,11,2026-05-30,33
R01262,P08,Tunex Neckband Z,Tunex,Headphones,1499,4,Superb fit,"Honestly the comfort is great for this price. Light enough to wear for hours without any pain. However, sadly the pairing is disappointing. Audio lags behind video. That said, battery backup is really excellent, very happy with it. Worth every rupee.",English,positive,comfort;connectivity;battery,comfort:positive;connectivity:negative;battery:positive,Yes,16,2026-05-30,41
R01263,P15,Steelo Cookware Set (5 pcs),Steelo,Kitchen,3299,4,Value for money,"been using it for three months now. cleaning is really reliable, very happy with it. overall very happy with the purchase.",English,positive,cleaning,cleaning:positive,Yes,6,2026-05-30,21
R01264,P03,Orbix M14,Orbix,Smartphone,10999,2,Disappointed,"gift ku vaangunen, ippo use pannitu irukken. battery life okay okay, average than. aana camera romba mosam.",Tanglish,negative,battery;camera,battery:neutral;camera:negative,No,0,2026-05-31,17
R01265,P01,Zyra Nova 5G,Zyra,Smartphone,14999,3,Price ku okay,"Friend recommend pannaan, vaangunen. Charging konjam problem ah irukku. Charge pannumbodhu romba heat aagudhu. Aana pa, battery backup vera level, price ku nalla irukku",Tanglish,neutral,charging;battery,charging:negative;battery:positive,Yes,2,2026-06-01,24
R01266,P15,Steelo Cookware Set (5 pcs),Steelo,Kitchen,3299,4,Price ku okay,"oru vaaram use pannitu review podren. cleaning romba nalla irukku, worth it. clean pannradhu romba easy. anaalum customer care reply-ye panala. basic use ku fine.",Tanglish,neutral,cleaning;customer_service,cleaning:positive;customer_service:negative,Yes,1,2026-06-01,25
R01267,P02,Kelto Pixel Lite,Kelto,Smartphone,21999,5,Happy with this,"Screen quality is really amazing, very happy with it. Would buy again!!",English,positive,display,display:positive,Yes,2,2026-06-02,12
R01268,P03,Orbix M14,Orbix,Smartphone,10999,3,Average product,"got this during a sale. support was okay, nothing special. decent for the price, nothing special.",English,neutral,customer_service,customer_service:neutral,Yes,3,2026-06-02,16
R01269,P03,Orbix M14,Orbix,Smartphone,10999,3,Romba nalla irukku,"Gift ku vaangunen, ippo use pannitu irukken. Charging speed avlo nalla illa. Charge pannumbodhu romba heat aagudhu. Aana pa, kaasu ku ettha value. Display semma-ya irukku. Romba santhosham!!",Tanglish,positive,charging;value_for_money;display,charging:negative;value_for_money:positive;display:positive,Yes,4,2026-06-02,28
R01270,P04,Vanta X7 Pro,Vanta,Smartphone,32999,5,Romba nalla irukku,"Overall speed romba nalla irukku, worth it. Apps udane open aagudhu, lag ae illa. Overall worth it, recommend pannalaam.",Tanglish,positive,performance,performance:positive,Yes,0,2026-06-02,19
R01271,P04,Vanta X7 Pro,Vanta,Smartphone,32999,5,Super ah irukku,"Processing speed vera level, price ku nalla irukku. Aprm kaasu ku ettha value. Fast charging vera level, price ku nalla irukku. Fast charging nijamave fast ah irukku.",Tanglish,positive,performance;value_for_money;charging,performance:positive;value_for_money:positive;charging:positive,Yes,1,2026-06-03,27
R01272,P15,Steelo Cookware Set (5 pcs),Steelo,Kitchen,3299,1,Not worth it,Overpriced for what you get. Would not recommend.,English,negative,value_for_money,value_for_money:negative,Yes,10,2026-06-03,8
R01273,P15,Steelo Cookware Set (5 pcs),Steelo,Kitchen,3299,3,Good buy,"Bought this a week ago. Sadly the finish is disappointing. But arrived a day early and well packed. Plus, the design is great. Colour and finish look really stylish. Go for it without a second thought.",English,positive,build;delivery;design,build:negative;delivery:positive;design:positive,No,12,2026-06-04,36
R01274,P17,FitPulse S2 Band,FitPulse,Fitness Band,1999,2,Poor quality,"Upgraded from my old one. Sadly the tracking is underwhelming. Step count is way off and counts steps while driving. Sadly the screen is awful. However, the battery backup is solid. Barely drops overnight on standby. Thinking of returning it.",English,negative,tracking;display;battery,tracking:negative;display:negative;battery:positive,Yes,13,2026-06-04,40
R01275,P04,Vanta X7 Pro,Vanta,Smartphone,32999,3,Decent for the price,"Using it daily for six weeks. Honestly the photo quality is poor for this price. Photos look washed out in low light. However, the charging speed turned out excellent. Quick top-ups save me every morning. Decent for the price, nothing special.",English,neutral,camera;charging,camera:negative;charging:positive,Yes,4,2026-06-05,41
R01276,P03,Orbix M14,Orbix,Smartphone,10999,1,Romba mosam,sale la vaangunen. camera quality avlo nalla illa.,Tanglish,negative,camera,camera:negative,Yes,0,2026-06-06,8
R01277,P04,Vanta X7 Pro,Vanta,Smartphone,32999,2,Vaanga vendam,"Online la vaangunen. Charging speed disappointing, ethirpaartha alavuku illa. Full charge aaga moonu mani neram aagudhu.",Tanglish,negative,charging,charging:negative,No,2,2026-06-06,16
R01278,P05,Sonaro BassPro 300,Sonaro,Headphones,1999,4,Poor battery,"Battery life is really frustrating, quite disappointed. Drains completely by evening. But the fit is excellent. But packaging was poor and delivery was late. Thinking of returning it.",English,negative,battery;comfort;delivery,battery:negative;comfort:positive;delivery:negative,Yes,0,2026-06-08,28
R01279,P03,Orbix M14,Orbix,Smartphone,10999,5,Good buy,"Display is really great, very happy with it. Scrolling feels buttery smooth. Worth every rupee.",English,positive,display,display:positive,Yes,2,2026-06-10,15
R01280,P03,Orbix M14,Orbix,Smartphone,10999,3,Excellent purchase,"Loving the overall speed, it is great. But the camera quality turned out disappointing. However, totally worth the price.",English,positive,performance;camera;value_for_money,performance:positive;camera:negative;value_for_money:positive,Yes,4,2026-06-10,19
R01281,P05,Sonaro BassPro 300,Sonaro,Headphones,1999,2,Poor quality,"Delivery took the usual time. That said, the battery turned out poor. Had to charge it twice a day. Save your money.",English,negative,delivery;battery,delivery:neutral;battery:negative,Yes,5,2026-06-11,22
R01282,P10,Orbix ProBook 15,Orbix,Laptop,45999,3,Decent for the price,Upgraded from my old one. The build quality is excellent. But honestly the performance is terrible for this price. Hangs randomly and needs a restart.,English,neutral,build;performance,build:positive;performance:negative,Yes,0,2026-06-12,25
R01283,P04,Vanta X7 Pro,Vanta,Smartphone,32999,5,Very satisfied,Honestly the screen is great for this price. Colors are vivid and it gets bright enough outdoors. Worth every rupee.,English,positive,display,display:positive,Yes,1,2026-06-13,20
R01284,P05,Sonaro BassPro 300,Sonaro,Headphones,1999,3,Great sound,"Purchased on a friend's suggestion. Honestly the sound quality is very good for this price. Also, the wearing comfort turned out reliable. That said, the battery is poor. Battery drops fast even when idle. Overall very happy with the purchase.",English,positive,sound;comfort;battery,sound:positive;comfort:positive;battery:negative,Yes,5,2026-06-13,40
R01285,P04,Vanta X7 Pro,Vanta,Smartphone,32999,4,Semma product,"Online la vaangunen. Battery backup romba nalla irukku, worth it. Oru charge la rendu naal odudhu. Kaasu ku worth.",Tanglish,positive,battery,battery:positive,Yes,0,2026-06-14,19
R01286,P05,Sonaro BassPro 300,Sonaro,Headphones,1999,5,Worth it bro,"sale la vaangunen. sound super ah work aagudhu. songs kekka romba rich ah irukku. adhoda wearing comfort vera level, price ku nalla irukku.",Tanglish,positive,sound;comfort,sound:positive;comfort:positive,Yes,1,2026-06-14,23
R01287,P15,Steelo Cookware Set (5 pcs),Steelo,Kitchen,3299,5,Good buy,Bought this two days ago. The finish turned out impressive. Feels sturdy and premium in hand. Overall very happy with the purchase!!!,English,positive,build,build:positive,Yes,6,2026-06-14,22
R01288,P03,Orbix M14,Orbix,Smartphone,10999,3,Loved it,Got this during a sale. Honestly the photo quality is great for this price. Portrait mode edge detection is very accurate. Overall very happy with the purchase.,English,positive,camera,camera:positive,Yes,5,2026-06-15,27
R01289,P15,Steelo Cookware Set (5 pcs),Steelo,Kitchen,3299,5,Great product,"Cleanup is really great, very happy with it. Non-stick coating cleans up in seconds. Also, totally worth the price. Would buy again.",English,positive,cleaning;value_for_money,cleaning:positive;value_for_money:positive,Yes,0,2026-06-15,22
R01290,P04,Vanta X7 Pro,Vanta,Smartphone,32999,3,Price ku okay,"Performance paravala, oru alavuku fine.",Tanglish,neutral,performance,performance:neutral,Yes,1,2026-06-16,5
R01291,P04,Vanta X7 Pro,Vanta,Smartphone,32999,5,Worth it bro,"Sale la vaangunen. Battery life romba nalla irukku, worth it.",Tanglish,positive,battery,battery:positive,Yes,2,2026-06-17,10
R01292,P03,Orbix M14,Orbix,Smartphone,10999,5,Worth the money,"You get a lot for the money. Also, the screen is amazing. Honestly the overall speed is solid for this price.",English,positive,value_for_money;display;performance,value_for_money:positive;display:positive;performance:positive,Yes,13,2026-06-20,21
R01293,P08,Tunex Neckband Z,Tunex,Headphones,1499,3,Average product,"Been using it for six weeks now. The pairing is okay, nothing special.",English,neutral,connectivity,connectivity:neutral,Yes,0,2026-06-20,13
R01294,P03,Orbix M14,Orbix,Smartphone,10999,1,Not worth it,Got this during a sale. Honestly the charging is frustrating for this price. The fast charging claim feels exaggerated.,English,negative,charging,charging:negative,Yes,10,2026-06-21,19
R01295,P03,Orbix M14,Orbix,Smartphone,10999,4,Excellent purchase,"Using it daily for two days. Charging is neither great nor bad. That said, honestly the battery life is great for this price. One charge gets me through two days of normal use. Go for it without a second thought.",English,positive,charging;battery,charging:neutral;battery:positive,Yes,13,2026-06-22,40
R01296,P03,Orbix M14,Orbix,Smartphone,10999,5,Loved it,Honestly the display is reliable for this price. Colors are vivid and it gets bright enough outdoors,English,positive,display,display:positive,Yes,4,2026-06-22,17
R01297,P15,Steelo Cookware Set (5 pcs),Steelo,Kitchen,3299,3,Average product,"Build is really awful, quite disappointed. That said, loving the overall design, it is superb. Colour and finish look really stylish. Decent for the price, nothing special.",English,neutral,build;design,build:negative;design:positive,Yes,0,2026-06-22,27
R01298,P03,Orbix M14,Orbix,Smartphone,10999,1,Ethirpaartha alavuku illa,"Fast charging disappointing, ethirpaartha alavuku illa. Full charge aaga moonu mani neram aagudhu.",Tanglish,negative,charging,charging:negative,Yes,0,2026-06-23,13
R01299,P05,Sonaro BassPro 300,Sonaro,Headphones,1999,3,Does the job,"Been using it for two days now. Loving the connectivity, it is fantastic. Switches between my phone and laptop smoothly. But sadly the battery is underwhelming. Fine, but there might be better options.",English,neutral,connectivity;battery,connectivity:positive;battery:negative,Yes,3,2026-06-23,33
R01300,P05,Sonaro BassPro 300,Sonaro,Headphones,1999,4,Semma product,"Sale la vaangunen. Comfort nalla irukku, no issues. Neram fulla pottukittu irundhaalum valikkave illa. Anaalum sound okay okay, average than.",Tanglish,positive,comfort;sound,comfort:positive;sound:neutral,Yes,0,2026-06-23,20
R01301,P15,Steelo Cookware Set (5 pcs),Steelo,Kitchen,3299,4,Loved it,"Got this during a sale. Build quality is really reliable, very happy with it. Solid body with no creaks or flex. Overall very happy with the purchase.",English,positive,build,build:positive,Yes,2,2026-06-23,27
R01302,P15,Steelo Cookware Set (5 pcs),Steelo,Kitchen,3299,5,Worth the money,Upgraded from my old one. The ease of cleaning is reliable. Parts are easy to wipe down and wash.,English,positive,cleaning,cleaning:positive,Yes,14,2026-06-23,19
R01303,P15,Steelo Cookware Set (5 pcs),Steelo,Kitchen,3299,4,Okay okay,"Friend recommend pannaan, vaangunen. Support team help pannala, waste. Aana pa, cleaning semma-ya irukku. Clean pannradhu romba easy. Discount la vaangina worth.",Tanglish,neutral,customer_service;cleaning,customer_service:negative;cleaning:positive,Yes,0,2026-06-24,22
R01304,P15,Steelo Cookware Set (5 pcs),Steelo,Kitchen,3299,1,Not worth it,The design turend out disappointing. Would not recommend.,English,negative,design,design:negative,Yes,2,2026-06-24,8
R01305,P15,Steelo Cookware Set (5 pcs),Steelo,Kitchen,3299,4,Okay okay,"friend recommend pannaan, vaangunen. cleaning super ah work aagudhu. non-stick nalla work aagudhu. aana box damage ah vandhuchu. basic use ku fine.",Tanglish,neutral,cleaning;delivery,cleaning:positive;delivery:negative,No,7,2026-06-24,22
R01306,P04,Vanta X7 Pro,Vanta,Smartphone,32999,5,Super ah irukku,"Processing speed nalla irukku, no issues. Aprm charging speed super ah work aagudhu. Overall worth it, recommend pannalaam",Tanglish,positive,performance;charging,performance:positive;charging:positive,Yes,7,2026-06-25,18
R01307,P05,Sonaro BassPro 300,Sonaro,Headphones,1999,5,Romba nalla irukku,"sound quality romba nalla irukku, worth it. bass vera level, vocals um clear ah irukku. kaasu ku worth.",Tanglish,positive,sound,sound:positive,Yes,7,2026-06-26,18
R01308,P20,Orbix Fit Lite,Orbix,Fitness Band,1299,5,Super ah irukku,"Sale la vaangunen. Step tracking vera level, price ku nalla irukku.",Tanglish,positive,tracking,tracking:positive,Yes,0,2026-06-26,11
R01309,P03,Orbix M14,Orbix,Smartphone,10999,3,Paravala,"battery backup normal ah irukku, special ah onnum illa. price ku okay, vera option irundha paarunga.",Tanglish,neutral,battery,battery:neutral,Yes,5,2026-06-27,16
R01310,P04,Vanta X7 Pro,Vanta,Smartphone,32999,1,Waste of money,"Sadly the battery backup is poor. Battery drops fast even when idle. Plus, the screen quality turned out bad. Colors look dull and washed out.",English,negative,battery;display,battery:negative;display:negative,Yes,1,2026-06-28,25
R01311,P05,Sonaro BassPro 300,Sonaro,Headphones,1999,4,Excellent audio quality,"The audio quality is reliable. That said, honestly the battery backup is frustrating for this price. That said, great value for money at this price. Overall very happy with the purchase.",English,positive,sound;battery;value_for_money,sound:positive;battery:negative;value_for_money:positive,No,5,2026-06-28,31
R01312,P04,Vanta X7 Pro,Vanta,Smartphone,32999,5,Worth it bro,"rendu naal use pannitu review podren. processing speed super ah work aagudhu. battery backup nalla irukku, no issues. oru charge la rendu naal odudhu. romba santhosham",Tanglish,positive,performance;battery,performance:positive;battery:positive,Yes,19,2026-06-29,26
R01313,P15,Steelo Cookware Set (5 pcs),Steelo,Kitchen,3299,4,Great finish,"The build quality is superb. Finish is excellent and it looks durable. Plus, delivery was quick and the packaging was neat. But the overall design turned out underwhelming",English,positive,build;delivery;design,build:positive;delivery:positive;design:negative,No,9,2026-06-30,28
R01314,P12,Kelto Gamer 16,Kelto,Laptop,72999,5,Semma product,"sale la vaangunen. build quality nalla irukku, no issues. build romba strong ah, premium feel irukku. overall speed super ah work aagudhu. games kooda smooth ah odudhu. anaalum keyboard paravala, oru alavuku fine. confirm ah vaangalaam",Tanglish,positive,build;performance;keyboard,build:positive;performance:positive;keyboard:neutral,Yes,7,2026-07-01,36
R01315,P03,Orbix M14,Orbix,Smartphone,10999,2,Not worth it,"Purchased on a friend's suggestion. The charging speed is awful. Plus, battery life is really terrible, quite disappointed. Battery drops fast even when idle. That said, the display turned out solid. Viewing angles are great and text is sharp.",English,negative,charging;battery;display,charging:negative;battery:negative;display:positive,Yes,9,2026-07-04,39
R01316,P03,Orbix M14,Orbix,Smartphone,10999,5,Worth the money,Bought this six weeks ago. Arrived a day early and well packed. The performance is excellent. Worth every rupee.,English,positive,delivery;performance,delivery:positive;performance:positive,Yes,0,2026-07-04,19
R01317,P08,Tunex Neckband Z,Tunex,Headphones,1499,2,Average product,"bought this a week ago. the wearing comfort is decent but not outstanding. but arrived a day early and well packed. that said, sadly the connectivity is awful. audio lags behind video.",English,neutral,comfort;delivery;connectivity,comfort:neutral;delivery:positive;connectivity:negative,Yes,14,2026-07-05,32
R01318,P15,Steelo Cookware Set (5 pcs),Steelo,Kitchen,3299,5,Worth it bro,"Cleanup vera level, price ku nalla irukku. Overall worth it, recommend pannalaam.",Tanglish,positive,cleaning,cleaning:positive,Yes,1,2026-07-05,12
R01319,P03,Orbix M14,Orbix,Smartphone,10999,2,"Okay, not great","Ordered this as a gift for my brother. Charging speed is really solid, very happy with it. Quick top-ups save me every morning. That said, the camera quality is terrible. Okay for basic use.",English,neutral,charging;camera,charging:positive;camera:negative,Yes,1,2026-07-06,34
R01320,P04,Vanta X7 Pro,Vanta,Smartphone,32999,5,Highly recommended,"Ordered this as a gift for my brother. Charging is neither great nor bad. But great value for money at this price. Plus, customer support resolved my query the same day!!!",English,positive,charging;value_for_money;customer_service,charging:neutral;value_for_money:positive;customer_service:positive,Yes,0,2026-07-06,31
R01321,P05,Sonaro BassPro 300,Sonaro,Headphones,1999,4,Kaasu ku worth,"Oru vaaram use pannitu review podren. Delivery fast ah vandhuchu, packing nalla irundhuchu. Aprm comfort nalla irukku, no issues. Neram fulla pottukittu irundhaalum valikkave illa.",Tanglish,positive,delivery;comfort,delivery:positive;comfort:positive,Yes,0,2026-07-07,25
R01322,P15,Steelo Cookware Set (5 pcs),Steelo,Kitchen,3299,5,Worth the money,"Purchased on a friend's suggestion. The build quality turned out fantastic. Finish is excellent and it looks durable. Also, the cleaning turned out impressive. Parts are easy to wipe down and wash. Overall very happy with the purchase",English,positive,build;cleaning,build:positive;cleaning:positive,Yes,6,2026-07-07,38
R01323,P18,Zyra Band 5,Zyra,Fitness Band,2499,5,Worth it bro,"gift ku vaangunen, ippo use pannitu irukken. battery normal ah irukku, special ah onnum illa. anaalum screen romba nalla irukku, worth it. scroll romba smooth ah irukku",Tanglish,positive,battery;display,battery:neutral;display:positive,Yes,2,2026-07-07,27
R01324,P05,Sonaro BassPro 300,Sonaro,Headphones,1999,3,Average than,"online la vaangunen. customer care udane help pannaanga. anaalum battery life disappointing, ethirpaartha alavuku illa",Tanglish,neutral,customer_service;battery,customer_service:positive;battery:negative,Yes,13,2026-07-08,15
R01325,P05,Sonaro BassPro 300,Sonaro,Headphones,1999,3,Mixed feelings,"Been using it for five months now. Bluetooth connectivity is fine, does the job. Wait for a discount before buying.",English,neutral,connectivity,connectivity:neutral,Yes,3,2026-07-08,20
R01326,P03,Orbix M14,Orbix,Smartphone,10999,3,Highly recommended,"The overall speed is decent but not outstanding. That said, loving the camera, it is superb. Low light shots are surprisingly clear. Definitely reocmmend it!!!",English,positive,performance;camera,performance:neutral;camera:positive,Yes,5,2026-07-09,25
R01327,P03,Orbix M14,Orbix,Smartphone,10999,5,Romba nalla irukku,Sale la vaangunen. Battery backup semma-ya irukku.,Tanglish,positive,battery,battery:positive,Yes,1,2026-07-09,7
R01328,P04,Vanta X7 Pro,Vanta,Smartphone,32999,4,Mixed feelings,"Been using it for two days now. Battery life is really terrible, quite disappointed. Had to charge it twice a day. That said, honestly the charging speed is fantastic for this price. Quick top-ups save me every morning. Wait for a discount before buying.",English,neutral,battery;charging,battery:negative;charging:positive,Yes,16,2026-07-09,44
R01329,P12,Kelto Gamer 16,Kelto,Laptop,72999,3,Average than,"friend recommend pannaan, vaangunen. overall speed paravala, oru alavuku fine.",Tanglish,neutral,performance,performance:neutral,Yes,3,2026-07-09,10
R01330,P03,Orbix M14,Orbix,Smartphone,10999,1,Disappointed,"support team help pannala, waste. return pannalaam nu irukken.",Tanglish,negative,customer_service,customer_service:negative,Yes,0,2026-07-11,9
R01331,P04,Vanta X7 Pro,Vanta,Smartphone,32999,2,Disappointed,"online la vaangunen. price ku ok. aana support team help pannala, waste.",Tanglish,negative,value_for_money;customer_service,value_for_money:neutral;customer_service:negative,Yes,4,2026-07-11,12
R01332,P18,Zyra Band 5,Zyra,Fitness Band,2499,4,Fine for basic use,"The fit is decent but not outstanding. Decent for the price, nothing special.",English,neutral,comfort,comfort:neutral,Yes,0,2026-07-11,13
R01333,P15,Steelo Cookware Set (5 pcs),Steelo,Kitchen,3299,1,Disappointing design,Sadly the overall design is bad. Bulky and takes up too much space. Overpriced for what you get.,English,negative,design;value_for_money,design:negative;value_for_money:negative,Yes,4,2026-07-12,18
R01334,P15,Steelo Cookware Set (5 pcs),Steelo,Kitchen,3299,3,Could be better,"Great value for money at this price. However, the design is poor.",English,neutral,value_for_money;design,value_for_money:positive;design:negative,No,0,2026-07-12,12
R01335,P03,Orbix M14,Orbix,Smartphone,10999,2,Disappointed,"The photo quality is disappointing. However, the performance is decent but not outstanding.",English,negative,camera;performance,camera:negative;performance:neutral,Yes,0,2026-07-14,13
R01336,P15,Steelo Cookware Set (5 pcs),Steelo,Kitchen,3299,4,Good buy,"Build quality is really superb, very happy with it. That said, found cheaper alternatives with better features. That said, ease of cleaning is really excellent, very happy with it. Worth every rupee.",English,positive,build;value_for_money;cleaning,build:positive;value_for_money:negative;cleaning:positive,Yes,11,2026-07-16,32
R01337,P15,Steelo Cookware Set (5 pcs),Steelo,Kitchen,3299,3,Does the job,"Got this during a sale. You get a lot for the money. However, customer srevice was unhelpful and never replied properly. Fine, but there might be better options.",English,neutral,value_for_money;customer_service,value_for_money:positive;customer_service:negative,Yes,3,2026-07-17,28
R01338,P04,Vanta X7 Pro,Vanta,Smartphone,32999,1,Vaanga vendam,camera quality romba mosam. camera focus aaga romba neram edukkudhu. vaanga vendam nu solluven.,Tanglish,negative,camera,camera:negative,Yes,0,2026-07-18,14
R01339,P04,Vanta X7 Pro,Vanta,Smartphone,32999,3,Mixed feelings,"loving the charging, it is impressive. fast charging really works as advertised. but honestly the battery is bad for this price. okay for basic use.",English,neutral,charging;battery,charging:positive;battery:negative,Yes,6,2026-07-20,25
R01340,P17,FitPulse S2 Band,FitPulse,Fitness Band,1999,1,Waste of money,oru maasam use pannitu review podren. wearing comfort avlo nalla illa. aprm tracking avlo nalla illa. steps count thappa kaattudhu.,Tanglish,negative,comfort;tracking,comfort:negative;tracking:negative,Yes,2,2026-07-24,20
R01341,P05,Sonaro BassPro 300,Sonaro,Headphones,1999,5,Super ah irukku,"Delivery fast ah vandhuchu, packing nalla irundhuchu. Fit romba nalla irukku, worth it. Neram fulla pottukittu irundhaalum valikkave illa. Overall worth it, recommend pannalaam.",Tanglish,positive,delivery;comfort,delivery:positive;comfort:positive,Yes,4,2026-07-27,24
R01342,P08,Tunex Neckband Z,Tunex,Headphones,1499,3,Mixed feelings,"The audio quality turned out fantastic. Music sounds rich and detailed at every volume. But the wearing comfort turned out below average. Feels heavy and the strap is uncomfortable. Fine, but there might be better options.",English,neutral,sound;comfort,sound:positive;comfort:negative,Yes,4,2026-07-27,36
R01343,P18,Zyra Band 5,Zyra,Fitness Band,2499,3,Vaangalaam,"Sale la vaangunen. Companion app nalla irukku, no issues. Notifications correct ah varudhu. Adhoda display super ah work aagudhu. Scroll romba smooth ah irukku. Aana battery avlo nalla illa.",Tanglish,positive,app;display;battery,app:positive;display:positive;battery:negative,Yes,14,2026-07-28,29
R01344,P03,Orbix M14,Orbix,Smartphone,10999,3,"Okay, not great","Ordered this as a gift for my brother. The performance turned out excellent. Apps open instantly and multitasking is smooth. However, the camera is disappointing.",English,neutral,performance;camera,performance:positive;camera:negative,Yes,1,2026-07-29,25
R01345,P03,Orbix M14,Orbix,Smartphone,10999,3,Worth the money,"The battery life is okay, nothing special. But the camera turned out fantastic. Low light shots are surprisingly clear. Worth every rupee.",English,positive,battery;camera,battery:neutral;camera:positive,Yes,1,2026-07-29,22
R01346,P04,Vanta X7 Pro,Vanta,Smartphone,32999,3,Super ah irukku,"Gift ku vaangunen, ippo use pannitu irukken. Battery backup super ah work aagudhu. Oru charge la rendu naal odudhu. Aprm camera vera level, price ku nalla irukku. Photos clear ah, colour um nalla varudhu. Aana processing speed konjam problem ah irukku",Tanglish,positive,battery;camera;performance,battery:positive;camera:positive;performance:negative,Yes,0,2026-07-29,41
R01347,P03,Orbix M14,Orbix,Smartphone,10999,2,Poor camera quality,"Sadly the camera is awful. Autofocus keeps hunting and pictures come out blurry. However, battery backup is really great, very happy with it. Barely drops overnight on standby. However, the charging turned out underwhelming. Takes almost three hours to fully charge. Thinking of returning it",English,negative,camera;battery;charging,camera:negative;battery:positive;charging:negative,No,2,2026-07-31,45
R01348,P04,Vanta X7 Pro,Vanta,Smartphone,32999,5,Great product,Been using it for a week now. Honestly the charging speed is very good for this price.,English,positive,charging,charging:positive,Yes,5,2026-07-31,17
R01349,P15,Steelo Cookware Set (5 pcs),Steelo,Kitchen,3299,3,Disappointed,"online la vaangunen. customer care reply-ye panala. aana pa, cleaning vera level, price ku nalla irukku. clean pannradhu romba easy. aana build avlo nalla illa. plastic cheap ah irukku, cracking sound varudhu.",Tanglish,negative,customer_service;cleaning;build,customer_service:negative;cleaning:positive;build:negative,Yes,15,2026-07-31,32
R01350,P03,Orbix M14,Orbix,Smartphone,10999,1,Poor camera quality,Honestly the photo quality is awful for this price. Photos look washed out in low light.,English,negative,camera,camera:negative,No,1,2026-08-01,16
R01351,P11,Vanta Slim 3,Vanta,Laptop,34999,5,Vaangalaam,Performance super ah work aagudhu.,Tanglish,positive,performance,performance:positive,Yes,4,2026-08-01,5
R01352,P15,Steelo Cookware Set (5 pcs),Steelo,Kitchen,3299,3,Okay okay,"price paravala, average than. price ku okay, vera option irundha paarunga.",Tanglish,neutral,value_for_money,value_for_money:neutral,Yes,1,2026-08-01,11
R01353,P15,Steelo Cookware Set (5 pcs),Steelo,Kitchen,3299,2,Poor design,"Been using it for two days now. Sadly the styling is terrible. Bulky and takes up too much space. But the build is okay, nothing special. Would not recommend.",English,negative,design;build,design:negative;build:neutral,Yes,5,2026-08-01,29
R01354,P03,Orbix M14,Orbix,Smartphone,10999,1,Disappointed,The charging speed turned out underwhelming. The fast charging claim feels exaggerated. Expected much better for the price.,English,negative,charging,charging:negative,Yes,4,2026-08-02,18
R01355,P08,Tunex Neckband Z,Tunex,Headphones,1499,5,Semma product,"gift ku vaangunen, ippo use pannitu irukken. wearing comfort semma-ya irukku. adhoda sound nalla irukku, no issues!!",Tanglish,positive,comfort;sound,comfort:positive;sound:positive,Yes,17,2026-08-02,17
R01356,P13,Zyra QuickBlend 500W Mixer Grinder,Zyra,Kitchen,2499,5,Great overall design,"Styling is really excellent, very happy with it. Colour and finish look really stylish. Go for it without a second thought.",English,positive,design,design:positive,Yes,0,2026-08-02,21
R01357,P15,Steelo Cookware Set (5 pcs),Steelo,Kitchen,3299,3,Bad styling,"Got this during a sale. The design turned out frustrating. Looks nice in photos but dated in person. That said, build is fine, does the job.",English,negative,design;build,design:negative;build:neutral,Yes,4,2026-08-02,26
R01358,P03,Orbix M14,Orbix,Smartphone,10999,4,Romba nalla irukku,"online la vaangunen. intha price ku semma product. aana pa, charging avlo nalla illa. anaalum processing speed super ah work aagudhu.",Tanglish,positive,value_for_money;charging;performance,value_for_money:positive;charging:negative;performance:positive,Yes,5,2026-08-03,21
R01359,P03,Orbix M14,Orbix,Smartphone,10999,5,Excellent photo quality,"Loving the photo quality, it is great. Low light shots are surprisingly clear. Plus, delivery was quick and the packaging was neat",English,positive,camera;delivery,camera:positive;delivery:positive,Yes,3,2026-08-03,22
R01360,P12,Kelto Gamer 16,Kelto,Laptop,72999,2,Could be better,"Totally worth the price. However, the performance is disappointing.",English,neutral,value_for_money;performance,value_for_money:positive;performance:negative,Yes,0,2026-08-03,9
R01361,P03,Orbix M14,Orbix,Smartphone,10999,3,Price ku okay,"Gift ku vaangunen, ippo use pannitu irukken. Battery backup disappointing, ethirpaartha alavuku illa. Oru naalaikku rendu thadava charge pannanum. Anaalum intha price ku semma product.",Tanglish,neutral,battery;value_for_money,battery:negative;value_for_money:positive,No,7,2026-08-04,25
R01362,P03,Orbix M14,Orbix,Smartphone,10999,5,Excellent screen quality,"Using it daily for two weeks. Loving the display, it is reliable. Viewing angles are great and text is sharp.",English,positive,display,display:positive,Yes,11,2026-08-04,20
R01363,P04,Vanta X7 Pro,Vanta,Smartphone,32999,5,Highly recommended,"Purchased on a friend's suggestion. Loving the oevrall speed, it is excellent.",English,positive,performance,performance:positive,No,1,2026-08-04,12
R01364,P15,Steelo Cookware Set (5 pcs),Steelo,Kitchen,3299,1,Vaanga vendam,"Friend recommend pannaan, vaangunen. Paisa waste-nu thonudhu. Adhoda build quality konjam problem ah irukku. Plastic cheap ah irukku, cracking sound varudhu. Return pannalaam nu irukken.",Tanglish,negative,value_for_money;build,value_for_money:negative;build:negative,Yes,2,2026-08-04,25
R01365,P15,Steelo Cookware Set (5 pcs),Steelo,Kitchen,3299,3,Average product,"The finish turned out solid. Finish is excellent and it looks durable. But sadly the cleanup is terrible. However, styling is fine, does the job. Okay for basic use.",English,neutral,build;cleaning;design,build:positive;cleaning:negative;design:neutral,No,2,2026-08-04,29
R01366,P15,Steelo Cookware Set (5 pcs),Steelo,Kitchen,3299,3,Could be better,"Using it daily for two weeks. The overall design is disappointing. Bulky and takes up too much space. However, ease of cleaning is really very good, very happy with it. Wait for a discount before buying.",English,neutral,design;cleaning,design:negative;cleaning:positive,Yes,15,2026-08-04,36
R01367,P01,Zyra Nova 5G,Zyra,Smartphone,14999,1,Disappointed,"Bought this six weeks ago. Camera is really terrible, quite disappointed. Autofocus keeps hunting and pictures come out blurry. Sadly the performance is terrible. Hangs randomly and needs a restart. Regret buying this.",English,negative,camera;performance,camera:negative;performance:negative,Yes,9,2026-08-05,33
R01368,P03,Orbix M14,Orbix,Smartphone,10999,3,Fine for basic use,"The camera is excellent. However, the charging speed is below average. Takes almost three hours to fully charge. Decent for the price, nothing special.",English,neutral,camera;charging,camera:positive;charging:negative,Yes,6,2026-08-05,24
R01369,P04,Vanta X7 Pro,Vanta,Smartphone,32999,4,Great battery life,"Purchased on a friend's suggestion. Price is fair, neither cheap nor expensive. However, the battery life turned out reliable. Barely drops overnight on standby. Also, the fast charging turned out fantastic. Charges from 0 to 100 in under an hour. Definitely recommend it.",English,positive,value_for_money;battery;charging,value_for_money:neutral;battery:positive;charging:positive,Yes,1,2026-08-05,43
R01370,P09,Zephyr Air 14,Zephyr,Laptop,54999,3,Value for money,"Using it daily for a week. Build is neither great nor bad. That said, the battery life is solid. Easily lasts a full day with heavy use. Would buy again.",English,positive,build;battery,build:neutral;battery:positive,Yes,1,2026-08-05,30
R01371,P03,Orbix M14,Orbix,Smartphone,10999,5,Great screen quality,"Screen quality is really fantastic, very happy with it. That said, support was okay, nothing special.",English,positive,display;customer_service,display:positive;customer_service:neutral,Yes,2,2026-08-07,16
R01372,P05,Sonaro BassPro 300,Sonaro,Headphones,1999,4,Value for money,Been using it for a week now. The sound quality is superb. Music sounds rich and detailed at every volume. But connectivity is average for this price. Worth every rupee.,English,positive,sound;connectivity,sound:positive;connectivity:neutral,No,3,2026-08-07,30
R01373,P15,Steelo Cookware Set (5 pcs),Steelo,Kitchen,3299,3,Decent for the price,"Ease of cleaning is fine, does the job. Fine, but there might be better options",English,neutral,cleaning,cleaning:neutral,Yes,3,2026-08-07,15
R01374,P17,FitPulse S2 Band,FitPulse,Fitness Band,1999,1,Do not buy,Not worth the price at all.,English,negative,value_for_money,value_for_money:negative,Yes,0,2026-08-07,6
R01375,P03,Orbix M14,Orbix,Smartphone,10999,3,Semma product,"Fast charging avlo nalla illa. Full charge aaga moonu mani neram aagudhu. Anaalum battery vera level, price ku nalla irukku. Oru charge la rendu naal odudhu. Adhoda price ku romba worth. Overall worth it, recommend pannalaam.",Tanglish,positive,charging;battery;value_for_money,charging:negative;battery:positive;value_for_money:positive,Yes,2,2026-08-08,36
R01376,P10,Orbix ProBook 15,Orbix,Laptop,45999,3,Average than,"Display disappointing, ethirpaartha alavuku illa. Veyilla screen paakave mudiyala. Anaalum build quality romba nalla irukku, worth it. Body romba durable ah theriyudhu. Discount la vaangina worth.",Tanglish,neutral,display;build,display:negative;build:positive,Yes,1,2026-08-09,26
R01377,P04,Vanta X7 Pro,Vanta,Smartphone,32999,2,Do not buy,"Loving the processing speed, it is very good. That said, the screen turned out poor. Plus, sadly the camera is below average. Save your money.",English,negative,performance;display;camera,performance:positive;display:negative;camera:negative,Yes,3,2026-08-10,25
R01378,P17,FitPulse S2 Band,FitPulse,Fitness Band,1999,3,Fine for basic use,"Loving the app, it is great. But honestly the step tracking is underwhelming for this price. Wait for a discount before buying.",English,neutral,app;tracking,app:positive;tracking:negative,Yes,5,2026-08-10,22
R01379,P03,Orbix M14,Orbix,Smartphone,10999,5,Great display,"Bought this two days ago. Screen quality is really excellent, very happy with it. Scrolling feels buttery smooth.",English,positive,display,display:positive,No,7,2026-08-11,18
R01380,P03,Orbix M14,Orbix,Smartphone,10999,2,Expected better,"Overpriced for what you get. That said, honestly the performance is solid for this price. However, charging is really below average, quite disappointed.",English,negative,value_for_money;performance;charging,value_for_money:negative;performance:positive;charging:negative,Yes,12,2026-08-12,23
R01381,P15,Steelo Cookware Set (5 pcs),Steelo,Kitchen,3299,3,"Okay, not great","Ordered this as a gift for my brother. The finish turned out great. However, sadly the design is poor. The handle design is awkward. Wait for a discount before buying.",English,neutral,build;design,build:positive;design:negative,Yes,0,2026-08-12,30
R01382,P19,Vanta Watch Active,Vanta,Fitness Band,4999,5,Happy with this,"Honestly the comfort is solid for this price. Light enough to wear for hours without any pain. Loving the app, it is superb. Easy to set goals and view weekly reports.",English,positive,comfort;app,comfort:positive;app:positive,Yes,18,2026-08-12,31
R01383,P03,Orbix M14,Orbix,Smartphone,10999,1,Disappointed,"Gift ku vaangunen, ippo use pannitu irukken. Delivery romba late ah vandhuchu. Vaanga vendam nu solluven.",Tanglish,negative,delivery,delivery:negative,Yes,1,2026-08-13,16
R01384,P03,Orbix M14,Orbix,Smartphone,10999,1,Ethirpaartha alavuku illa,"Sale la vaangunen. Intha price ku worth illa, overpriced. Paisa waste. 😡",Tanglish,negative,value_for_money,value_for_money:negative,Yes,8,2026-08-14,12
R01385,P03,Orbix M14,Orbix,Smartphone,10999,1,Paisa waste,"fast charging disappointing, ethirpaartha alavuku illa. charge pannumbodhu romba heat aagudhu. return pannalaam nu irukken.",Tanglish,negative,charging,charging:negative,Yes,1,2026-08-14,15
R01386,P06,Aerobeat Buds Air,Aerobeat,Headphones,2999,5,Vaangalaam,"Fit nalla irukku, no issues. Romba light ah, fit um nalla irukku. Battery backup super ah work aagudhu. Oru charge la rendu naal odudhu. Confirm ah vaangalaam.",Tanglish,positive,comfort;battery,comfort:positive;battery:positive,Yes,2,2026-08-15,27
R01387,P03,Orbix M14,Orbix,Smartphone,10999,5,Good buy,Been using it for a week now. The camera is amazing.,English,positive,camera,camera:positive,Yes,2,2026-08-16,11
R01388,P14,Aerochef AirFry 4L Air Fryer,Aerochef,Kitchen,5499,5,Happy with this,Upgraded from my old one. You get a lot for the money,English,positive,value_for_money,value_for_money:positive,Yes,1,2026-08-16,12
R01389,P15,Steelo Cookware Set (5 pcs),Steelo,Kitchen,3299,3,Okay okay,"Gift ku vaangunen, ippo use pannitu irukken. Customer care okay than.",Tanglish,neutral,customer_service,customer_service:neutral,Yes,3,2026-08-16,11
R01390,P08,Tunex Neckband Z,Tunex,Headphones,1499,3,"Okay, not great","Honestly the battery life is great for this price. One charge gets me through two days of normal use. That said, the connectivity is bad. Audio lags behind video. Decent for the price, nothing special.",English,neutral,battery;connectivity,battery:positive;connectivity:negative,Yes,1,2026-08-17,35
R01391,P15,Steelo Cookware Set (5 pcs),Steelo,Kitchen,3299,5,Great build,"Finish is really excellent, very happy with it. Feels sturdy and premium in hand. Also, honestly the design is very good for this price. Looks elegant and fits well in my kitchen. Would buy again.",English,positive,build;design,build:positive;design:positive,No,7,2026-08-17,35
R01392,P15,Steelo Cookware Set (5 pcs),Steelo,Kitchen,3299,3,"Okay, not great","Been using it for a week now. Cleanup is really reliable, very happy with it. Parts are easy to wipe down and wash. However, the build quality is okay, nothing special. But honestly the design is below average for this price. The handle design is awkward.",English,neutral,cleaning;build;design,cleaning:positive;build:neutral;design:negative,Yes,11,2026-08-17,46
R01393,P03,Orbix M14,Orbix,Smartphone,10999,3,Worth the money,"Purchased on a friend's suggestion. Customer support resolved my query the same day. Also, honestly the battery backup is excellent for this price.",English,positive,customer_service;battery,customer_service:positive;battery:positive,Yes,3,2026-08-19,23
R01394,P03,Orbix M14,Orbix,Smartphone,10999,4,Very satisfied,"Charging is really underwhelming, quite disappointed. But screen is really solid, very happy with it. Arrived a day early and well packed.",English,positive,charging;display;delivery,charging:negative;display:positive;delivery:positive,Yes,0,2026-08-19,22
R01395,P05,Sonaro BassPro 300,Sonaro,Headphones,1999,3,Paravala,"Friend recommend pannaan, vaangunen. Wearing comfort normal ah irukku, special ah onnum illa. Aana bluetooth connectivity romba nalla irukku, worth it. Anaalum battery life romba mosam. Evening aagumbodhe charge theerndhu poiduthu.",Tanglish,neutral,comfort;connectivity;battery,comfort:neutral;connectivity:positive;battery:negative,Yes,5,2026-08-19,31
R01396,P17,FitPulse S2 Band,FitPulse,Fitness Band,1999,1,Regret buying,"Purchased on a friend's suggestion. The fit is awful. Feels heavy and the strap is uncomfortable. Plus, tracking is really terrible, quite disappointed. Heart rate readings jump aruond randomly. Plus, the app is bad.",English,negative,comfort;tracking;app,comfort:negative;tracking:negative;app:negative,Yes,11,2026-08-19,34
R01397,P17,FitPulse S2 Band,FitPulse,Fitness Band,1999,2,Waste of money,"Online la vaangunen. Battery romba nalla irukku, worth it. Aana screen konjam problem ah irukku. Veyilla screen paakave mudiyala. Aprm tracking accuracy konjam problem ah irukku.",Tanglish,negative,battery;display;tracking,battery:positive;display:negative;tracking:negative,Yes,6,2026-08-19,26
R01398,P15,Steelo Cookware Set (5 pcs),Steelo,Kitchen,3299,5,Great product,"Upgraded from my old one. Delivery was quick and the packaging was neat. Plus, loving the build quality, it is solid. Overall very happy with the purchase.",English,positive,delivery;build,delivery:positive;build:positive,Yes,4,2026-08-20,27
R01399,P15,Steelo Cookware Set (5 pcs),Steelo,Kitchen,3299,4,Kaasu ku worth,"Cleanup nalla irukku, no issues. Aprm finish nalla irukku, no issues. Aana pa, intha price ku worth illa, overpriced. Romba santhosham.",Tanglish,positive,cleaning;build;value_for_money,cleaning:positive;build:positive;value_for_money:negative,Yes,7,2026-08-20,21
R01400,P03,Orbix M14,Orbix,Smartphone,10999,5,Vaangalaam,"Sale la vaangunen. Battery nalla irukku, no issues. Oru charge la rendu naal odudhu. Aprm display vera level, price ku nalla irukku. Screen bright ah irukku, colours vivid ah theriyudhu.",Tanglish,positive,battery;display,battery:positive;display:positive,Yes,6,2026-08-21,30
R01401,P03,Orbix M14,Orbix,Smartphone,10999,5,Romba nalla irukku,moonu maasam use pannitu review podren. intha price ku semma product. romba santhosham.,Tanglish,positive,value_for_money,value_for_money:positive,Yes,4,2026-08-21,13
R01402,P03,Orbix M14,Orbix,Smartphone,10999,5,Romba nalla irukku,"Sale la vaangunen. Camera vera level, price ku nalla irukku. Photos clear ah, colour um nalla varudhu. Romba santhosham.",Tanglish,positive,camera,camera:positive,No,7,2026-08-21,19
R01403,P04,Vanta X7 Pro,Vanta,Smartphone,32999,5,Good buy,"Been using it for two weeks now. The processing speed is fantastic. Apps open instantly and multitasking is smooth. Plus, honestly the photo quality is excellent for this price. Low light shots are surprisingly clear. Worth every rupee.",English,positive,performance;camera,performance:positive;camera:positive,Yes,1,2026-08-21,38
R01404,P09,Zephyr Air 14,Zephyr,Laptop,54999,5,Romba nalla irukku,"friend recommend pannaan, vaangunen. kaasu ku ettha value. overall worth it, recommend pannalaam.",Tanglish,positive,value_for_money,value_for_money:positive,No,4,2026-08-21,13
R01405,P15,Steelo Cookware Set (5 pcs),Steelo,Kitchen,3299,2,"Okay, not great",The ease of cleaning is decent but not outstanding.,English,neutral,cleaning,cleaning:neutral,Yes,2,2026-08-21,9
R01406,P03,Orbix M14,Orbix,Smartphone,10999,1,Ethirpaartha alavuku illa,"fast charging waste, expect pannadhu kedaikala. full charge aaga moonu mani neram aagudhu. return pannalaam nu irukken",Tanglish,negative,charging,charging:negative,Yes,9,2026-08-22,17
R01407,P04,Vanta X7 Pro,Vanta,Smartphone,32999,4,Superb overall speed,"Purchased on a friend's suggestion. Honestly the overall speed is solid for this price. Apps open instantly and multitasking is smooth. That said, the camera quality is decent but not outstanding. However, the charging turned out reliable. Quick top-ups save me every morning.",English,positive,performance;camera;charging,performance:positive;camera:neutral;charging:positive,No,12,2026-08-22,43
R01408,P04,Vanta X7 Pro,Vanta,Smartphone,32999,3,Okay okay,"Gift ku vaangunen, ippo use pannitu irukken. Fast charging nalla irukku, no issues. Aana photo quality waste, expect pannadhu kedaikala. Low light la photo blur ah varudhu",Tanglish,neutral,charging;camera,charging:positive;camera:negative,Yes,3,2026-08-23,27
R01409,P05,Sonaro BassPro 300,Sonaro,Headphones,1999,5,Highly recommended,"Audio quality is really superb, very happy with it. Music sounds rich and detailed at every volume. Also, great value for money at this price.",English,positive,sound;value_for_money,sound:positive;value_for_money:positive,Yes,9,2026-08-23,25
R01410,P05,Sonaro BassPro 300,Sonaro,Headphones,1999,3,Price ku okay,"Sound quality super ah work aagudhu. Aana pa, wearing comfort waste, expect pannadhu kedaikala.",Tanglish,neutral,sound;comfort,sound:positive;comfort:negative,Yes,4,2026-08-23,14
R01411,P17,FitPulse S2 Band,FitPulse,Fitness Band,1999,1,Not worth it,"Ordered this as a gift for my brother. Comfort is really disappointing, quite disappointed. Feels heavy and the strap is uncomfortable. Would not recommend.",English,negative,comfort,comfort:negative,Yes,5,2026-08-23,24
R01412,P03,Orbix M14,Orbix,Smartphone,10999,4,Value for money,"Bought this two days ago. The performance turned out superb. Apps open instantly and multitasking is smooth. Also, totally worth the price. But the charging speed turned out underwhelming. Takes almost three hours to fully charge.",English,positive,performance;value_for_money;charging,performance:positive;value_for_money:positive;charging:negative,Yes,3,2026-08-24,36
R01413,P04,Vanta X7 Pro,Vanta,Smartphone,32999,5,Romba nalla irukku,"Friend recommend pannaan, vaangunen. Screen okay okay, average than. Anaalum fast charging semma-ya irukku. Aprm battery super ah work aagudhu. Oru full day thaanga romba easy ah irukku. Overall worth it, recommend pannalaam.",Tanglish,positive,display;charging;battery,display:neutral;charging:positive;battery:positive,Yes,2,2026-08-24,33
R01414,P05,Sonaro BassPro 300,Sonaro,Headphones,1999,3,"Okay, not great","Battery backup is really terrible, quite disappointed. Had to charge it twice a day. That said, loving the fit, it is excellent. Forgot I was wearing it during a long workout",English,neutral,battery;comfort,battery:negative;comfort:positive,Yes,3,2026-08-24,31
R01415,P17,FitPulse S2 Band,FitPulse,Fitness Band,1999,5,Worth the money,Honestly the app is reliable for this price. The step tracking turned out excellent. Step count matches my phone almost exactly. Go for it without a second thought.,English,positive,app;tracking,app:positive;tracking:positive,Yes,15,2026-08-24,28
R01416,P17,FitPulse S2 Band,FitPulse,Fitness Band,1999,3,Worth it bro,App semma-ya irukku. Aana delivery normal time la vandhuchu. Confirm ah vaangalaam.,Tanglish,positive,app;delivery,app:positive;delivery:neutral,Yes,4,2026-08-24,12
R01417,P03,Orbix M14,Orbix,Smartphone,10999,5,Great product,"Screen is raelly amazing, very happy with it. Viewing angles are great and text is sharp!!",English,positive,display,display:positive,Yes,0,2026-08-25,16
R01418,P04,Vanta X7 Pro,Vanta,Smartphone,32999,1,Waste of money,"screen waste, expect pannadhu kedaikala. adhoda battery life waste, expect pannadhu kedaikala. evening aagumbodhe charge theerndhu poiduthu. return pannalaam nu irukken.",Tanglish,negative,display;battery,display:negative;battery:negative,Yes,3,2026-08-25,21
R01419,P04,Vanta X7 Pro,Vanta,Smartphone,32999,4,Semma product,"Support team romba helpful. Anaalum price paravala, average than. Overall worth it, recommend pannalaam.",Tanglish,positive,customer_service;value_for_money,customer_service:positive;value_for_money:neutral,Yes,3,2026-08-26,14
R01420,P17,FitPulse S2 Band,FitPulse,Fitness Band,1999,5,Vaangalaam,"sale la vaangunen. intha price ku semma product. overall worth it, recommend pannalaam.",Tanglish,positive,value_for_money,value_for_money:positive,Yes,1,2026-08-27,13
R01421,P04,Vanta X7 Pro,Vanta,Smartphone,32999,3,Fine for basic use,"Got this during a sale. Honestly the battery is very good for this price. That said, honestly the charging speed is disappointing for this price. The fast charging claim feels exaggerated. Okay for basic use",English,neutral,battery;charging,battery:positive;charging:negative,No,6,2026-08-28,35
R01422,P05,Sonaro BassPro 300,Sonaro,Headphones,1999,1,Disappointed,"Got this during a sale. Sadly the comfort is awful. Feels heavy and the strap is uncomfortable. Plus, the battery life is below average. Battery drops fast even when idle. Expected much better for the price.",English,negative,comfort;battery,comfort:negative;battery:negative,Yes,2,2026-08-28,36
R01423,P15,Steelo Cookware Set (5 pcs),Steelo,Kitchen,3299,3,Paravala,"sale la vaangunen. ease of cleaning semma-ya irukku. aana pa, build quality disappointing, ethirpaartha alavuku illa. price ku okay, vera option irundha paarunga.",Tanglish,neutral,cleaning;build,cleaning:positive;build:negative,Yes,6,2026-08-28,23
R01424,P15,Steelo Cookware Set (5 pcs),Steelo,Kitchen,3299,3,Does the job,"Been using it for six weeks now. The build turned out poor. That said, delivery was quick and the packaging was neat. Fine, but there might be better options.",English,neutral,build;delivery,build:negative;delivery:positive,Yes,5,2026-08-28,29
R01425,P15,Steelo Cookware Set (5 pcs),Steelo,Kitchen,3299,1,Not as expected,Been using it for two days now. Found cheaper alternatives with better features. Expected much better for the price.,English,negative,value_for_money,value_for_money:negative,Yes,2,2026-08-28,19
R01426,P03,Orbix M14,Orbix,Smartphone,10999,2,Poor quality,Been using it for a week now. The charging turned out awful. Takes almost three hours to fully charge. Expected much better for the price.,English,negative,charging,charging:negative,Yes,1,2026-08-29,25
R01427,P03,Orbix M14,Orbix,Smartphone,10999,2,Disappointed,"The camera quality is okay, nothing special. However, the fast charging turned out disappointing",English,negative,camera;charging,camera:neutral;charging:negative,No,0,2026-08-30,14
R01428,P05,Sonaro BassPro 300,Sonaro,Headphones,1999,1,Disappointing battery,The battery life is underwhelming. Had to charge it twice a day,English,negative,battery,battery:negative,Yes,3,2026-08-30,12
R01429,P03,Orbix M14,Orbix,Smartphone,10999,1,Poor camera,The camera turned out awful. Save your money.,English,negative,camera,camera:negative,Yes,3,2026-08-31,8
R01430,P05,Sonaro BassPro 300,Sonaro,Headphones,1999,1,Paisa waste,"fit waste, expect pannadhu kedaikala. oru mani neram la kaadhu valikka aarambichiduthu. aprm battery life waste, expect pannadhu kedaikala. evening aagumbodhe charge theerndhu poiduthu. vaanga vendam nu solluven.",Tanglish,negative,comfort;battery,comfort:negative;battery:negative,Yes,15,2026-08-31,28
R01431,P04,Vanta X7 Pro,Vanta,Smartphone,32999,5,Worth the money,Upgraded from my old one. Delivery was quick and the packaging was neat. Definitely recommend it,English,positive,delivery,delivery:positive,No,1,2026-09-01,16
R01432,P04,Vanta X7 Pro,Vanta,Smartphone,32999,3,Decent for the price,The display is below average. Noticed slgiht backlight bleed near the edges. But the camera quality is amazing. Portrait mode edge detection is very accurate. Okay for basic use.,English,neutral,display;camera,display:negative;camera:positive,No,4,2026-09-01,29
R01433,P08,Tunex Neckband Z,Tunex,Headphones,1499,1,Bad audio quality,"The audio quality is underwhelming. Sounds tinny and flat. Also, the connectivity is frustrating. Audio lags behind video. Regret buying this.",English,negative,sound;connectivity,sound:negative;connectivity:negative,Yes,7,2026-09-01,21
R01434,P15,Steelo Cookware Set (5 pcs),Steelo,Kitchen,3299,4,Excellent build,"The finish turned out solid. Plus, the cleaning turned out solid. Parts are easy to wipe down and wash.",English,positive,build;cleaning,build:positive;cleaning:positive,Yes,0,2026-09-01,19
R01435,P03,Orbix M14,Orbix,Smartphone,10999,3,Decent for the price,The camera is underwhelming. But great value for money at this price. Okay for basic use.,English,neutral,camera;value_for_money,camera:negative;value_for_money:positive,Yes,1,2026-09-02,16
R01436,P03,Orbix M14,Orbix,Smartphone,10999,5,Worth the money,"Got this during a sale. Great value for money at this price. Plus, arrived a day early and well packed. Go for it without a second thought.",English,positive,value_for_money;delivery,value_for_money:positive;delivery:positive,Yes,5,2026-09-03,27
R01437,P03,Orbix M14,Orbix,Smartphone,10999,3,Mixed feelings,"Delivery took the usual time. But customer support resolved my query the same day. But battery is really poor, quite disappointed. Battery drops fast even when idle. Decent for the price, nothing special.",English,neutral,delivery;customer_service;battery,delivery:neutral;customer_service:positive;battery:negative,Yes,3,2026-09-03,33
R01438,P04,Vanta X7 Pro,Vanta,Smartphone,32999,3,Romba nalla irukku,"oru vaaram use pannitu review podren. processing speed nalla irukku, no issues. apps udane open aagudhu, lag ae illa. aana box damage ah vandhuchu. anaalum price ku romba worth.",Tanglish,positive,performance;delivery;value_for_money,performance:positive;delivery:negative;value_for_money:positive,Yes,1,2026-09-03,29
R01439,P05,Sonaro BassPro 300,Sonaro,Headphones,1999,3,Semma product,"Wearing comfort okay okay, average than. Anaalum kaasu ku ettha value. Anaalum delivery normal time la vandhuchu. Overall worth it, recommend pannalaam.",Tanglish,positive,comfort;value_for_money;delivery,comfort:neutral;value_for_money:positive;delivery:neutral,Yes,0,2026-09-04,22
R01440,P05,Sonaro BassPro 300,Sonaro,Headphones,1999,5,Excellent wearing comfort,"The wearing comfort is impressive. Cushions are soft and the fit is secure. But the battery life is decent but not outstanding. However, delivery was quick and the packaging was neat. Go for it without a second thought.",English,positive,comfort;battery;delivery,comfort:positive;battery:neutral;delivery:positive,Yes,3,2026-09-04,38
R01441,P15,Steelo Cookware Set (5 pcs),Steelo,Kitchen,3299,5,Great product,Been using it for five months now. Delivery was quick and the packaging was neat. Overall very happy with the purchase.,English,positive,delivery,delivery:positive,Yes,1,2026-09-04,21
R01442,P15,Steelo Cookware Set (5 pcs),Steelo,Kitchen,3299,1,Paisa waste,"oru vaaram use pannitu review podren. support team help pannala, waste.",Tanglish,negative,customer_service,customer_service:negative,Yes,3,2026-09-04,11
R01443,P15,Steelo Cookware Set (5 pcs),Steelo,Kitchen,3299,1,Disappointed,Ordered this as a gift for my brother. Support kept giving generic replies.,English,negative,customer_service,customer_service:negative,Yes,7,2026-09-04,13
R01444,P15,Steelo Cookware Set (5 pcs),Steelo,Kitchen,3299,3,Superb finish,Bought this five months ago. The build is superb. Solid body with no creaks or flex.,English,positive,build,build:positive,Yes,3,2026-09-05,16
R01445,P15,Steelo Cookware Set (5 pcs),Steelo,Kitchen,3299,3,Average product,"loving the overall design, it is amazing. compact design saves counter space. however, sadly the build is underwhelming. a scratch appeared within the first week. decent for the price, nothing special.",English,neutral,design;build,design:positive;build:negative,Yes,1,2026-09-05,31
R01446,P04,Vanta X7 Pro,Vanta,Smartphone,32999,1,Do not buy,"Loving the fast charging, it is reliable. That said, sadly the camera is terrible. Performance is really poor, quite disappointed. Heats up and slows down after some time. Regret buying this.",English,negative,charging;camera;performance,charging:positive;camera:negative;performance:negative,Yes,4,2026-09-06,31
R01447,P04,Vanta X7 Pro,Vanta,Smartphone,32999,3,Price ku okay,"Sonna naal ku munnadiye vandhuduthu. Aana camera waste, expect pannadhu kedaikala. Basic use ku fine.",Tanglish,neutral,delivery;camera,delivery:positive;camera:negative,No,3,2026-09-06,15
R01448,P04,Vanta X7 Pro,Vanta,Smartphone,32999,5,Kaasu ku worth,"Oru maasam use pannitu review podren. Delivery fast ah vandhuchu, packing nalla irundhuchu.",Tanglish,positive,delivery,delivery:positive,Yes,4,2026-09-06,13
R01449,P08,Tunex Neckband Z,Tunex,Headphones,1499,1,Romba mosam,"friend recommend pannaan, vaangunen. sound quality avlo nalla illa. sound flat ah irukku, feel illa. adhoda bluetooth connectivity romba mosam. call nadulla disconnect aagudhu. idhukku vera product vaangalaam.",Tanglish,negative,sound;connectivity,sound:negative;connectivity:negative,Yes,8,2026-09-06,28
R01450,P03,Orbix M14,Orbix,Smartphone,10999,2,Poor quality,The charging speed is awful.,English,negative,charging,charging:negative,Yes,1,2026-09-09,5
R01451,P15,Steelo Cookware Set (5 pcs),Steelo,Kitchen,3299,2,Waste of money,Using it daily for six weeks. The overall design is bad. Expected much better for the price.,English,negative,design,design:negative,Yes,8,2026-09-09,17
R01452,P03,Orbix M14,Orbix,Smartphone,10999,1,Ethirpaartha alavuku illa,Charging speed konjam problem ah irukku. Full charge aaga moonu mani neram aagudhu. Paisa waste.,Tanglish,negative,charging,charging:negative,Yes,2,2026-09-10,15
R01453,P15,Steelo Cookware Set (5 pcs),Steelo,Kitchen,3299,5,Romba nalla irukku,"Ease of cleaning romba nalla irukku, worth it. Clean pannradhu romba easy. Adhoda price ku romba worth.",Tanglish,positive,cleaning;value_for_money,cleaning:positive;value_for_money:positive,Yes,5,2026-09-10,17
R01454,P15,Steelo Cookware Set (5 pcs),Steelo,Kitchen,3299,2,Do not buy,"Got this during a sale. Design is really below average, quite disappointed. The handle design is awkward. Save your money",English,negative,design,design:negative,Yes,0,2026-09-10,20
R01455,P03,Orbix M14,Orbix,Smartphone,10999,4,Great display,"Packaging was okay. That said, loving the screen quality, it is solid. Colors are vivid and it gets bright enough outdoors.",English,positive,delivery;display,delivery:neutral;display:positive,Yes,0,2026-09-11,21
R01456,P15,Steelo Cookware Set (5 pcs),Steelo,Kitchen,3299,5,Excellent cleanup,"Customer support resolved my query the same day. Ease of cleaning is really great, very happy with it. Non-stick coating cleans up in seconds. Worth every rupee.",English,positive,customer_service;cleaning,customer_service:positive;cleaning:positive,Yes,4,2026-09-11,27
R01457,P17,FitPulse S2 Band,FitPulse,Fitness Band,1999,2,Poor quality,"Honestly the battery backup is terrible for this price. Drains completely by evening. But the screen quality is okay, nothing special. 👎",English,negative,battery;display,battery:negative;display:neutral,Yes,13,2026-09-11,22
R01458,P19,Vanta Watch Active,Vanta,Fitness Band,4999,5,Kaasu ku worth,"Delivery fast ah vandhuchu, packing nalla irundhuchu. Confirm ah vaangalaam!!",Tanglish,positive,delivery,delivery:positive,No,4,2026-09-11,10
R01459,P03,Orbix M14,Orbix,Smartphone,10999,5,Great charging speed,The charging speed turned out excellent. Quick top-ups save me every morning. Overall very happy with the purchase.,English,positive,charging,charging:positive,Yes,0,2026-09-12,18
R01460,P03,Orbix M14,Orbix,Smartphone,10999,1,Not as expected,The charging speed turned out poor. Takes almost three hours to fully charge.,English,negative,charging,charging:negative,No,2,2026-09-12,13
R01461,P04,Vanta X7 Pro,Vanta,Smartphone,32999,2,Poor display,"Honestly the screen is underwhelming for this price. Colors look dull and washed out. That said, charging is average for this price. Would not recommend",English,negative,display;charging,display:negative;charging:neutral,Yes,3,2026-09-12,25
R01462,P05,Sonaro BassPro 300,Sonaro,Headphones,1999,4,Semma product,online la vaangunen. sonna naal ku munnadiye vandhuduthu. romba santhosham.,Tanglish,positive,delivery,delivery:positive,Yes,0,2026-09-12,10
R01463,P13,Zyra QuickBlend 500W Mixer Grinder,Zyra,Kitchen,2499,3,Worth it bro,"build quality vera level, price ku nalla irukku. body romba durable ah theriyudhu. anaalum overall design okay okay, average than. romba santhosham.",Tanglish,positive,build;design,build:positive;design:neutral,Yes,5,2026-09-12,22
R01464,P17,FitPulse S2 Band,FitPulse,Fitness Band,1999,3,Romba nalla irukku,"App connectivity vera level, price ku nalla irukku. Aana pa, display avlo nalla illa. Veyilla screen paakave mudiyala. Aana battery romba nalla irukku, worth it.",Tanglish,positive,app;display;battery,app:positive;display:negative;battery:positive,Yes,3,2026-09-13,25
R01465,P03,Orbix M14,Orbix,Smartphone,10999,1,Vaanga vendam,online la vaangunen. fast charging romba mosam. full charge aaga moonu mani neram aagudhu.,Tanglish,negative,charging,charging:negative,Yes,0,2026-09-14,14
R01466,P04,Vanta X7 Pro,Vanta,Smartphone,32999,4,Romba nalla irukku,"Camera super ah work aagudhu. Aana pa, price paravala, average than. Anaalum performance vera level, price ku nalla irukku. Apps udane open aagudhu, lag ae illa. Kaasu ku worth.",Tanglish,positive,camera;value_for_money;performance,camera:positive;value_for_money:neutral;performance:positive,Yes,1,2026-09-14,29
R01467,P07,Kelto SoundMax ANC,Kelto,Headphones,5999,4,Excellent sound,"The audio quality is great. Bass is punchy without drowning the vocals. But the comfort is decent but not outstanding. However, you get a lot for the money. Definitely recommend it",English,positive,sound;comfort;value_for_money,sound:positive;comfort:neutral;value_for_money:positive,Yes,7,2026-09-14,31
R01468,P03,Orbix M14,Orbix,Smartphone,10999,1,Poor quality,Using it daily for two days. Honestly the battery is bad for this price. Would not recommend.,English,negative,battery,battery:negative,No,3,2026-09-15,17
R01469,P05,Sonaro BassPro 300,Sonaro,Headphones,1999,5,Kaasu ku worth,"rendu naal use pannitu review podren. sound okay okay, average than. anaalum pairing nalla irukku, no issues. udane pair aagudhu, connection drop aagave illa.",Tanglish,positive,sound;connectivity,sound:neutral;connectivity:positive,No,0,2026-09-15,24
R01470,P05,Sonaro BassPro 300,Sonaro,Headphones,1999,4,Super ah irukku,"connectivity normal ah irukku, special ah onnum illa. aana pa, battery semma-ya irukku. oru full day thaanga romba easy ah irukku. romba santhosham.",Tanglish,positive,connectivity;battery,connectivity:neutral;battery:positive,Yes,2,2026-09-15,23
R01471,P10,Orbix ProBook 15,Orbix,Laptop,45999,3,Fine for basic use,Got this during a sale. Build is neither great nor bad. Delivery took the usual time.,English,neutral,build;delivery,build:neutral;delivery:neutral,No,5,2026-09-15,16
R01472,P03,Orbix M14,Orbix,Smartphone,10999,3,Fine for basic use,"Ordered this as a gift for my brother. The charging is poor. However, great value for money at this price. Decent for the price, nothing special.",English,neutral,charging;value_for_money,charging:negative;value_for_money:positive,Yes,0,2026-09-16,26
R01473,P05,Sonaro BassPro 300,Sonaro,Headphones,1999,1,Expected better,"Got this during a sale. Sadly the battery backup is underwhelming. Had to charge it twice a day. Also, the fit turned out disappointing.",English,negative,battery;comfort,battery:negative;comfort:negative,No,3,2026-09-16,24
R01474,P15,Steelo Cookware Set (5 pcs),Steelo,Kitchen,3299,5,Great finish,"Upgraded from my old one. Totally worth the price. Loving the build quality, it is solid. Definitely recommend it.",English,positive,value_for_money;build,value_for_money:positive;build:positive,Yes,2,2026-09-16,19
R01475,P03,Orbix M14,Orbix,Smartphone,10999,5,Semma product,"Photo quality super ah work aagudhu. Screen nalla irukku, no issues. Overall worth it, recommend pannalaam.",Tanglish,positive,camera;display,camera:positive;display:positive,Yes,6,2026-09-17,16
R01476,P04,Vanta X7 Pro,Vanta,Smartphone,32999,5,Worth the money,"Honestly the battery life is impressive for this price. Barely drops overnight on standby. Plus, the fast charging turned out very good. Fast charging really works as advertised.",English,positive,battery;charging,battery:positive;charging:positive,Yes,0,2026-09-17,28
R01477,P14,Aerochef AirFry 4L Air Fryer,Aerochef,Kitchen,5499,1,Bad power output,Honestly the power is disappointing for this price,English,negative,power,power:negative,Yes,5,2026-09-17,8
R01478,P17,FitPulse S2 Band,FitPulse,Fitness Band,1999,4,Price ku okay,"Screen quality avlo nalla illa. Colour dull ah theriyudhu. Aana pa, tracking accuracy nalla irukku, no issues",Tanglish,neutral,display;tracking,display:negative;tracking:positive,No,6,2026-09-17,17
R01479,P04,Vanta X7 Pro,Vanta,Smartphone,32999,1,Do not buy,"Camera is really terrible, quite disappointed. Would not recommend.",English,negative,camera,camera:negative,No,2,2026-09-18,9
R01480,P05,Sonaro BassPro 300,Sonaro,Headphones,1999,2,Paisa waste,"Sale la vaangunen. Connectivity disappointing, ethirpaartha alavuku illa. Call nadulla disconnect aagudhu. Anaalum delivery fast ah vandhuchu, packing nalla irundhuchu. Aana pa, support team help pannala, waste. Idhukku vera product vaangalaam.",Tanglish,negative,connectivity;delivery;customer_service,connectivity:negative;delivery:positive;customer_service:negative,Yes,2,2026-09-18,31
R01481,P04,Vanta X7 Pro,Vanta,Smartphone,32999,3,Average product,Overpriced for what you get. But the battery backup is solid. Barely drops overnight on standby. But photo quality is neither great nor bad.,English,neutral,value_for_money;battery;camera,value_for_money:negative;battery:positive;camera:neutral,Yes,4,2026-09-19,24
R01482,P03,Orbix M14,Orbix,Smartphone,10999,5,Worth it bro,Battery backup super ah work aagudhu. Oru charge la rendu naal odudhu. Romba santhosham.,Tanglish,positive,battery,battery:positive,No,4,2026-09-21,14
R01483,P03,Orbix M14,Orbix,Smartphone,10999,4,Fine for basic use,"Purchased on a friend's suggestion. Overall speed is fine, does the job. Priced about right for what it offers. Fine, but there might be better options.",English,neutral,performance;value_for_money,performance:neutral;value_for_money:neutral,Yes,1,2026-09-21,26
R01484,P05,Sonaro BassPro 300,Sonaro,Headphones,1999,1,Paisa waste,"Bluetooth connectivity disappointing, ethirpaartha alavuku illa.",Tanglish,negative,connectivity,connectivity:negative,Yes,0,2026-09-21,6
R01485,P05,Sonaro BassPro 300,Sonaro,Headphones,1999,1,Romba mosam,"Sale la vaangunen. Battery okay okay, average than. Anaalum intha price ku worth illa, overpriced. Vaanga vendam nu solluven.",Tanglish,negative,battery;value_for_money,battery:neutral;value_for_money:negative,Yes,3,2026-09-21,19
R01486,P05,Sonaro BassPro 300,Sonaro,Headphones,1999,4,Excellent bluetooth connectivity,"support kept giving generic replies. however, delivery was quick and the packaging was neat. plus, loving the bluetooth connectivity, it is great.",English,positive,customer_service;delivery;connectivity,customer_service:negative;delivery:positive;connectivity:positive,Yes,15,2026-09-21,22
R01487,P15,Steelo Cookware Set (5 pcs),Steelo,Kitchen,3299,5,Excellent build quality,"Loving the finish, it is solid. Solid body with no creaks or flex",English,positive,build,build:positive,Yes,6,2026-09-21,13
R01488,P15,Steelo Cookware Set (5 pcs),Steelo,Kitchen,3299,4,Great cleanup,"The cleanup is impressive. But the design turned out disappointing. Bulky and takes up too much space. However, build quality is really reliable, very happy with it.",English,positive,cleaning;design;build,cleaning:positive;design:negative;build:positive,Yes,3,2026-09-21,27
R01489,P03,Orbix M14,Orbix,Smartphone,10999,3,Disappointing battery backup,"Honestly the battery life is below average for this price. Had to charge it twice a day. However, camera is neither great nor bad. Save your money. 😡",English,negative,battery;camera,battery:negative;camera:neutral,Yes,7,2026-09-23,28
R01490,P04,Vanta X7 Pro,Vanta,Smartphone,32999,5,Worth it bro,Sale la vaangunen. Intha price ku semma product.,Tanglish,positive,value_for_money,value_for_money:positive,Yes,2,2026-09-23,8
R01491,P04,Vanta X7 Pro,Vanta,Smartphone,32999,5,Romba nalla irukku,"Friend recommend pannaan, vaangunen. Display nalla irukku, no issues. Battery life romba nalla irukku, worth it. Oru charge la rendu naal odudhu. Confirm ah vaangalaam.",Tanglish,positive,display;battery,display:positive;battery:positive,Yes,5,2026-09-23,25
R01492,P18,Zyra Band 5,Zyra,Fitness Band,2499,4,Good buy,"Been using it for two days now. Loving the step tracking, it is superb. Worth every rupee.",English,positive,tracking,tracking:positive,Yes,0,2026-09-23,17
R01493,P15,Steelo Cookware Set (5 pcs),Steelo,Kitchen,3299,1,Expected better,Not worth the price at all. Expected much better for the price.,English,negative,value_for_money,value_for_money:negative,Yes,1,2026-09-24,12
R01494,P05,Sonaro BassPro 300,Sonaro,Headphones,1999,2,Poor pairing,"Purchased on a friend's suggestion. Bluetooth connectivity is really terrible, quite disappointed. Disconnects randomly in the middle of calls. Found cheaper alternatives with better features. However, loving the comfort, it is reliable.",English,negative,connectivity;value_for_money;comfort,connectivity:negative;value_for_money:negative;comfort:positive,Yes,3,2026-09-25,32
R01495,P12,Kelto Gamer 16,Kelto,Laptop,72999,3,Okay okay,"Keyboard and trackpad okay okay, average than.",Tanglish,neutral,keyboard,keyboard:neutral,Yes,4,2026-09-25,7
R01496,P13,Zyra QuickBlend 500W Mixer Grinder,Zyra,Kitchen,2499,1,Disappointing noise level,"Bought this five months ago. Operating noise is really below average, quite disappointed. Thinking of returning it.",English,negative,noise,noise:negative,Yes,2,2026-09-25,17
R01497,P03,Orbix M14,Orbix,Smartphone,10999,3,Decent for the price,"Battery is fine, does the job. Decent for the price, nothing special.",English,neutral,battery,battery:neutral,Yes,4,2026-09-26,12
R01498,P15,Steelo Cookware Set (5 pcs),Steelo,Kitchen,3299,3,Does the job,"Bought this a month ago. Loving the finish, it is impressive. Feels sturdy and premium in hand. However, the design turned out disappointing. The handle design is awkward. Okay for basic use.",English,neutral,build;design,build:positive;design:negative,Yes,4,2026-09-26,32
R01499,P03,Orbix M14,Orbix,Smartphone,10999,2,Waste of money,Battery backup konjam problem ah irukku. Oru naalaikku rendu thadava charge pannanum. Aprm display konjam problem ah irukku. Veyilla screen paakave mudiyala. Vaanga vendam nu solluven.,Tanglish,negative,battery;display,battery:negative;display:negative,Yes,8,2026-09-27,26
R01500,P15,Steelo Cookware Set (5 pcs),Steelo,Kitchen,3299,3,Average than,"Design paravala, oru alavuku fine",Tanglish,neutral,design,design:neutral,Yes,3,2026-09-27,5
